pmuid,changedate,siteid,slxcentrooper,assetnum,location,pmdesc,worktype,status,jpnum,jpdesc,jptask,jptaskdesc,pmnum
27062,2025-12-19T21:42:14.896Z,PLANTA,,,,MP TMAT Lubricación Zona Planta de Aceite Prod. (6M),MP,ACTIVE,LUBRI.PLANTA.ZONA.09,LUBRI.PROD.PLANTA.ZONA09.6M,10,Lubricación Planta Zona 09,400000000853
24629,2025-12-19T12:38:04.483Z,PLANTA,TCHI,300006940,TCHI0205-0105,TCHI SepLimp#2 Westfalia CC 458 (XXXX H),MP,ACTIVE,SEP-CC458-1250,TCHI SepXXX#X Westfalia CC 458 (1250 H),10,TCHI SepXXX#X Westfalia CC 458 (1250 H),200000006791
24629,2025-12-19T12:38:04.483Z,PLANTA,TCHI,300006940,TCHI0205-0105,TCHI SepLimp#2 Westfalia CC 458 (XXXX H),MP,ACTIVE,SEP-CC458-2500,TCHI SepXXX#X Westfalia CC 458 (INTERMEDIO),10,TCHI SepXXX#X Westfalia CC 458 (INTERMEDIO),200000006791
24629,2025-12-19T12:38:04.483Z,PLANTA,TCHI,300006940,TCHI0205-0105,TCHI SepLimp#2 Westfalia CC 458 (XXXX H),MP,ACTIVE,SEP-CC458-5000,TCHI SepXXX#X Westfalia CC 458 (MAYOR),10,TCHI SepXXX#X Westfalia CC 458 (MAYOR),200000006791
24629,2025-12-19T12:38:04.483Z,PLANTA,TCHI,300006940,TCHI0205-0105,TCHI SepLimp#2 Westfalia CC 458 (XXXX H),MP,ACTIVE,SEP-CC458-15000,TCHI SepXXX#X Westfalia CC 458 (MAYOR+CAJA),10,TCHI SepXXX#X Westfalia CC 458 (MAYOR+CAJA),200000006791
31656,2025-12-19T12:26:50.336Z,PLANTA,TCHI,300006423,TCHI0205-0104,TCHI SepLimp#1 Westfalia CA 458 (XXXX H),MP,ACTIVE,TSAMSS2CA458-1250,TSAM SepSol#2 Westfalia CA 458 (1250 H),10,TSAM SepSol#2 Westfalia CA 458 (1250 H),400000005858
31656,2025-12-19T12:26:50.336Z,PLANTA,TCHI,300006423,TCHI0205-0104,TCHI SepLimp#1 Westfalia CA 458 (XXXX H),MP,ACTIVE,TSAMSS2CA458-2500,TSAM SepSol#2 Westfalia CA 458 (INTERMEDIO),10,TSAM SepSol#2 Westfalia CA 458 (INTERM.),400000005858
31656,2025-12-19T12:26:50.336Z,PLANTA,TCHI,300006423,TCHI0205-0104,TCHI SepLimp#1 Westfalia CA 458 (XXXX H),MP,ACTIVE,TSAMSS2CA458-5000,TSAM SepSol#2 Westfalia CA 458 (MAYOR),10,TSAM SepSol#2 Westfalia CA 458 (MAYOR),400000005858
31656,2025-12-19T12:26:50.336Z,PLANTA,TCHI,300006423,TCHI0205-0104,TCHI SepLimp#1 Westfalia CA 458 (XXXX H),MP,ACTIVE,TSAMSS2CA458-15000,TSAM SepSol#2 Westfalia CA 458 (MAYOR+CAJA),10,TSAM SepSol#2 Westfalia CA 458 (MAYOR+CAJA),400000005858
43251,2025-12-19T12:22:58.303Z,PESCA,P059,300011218,TF05059-01,P059_PM_Caldereria casco panga,MP,ACTIVE,FSPANCAL19125,TXXXPA_PM_Caldereria casco,10,TXXXPA_PM_Caldereria casco,400000009018
43244,2025-12-19T12:21:19.383Z,PESCA,P059,300011218,TF05059-01,P059_PM_Caldereria casco panga,MP,ACTIVE,FSPANCAL19125,TXXXPA_PM_Caldereria casco,10,TXXXPA_PM_Caldereria casco,400000009011
43250,2025-12-19T12:16:34.666Z,PESCA,P058,300012750,TF0558-01,P058_PM_Caldereria casco panga,MP,ACTIVE,FSPANCAL19125,TXXXPA_PM_Caldereria casco,10,TXXXPA_PM_Caldereria casco,400000009017
43249,2025-12-19T12:14:16.270Z,PESCA,P057,300011032,TF05057-01,P057_PM_Caldereria casco panga,MP,ACTIVE,FSPANCAL19125,TXXXPA_PM_Caldereria casco,10,TXXXPA_PM_Caldereria casco,400000009016
43248,2025-12-19T12:13:02.300Z,PESCA,P052,300001521,TF0552-01,P052_PM_Caldereria casco panga,MP,ACTIVE,FSPANCAL19125,TXXXPA_PM_Caldereria casco,10,TXXXPA_PM_Caldereria casco,400000009015
43247,2025-12-19T12:11:53.220Z,PESCA,P414,300011808,TF05414-01,P414_PM_Caldereria casco panga,MP,ACTIVE,FSPANCAL19125,TXXXPA_PM_Caldereria casco,10,TXXXPA_PM_Caldereria casco,400000009014
26109,2025-12-19T12:11:11.580Z,PLANTA,TCHI,300023024,TCHI0103-1706,TCHI SepAmb#3 Flottweg Z73 (XXXX H),MP,ACTIVE,SEPAMB-Z73-1000,TXXX SepAmb#X Flottweg Z73 (1000 H),10,TXXX SepAmb#X Flottweg Z73 (1000 H),200000013891
26109,2025-12-19T12:11:11.580Z,PLANTA,TCHI,300023024,TCHI0103-1706,TCHI SepAmb#3 Flottweg Z73 (XXXX H),MP,ACTIVE,SEPAMB-Z73-3000,TXXX SepAmb#X Flottweg Z73 (INTERMEDIO),10,TXXX SepAmb#X Flottweg Z73 (INTERMEDIO),200000013891
26109,2025-12-19T12:11:11.580Z,PLANTA,TCHI,300023024,TCHI0103-1706,TCHI SepAmb#3 Flottweg Z73 (XXXX H),MP,ACTIVE,SEPAMB-Z73-6000,TXXX SepAmb#X Flottweg Z73 (MAYOR),10,TXXX SepAmb#X Flottweg Z73 (MAYOR),200000013891
24612,2025-12-19T12:08:35.693Z,PLANTA,TCHI,300025074,TCHI0103-1702,TCHI SepAmb#2 Flottweg Z4E (XXXX H),MP,ACTIVE,SEPAMB-Z4E-1000,TXXX SepAmb#2 Flottweg Z4E (1000 H),10,TXXX SepAmb#2 Flottweg Z4E (1000 H),200000018897
24612,2025-12-19T12:08:35.693Z,PLANTA,TCHI,300025074,TCHI0103-1702,TCHI SepAmb#2 Flottweg Z4E (XXXX H),MP,ACTIVE,SEPAMB-Z4E-3000,TXXX SepAmb#2 Flottweg Z4E (INTERMEDIO),10,TXXX SepAmb#2 Flottweg Z4E (INTERMEDIO),200000018897
24612,2025-12-19T12:08:35.693Z,PLANTA,TCHI,300025074,TCHI0103-1702,TCHI SepAmb#2 Flottweg Z4E (XXXX H),MP,ACTIVE,SEPAMB-Z4E-6000,TXXX SepAmb#2 Flottweg Z4E (MAYOR),10,TXXX SepAmb#2 Flottweg Z4E (MAYOR),200000018897
43246,2025-12-19T12:08:32.906Z,PESCA,P023,300002156,TF0523-01,P023_PM_Caldereria casco panga,MP,ACTIVE,FSPANCAL19125,TXXXPA_PM_Caldereria casco,10,TXXXPA_PM_Caldereria casco,400000009013
43245,2025-12-19T12:07:24.016Z,PESCA,P022,300002024,TF0522-01,P022_PM_Caldereria casco panga,MP,ACTIVE,FSPANCAL19125,TXXXPA_PM_Caldereria casco,10,TXXXPA_PM_Caldereria casco,400000009012
24617,2025-12-19T11:59:21.546Z,PLANTA,TCHI,300023025,TCHI0103-1701,TCHI SepAmb#1 Flottweg Z73 (XXXX H),MP,ACTIVE,SEPAMB-Z73(AA)-1000,TCHI SepAmb#1 Flottweg Z73 (1000 H),10,TCHI SepAmb#1 Flottweg Z73 (1000 H),200000013892
24617,2025-12-19T11:59:21.546Z,PLANTA,TCHI,300023025,TCHI0103-1701,TCHI SepAmb#1 Flottweg Z73 (XXXX H),MP,ACTIVE,SEPAMB-Z73(AA)-3000,TCHI SepAmb#1 Flottweg Z73 (INTERMEDIO),10,TCHI SepAmb#1 Flottweg Z73 (INTERMEDIO),200000013892
24617,2025-12-19T11:59:21.546Z,PLANTA,TCHI,300023025,TCHI0103-1701,TCHI SepAmb#1 Flottweg Z73 (XXXX H),MP,ACTIVE,SEPAMB-Z73(AA)-6000,TCHI SepAmb#1 Flottweg Z73 (MAYOR),10,TCHI SepAmb#1 Flottweg Z73 (MAYOR),200000013892
24606,2025-12-19T11:46:57.766Z,PLANTA,TCHI,300005474,TCHI0103-1102,TCHI PuliPAMA Westfalia OSD 50 (XXXX H),MP,ACTIVE,PULI-OSD50-1250,TXXX PuliXXX Westfalia OSD 50 (1250 H),10,TXXX PuliXXX Westfalia OSD 50 (1250 H),200000005985
24606,2025-12-19T11:46:57.766Z,PLANTA,TCHI,300005474,TCHI0103-1102,TCHI PuliPAMA Westfalia OSD 50 (XXXX H),MP,ACTIVE,PULI-OSD50-2500,TXXX PuliXXX Westfalia OSD 50 (INTERMEDIO),10,TXXX PuliXXX Westfalia OSD 50 (INTERMEDIO),200000005985
24606,2025-12-19T11:46:57.766Z,PLANTA,TCHI,300005474,TCHI0103-1102,TCHI PuliPAMA Westfalia OSD 50 (XXXX H),MP,ACTIVE,PULI-OSD50-5000,TXXX PuliXXX Westfalia OSD 50 (MAYOR),10,TXXX PuliXXX Westfalia OSD 50 (MAYOR),200000005985
24679,2025-12-19T11:43:44.196Z,PLANTA,TCHI,300038482,TCHI0103-2401,TCHI TricLodos#2 Flottweg Z5E (XXXX H),MP,ACTIVE,TRIC-Z5E-1000,TXXX Tric#X Flottweg Z5E (1000 H),10,TXXX Tric#X Flottweg Z5E (1000 H),200000021797
24679,2025-12-19T11:43:44.196Z,PLANTA,TCHI,300038482,TCHI0103-2401,TCHI TricLodos#2 Flottweg Z5E (XXXX H),MP,ACTIVE,TRIC-Z5E-3000,TXXX Tric#X Flottweg Z5E (INTERMEDIO),10,TXXX Tric#X Flottweg Z5E (INTERMEDIO),200000021797
24679,2025-12-19T11:43:44.196Z,PLANTA,TCHI,300038482,TCHI0103-2401,TCHI TricLodos#2 Flottweg Z5E (XXXX H),MP,ACTIVE,TRIC-Z5E-6000,TXXX Tric#X Flottweg Z5E (MAYOR),10,TXXX Tric#X Flottweg Z5E (MAYOR),200000021797
24676,2025-12-19T11:41:53.410Z,PLANTA,TCHI,300009389,TCHI0103-1002,TCHI TricEsp#2 Flottweg Z4D (XXXX H),MP,ACTIVE,TRIC-Z4D-1000,TXXX Tric#X Flottweg Z4D (1000 H),10,TXXX Tric#X Flottweg Z4D (1000 H),200000006258
24676,2025-12-19T11:41:53.410Z,PLANTA,TCHI,300009389,TCHI0103-1002,TCHI TricEsp#2 Flottweg Z4D (XXXX H),MP,ACTIVE,TRIC-Z4D-2000,TXXX Tric#X Flottweg Z4D (2000 H),10,TXXX Tric#X Flottweg Z4D (2000 H),200000006258
24676,2025-12-19T11:41:53.410Z,PLANTA,TCHI,300009389,TCHI0103-1002,TCHI TricEsp#2 Flottweg Z4D (XXXX H),MP,ACTIVE,TRIC-Z4D-3000,TXXX Tric#X Flottweg Z4D (INTERMEDIO),10,TXXX Tric#X Flottweg Z4D (INTERMEDIO),200000006258
24676,2025-12-19T11:41:53.410Z,PLANTA,TCHI,300009389,TCHI0103-1002,TCHI TricEsp#2 Flottweg Z4D (XXXX H),MP,ACTIVE,TRIC-Z4D-6000,TXXX Tric#X Flottweg Z4D (MAYOR),10,TXXX Tric#X Flottweg Z4D (MAYOR),200000006258
24678,2025-12-19T11:41:14.833Z,PLANTA,TCHI,300008188,TCHI0103-1001,TCHI TricEsp#1 Flottweg Z4E (XXXX H),MP,ACTIVE,TRIC-Z4E-1000,TXXX Tric#X Flottweg Z4E (1000 H),10,TXXX Tric#X Flottweg Z4E (1000 H),200000006259
24678,2025-12-19T11:41:14.833Z,PLANTA,TCHI,300008188,TCHI0103-1001,TCHI TricEsp#1 Flottweg Z4E (XXXX H),MP,ACTIVE,TRIC-Z4E-2000,TXXX Tric#X Flottweg Z4E (2000 H),10,TXXX Tric#X Flottweg Z4E (2000 H),200000006259
24678,2025-12-19T11:41:14.833Z,PLANTA,TCHI,300008188,TCHI0103-1001,TCHI TricEsp#1 Flottweg Z4E (XXXX H),MP,ACTIVE,TRIC-Z4E-3000,TXXX TricEsp#X Flottweg Z4E (INTERMEDIO),10,TXXX Tric#X Flottweg Z4E (INTERMEDIO),200000006259
24678,2025-12-19T11:41:14.833Z,PLANTA,TCHI,300008188,TCHI0103-1001,TCHI TricEsp#1 Flottweg Z4E (XXXX H),MP,ACTIVE,TRIC-Z4E-6000,TXXX Tric#X Flottweg Z4E (MAYOR),10,TXXX Tric#X Flottweg Z4E (MAYOR),200000006259
43243,2025-12-19T10:05:45.636Z,PESCA,P059,300011218,TF05059-01,P059_PM_PINTURA CASCO AR,MP,ACTIVE,FSPANC1015025,TXXX PA_PM_Casco arenado,1,TXXX PA_PM_Serv.grua carga/descarga,400000009010
43243,2025-12-19T10:05:45.636Z,PESCA,P059,300011218,TF05059-01,P059_PM_PINTURA CASCO AR,MP,ACTIVE,FSPANC1015025,TXXX PA_PM_Casco arenado,2,TXXX PA_PM_Traslado panga,400000009010
43243,2025-12-19T10:05:45.636Z,PESCA,P059,300011218,TF05059-01,P059_PM_PINTURA CASCO AR,MP,ACTIVE,FSPANC1015025,TXXX PA_PM_Casco arenado,3,TXXX PA_PM_Servicio de carpinteria,400000009010
43243,2025-12-19T10:05:45.636Z,PESCA,P059,300011218,TF05059-01,P059_PM_PINTURA CASCO AR,MP,ACTIVE,FSPANC1015025,TXXX PA_PM_Casco arenado,4,TXXX PA_PM_Limpieza de casco y tanq,400000009010
43243,2025-12-19T10:05:45.636Z,PESCA,P059,300011218,TF05059-01,P059_PM_PINTURA CASCO AR,MP,ACTIVE,FSPANC1015025,TXXX PA_PM_Casco arenado,5,TXXX PA_PM_Calibracion del casco,400000009010
43243,2025-12-19T10:05:45.636Z,PESCA,P059,300011218,TF05059-01,P059_PM_PINTURA CASCO AR,MP,ACTIVE,FSPANC1015025,TXXX PA_PM_Casco arenado,7,TXXX PA_PM_Desmontaje-montaje defensa,400000009010
43243,2025-12-19T10:05:45.636Z,PESCA,P059,300011218,TF05059-01,P059_PM_PINTURA CASCO AR,MP,ACTIVE,FSPANC1015025,TXXX PA_PM_Casco arenado,8,TXXX PA_PM_Cambio de anodos de zinc,400000009010
43243,2025-12-19T10:05:45.636Z,PESCA,P059,300011218,TF05059-01,P059_PM_PINTURA CASCO AR,MP,ACTIVE,FSPANC1015025,TXXX PA_PM_Casco arenado,11,TXXX PA_PM_DESM/MAN/MONT REJILA PANGA + BISAG/CADEN,400000009010
43243,2025-12-19T10:05:45.636Z,PESCA,P059,300011218,TF05059-01,P059_PM_PINTURA CASCO AR,MP,ACTIVE,FSPANC1015025,TXXX PA_PM_Casco arenado,12,TXXX PA_PM_Prueba De Estanqueidad Tanques,400000009010
43243,2025-12-19T10:05:45.636Z,PESCA,P059,300011218,TF05059-01,P059_PM_PINTURA CASCO AR,MP,ACTIVE,FSPANC1015025,TXXX PA_PM_Casco arenado,20,TXXX PA_PM_Arenado y Pintado,400000009010