WPITEMID,CHANGEDATE,SITEID,PARENT,TASKID,WONUM,ITEMNUM,DESCRIPTION,SLXRATENUM,CENTROLOGISTICO,REQUIREDATE,REQUESTBY,SLXRESNUM,ITEMQTY,UNITCOST,LINECOST,VENDOR,SLXMONEDA,SLXVENDORUNITCOST,SLXVENDORLINECOST,created_by,created_date,last_updated_by,last_updated_date,attribute1,attribute2,attribute3,attribute4,attribute5
743435,2025-12-20T22:15:04.076Z,PESCA,759876,10,759877,1000982,Calderería y Soldadura,,TVEG,2025-12-20T15:34:00.000Z,DBENAVIDES,,1,444.27,444.27,2060567877,PEN,1666,1666,,,,,,,,,
743433,2025-12-20T19:45:46.153Z,PESCA,758448,10,758449,1000989,Enfibrado y aislamiento,,TCHI,2025-12-17T14:42:00.000Z,JEREYNA,20175681-10-10,1,139,139,2056915346,USD,139,139,,,,,,,,,
743429,2025-12-20T19:01:09.736Z,PESCA,759243,10,759244,1000968,Manto. de equipos mecánicos,,TCHI,2025-12-18T15:16:00.000Z,DDELGADO,20175680-10-10,1,0,0,2060471752,PEN,0,0,,,,,,,,,
743427,2025-12-20T18:59:53.580Z,PESCA,759218,10,759219,1000968,Manto. de equipos mecánicos,,TCHI,2025-12-18T14:46:00.000Z,DDELGADO,20175679-10-10,1,0,0,2060471752,PEN,0,0,,,,,,,,,
743425,2025-12-20T18:56:16.190Z,PESCA,758649,10,758650,1000979,Mantenimiento Equipos Electrónicos,,TCHI,2025-12-17T18:00:00.000Z,DDELGADO,20175678-10-10,1,1500,1500,0000005536,USD,1500,1500,,,,,,,,,
743423,2025-12-20T18:52:20.650Z,PESCA,758873,10,758874,1000973,Mantto habitab y acomod,,TCHI,2025-12-18T10:05:00.000Z,DDELGADO,20175677-10-10,1,114.67,114.67,2044552612,PEN,430,430,,,,,,,,,
743419,2025-12-20T18:46:48.660Z,PESCA,759004,10,759005,1000982,Calderería y Soldadura,,TCHI,2025-12-18T11:41:00.000Z,DDELGADO,20175676-10-10,1,213.33,213.33,2051449525,PEN,800,800,,,,,,,,,
743417,2025-12-20T18:45:06.166Z,PESCA,759205,10,759206,1000968,Manto. de equipos mecánicos,,TCHI,2025-12-18T12:16:00.000Z,DDELGADO,20175675-10-10,1,0,0,2060471752,PEN,0,0,,,,,,,,,
743415,2025-12-20T18:43:07.333Z,PESCA,759241,10,759242,1000968,Manto. de equipos mecánicos,,TCHI,2025-12-18T14:54:00.000Z,DDELGADO,20175674-10-10,1,0,0,2056917217,USD,0,0,,,,,,,,,
743413,2025-12-20T18:40:29.726Z,PESCA,759245,10,759246,1000966,Mantenimiento de equipos eléctricos,,TCHI,2025-12-18T04:00:00.000Z,DDELGADO,20175673-10-10,1,666.67,666.67,2054799624,PEN,2500,2500,,,,,,,,,
743411,2025-12-20T18:19:32.513Z,PLANTA,759909,10,759910,1000968,Manto. de equipos mecánicos,,TCHI,2025-12-07T18:16:51.000Z,GROBLES,20175672-10-10,1,528,528,2060108796,PEN,1980,1980,,,,,,,,,
743410,2025-12-20T18:11:20.376Z,PLANTA,759903,10,759904,1000968,Manto. de equipos mecánicos,,TCHI,2025-12-07T18:07:51.000Z,GROBLES,20175671-10-10,1,333.33,333.33,2060108796,PEN,1250,1250,,,,,,,,,
743326,2025-12-20T18:08:45.966Z,PESCA,759857,10,759858,1000982,Calderería y Soldadura,,TPSU,2025-12-20T14:26:00.000Z,VIHUAMAN,20175670-10-10,1,480,480,2061067449,PEN,1800,1800,,,,,,,,,
743401,2025-12-20T18:04:56.110Z,PESCA,759425,10,759426,1000966,Mantenimiento de equipos eléctricos,,TCHI,2025-12-18T23:22:00.000Z,DDELGADO,20175649-10-10,1,266.67,266.67,2060650981,PEN,1000,1000,,,,,,,,,
743399,2025-12-20T18:02:46.076Z,PESCA,759427,10,759428,1000968,Manto. de equipos mecánicos,,TCHI,2025-12-19T00:02:00.000Z,DDELGADO,20175648-10-10,1,0,0,2060471752,PEN,0,0,,,,,,,,,
743397,2025-12-20T18:02:12.106Z,PESCA,759899,10,759900,1000978,Mantto. de Motores y Cajas Reductoras,,TCNO,2025-12-27T18:00:01.000Z,HESPINOZA,20175647-10-10,1,432.44,432.44,2047349559,USD,432.44,432.44,,,,,,,,,
743394,2025-12-20T17:53:53.396Z,PESCA,758529,20,759894,1000980,Mantenimiento Equipos Hidraúlicos,,TCHI,2025-12-17T15:36:00.000Z,DDELGADO,20175646-20-10,1,0,0,2056299793,PEN,0,0,,,,,,,,,
743388,2025-12-20T17:53:52.540Z,PESCA,758529,10,758530,1000980,Mantenimiento Equipos Hidraúlicos,,TCHI,2025-12-17T15:36:00.000Z,DDELGADO,20175646-10-10,1,0,0,2060543789,USD,0,0,,,,,,,,,
743396,2025-12-20T17:53:25.346Z,PLANTA,759895,10,759896,1000968,Manto. de equipos mecánicos,,TCHI,2025-12-20T17:51:45.000Z,GROBLES,20175645-10-10,1,800,800,2052649480,PEN,3000,3000,,,,,,,,,
743386,2025-12-20T17:43:54.036Z,PESCA,758233,10,758234,1000966,Mantenimiento de equipos eléctricos,,TCHI,2025-12-17T07:35:00.000Z,DDELGADO,20175644-10-10,1,0.27,0.27,2054799624,PEN,1,1,,,,,,,,,
743384,2025-12-20T17:38:40.973Z,PESCA,757788,10,757789,1000978,Mantto. de Motores y Cajas Reductoras,,TCHI,2025-12-16T12:14:00.000Z,DDELGADO,20175643-10-10,1,0.27,0.27,2010080398,PEN,1,1,,,,,,,,,
743380,2025-12-20T17:22:06.966Z,PESCA,757056,10,757057,1000980,Mantenimiento Equipos Hidraúlicos,,TCHI,2025-12-16T05:44:00.000Z,DDELGADO,,1,800,800,2045723011,USD,800,800,,,,,,,,,
734846,2025-12-20T15:05:48.616Z,PESCA,749506,20,751485,1000981,Mantenimiento Equipos de Refrigeración,,TCHI,2025-11-22T09:47:00.000Z,RBALTODANO,20172689-20-10,1,320,320,2060471752,PEN,1200,1200,,,,,,,,,
739992,2025-12-20T15:04:49.666Z,PESCA,756382,10,756383,1000980,Mantenimiento Equipos Hidraúlicos,,TPSU,2025-12-14T09:00:00.000Z,VIHUAMAN,20174731-10-10,1,480,480,2056299793,PEN,1800,1800,,,,,,,,,
743332,2025-12-20T15:01:15.380Z,PLANTA,759859,10,759860,1000968,Manto. de equipos mecánicos,,TMSU,2025-11-17T14:42:00.000Z,EDGUERRERO,20175642-10-10,1,680,680,0000038534,PEN,2550,2550,,,,,,,,,
743328,2025-12-20T14:57:13.796Z,PESCA,759700,10,759701,1000966,Mantenimiento de equipos eléctricos,,TVEG,2025-12-19T16:52:00.000Z,DBENAVIDES,20175641-10-10,1,266.67,266.67,2054799624,PEN,1000,1000,,,,,,,,,
743324,2025-12-20T14:31:57.013Z,PESCA,759855,10,759856,1000966,Mantenimiento de equipos eléctricos,,TVEG,2025-12-20T14:21:00.000Z,DBENAVIDES,,1,444.27,444.27,2054799624,PEN,1666,1666,,,,,,,,,
743320,2025-12-20T14:03:44.296Z,PESCA,759817,10,759818,1000982,Calderería y Soldadura,,TPSU,2025-12-20T04:52:00.000Z,VIHUAMAN,20175640-10-10,1,373.33,373.33,2061067449,PEN,1400,1400,,,,,,,,,
736833,2025-12-20T13:18:50.513Z,PESCA,753995,10,754000,000000000001000979,Mantenimiento Equipos Electrónicos,,TCNO,2025-12-05T10:43:04.000Z,FSUAREZ,20173877-10-10,1,3033,3033,2053663893,USD,3033,3033,,,,,,,,,
728947,2025-12-20T12:53:45.340Z,PESCA,745624,10,745625,1000967,Servicio mantenimiento equipos electrón,,TCNO,2025-11-10T16:31:48.000Z,FSUAREZ,20170299-10-10,1,660,660,2053663893,USD,660,660,,,,,,,,,
735299,2025-12-20T12:31:53.273Z,PESCA,751943,10,751944,1000965_022,SERV. MONIT. COND. BAS. ANALISIS ACEITE,,TCNO,2025-12-31T00:00:00.000Z,MAXADMIN,20172782-10-0,19,13.16,250.04,2010011434,USD,13.16,250.04,,,,,,,,,
743296,2025-12-20T11:47:49.433Z,PLANTA,759649,10,759650,1000975,Servicio de Buceo,,TSUP,2025-12-19T14:33:00.000Z,CHIDALGO,20175619-10-10,1,1466.67,1466.67,2060641474,PEN,5500,5500,,,,,,,,,
743294,2025-12-20T11:34:26.896Z,PESCA,759678,10,759679,1000982,Calderería y Soldadura,,TVEG,2025-12-19T15:45:00.000Z,DBENAVIDES,,1,444.27,444.27,2060567877,PEN,1666,1666,,,,,,,,,
743292,2025-12-20T11:28:59.846Z,PESCA,757058,10,757059,1000978,Mantto. de Motores y Cajas Reductoras,,TSUP,2025-12-16T06:08:00.000Z,DBENAVIDES,,1,2000,2000,2010002869,USD,2000,2000,,,,,,,,,
734105,2025-12-20T11:27:45.246Z,PESCA,750627,10,750628,1000966,Mantenimiento de equipos eléctricos,,TVEG,2025-11-25T14:30:00.000Z,DBENAVIDES,20172472-10-10,1,493.33,493.33,2054799624,PEN,1850,1850,,,,,,,,,
739056,2025-12-20T11:27:23.630Z,PESCA,756178,10,756179,1000978,Mantto. de Motores y Cajas Reductoras,,TCHI,2025-12-20T09:00:59.000Z,HESPINOZA,20174578-10-10,1,1120,1120,2060844789,PEN,4200,4200,,,,,,,,,
741340,2025-12-20T11:24:54.150Z,PESCA,757878,10,757879,1000982,Calderería y Soldadura,,TVEG,2025-12-16T14:26:00.000Z,DBENAVIDES,20175305-10-10,1,444.27,444.27,2060567877,PEN,1666,1666,,,,,,,,,
741144,2025-12-20T10:47:45.910Z,PESCA,758019,10,758020,1000980,Mantenimiento Equipos Hidraúlicos,,TMSU,2025-12-11T21:00:00.000Z,NCOLLAZOS,20175363-10-10,1,525,525,2060543789,USD,525,525,,,,,,,,,
741910,2025-12-20T08:37:03.286Z,PLANTA,756384,10,756385,1000968,Manto. de equipos mecánicos,,TPSU,2025-12-14T10:39:00.000Z,MPARIONA,20175440-10-10,1,485,485,2050356248,USD,485,485,,,,,,,,,
741777,2025-12-20T08:34:50.486Z,PLANTA,758389,10,758390,1000966,Mantenimiento de equipos eléctricos,,TCNO,2025-12-17T12:51:00.000Z,MCARHUAS,20175444-10-10,1,372,372,2061201881,PEN,1395,1395,,,,,,,,,
742006,2025-12-20T08:34:01.010Z,PLANTA,758715,10,758716,1000966,Mantenimiento de equipos eléctricos,,TCNO,2025-12-18T00:45:00.000Z,MCARHUAS,20175460-10-10,1,706.67,706.67,2061039791,PEN,2650,2650,,,,,,,,,
742016,2025-12-20T08:31:48.876Z,PLANTA,758719,10,758720,1000966,Mantenimiento de equipos eléctricos,,TCNO,2025-12-18T01:15:00.000Z,MCARHUAS,20175463-10-10,1,812.85,812.85,2061039791,PEN,3048.18,3048.18,,,,,,,,,
742018,2025-12-20T08:30:57.710Z,PLANTA,758731,10,758732,1000968,Manto. de equipos mecánicos,,TCNO,2025-12-18T02:35:00.000Z,MCARHUAS,20175539-10-10,1,998.85,998.85,2061039791,PEN,3745.67,3745.67,,,,,,,,,
739444,2025-12-20T07:35:41.920Z,PESCA,756488,10,756489,1000978,Mantto. de Motores y Cajas Reductoras,,TCNO,2025-12-21T20:24:52.000Z,HESPINOZA,20174659-10-10,1,0,0,2060844789,PEN,0,0,,,,,,,,,
742060,2025-12-20T07:32:33.310Z,PESCA,758853,10,758854,1000979,Mantenimiento Equipos Electrónicos,,TCHI,2025-12-01T10:02:30.000Z,FJAIMES,20175477-10-10,1,187,187,0000005536,USD,187,187,,,,,,,,,
742265,2025-12-20T07:30:54.676Z,PESCA,758982,30,758985,1000956,Pintura y servicio de pintado,,TCNO,2025-11-05T12:35:36.000Z,FJAIMES,20175485-20-0,1,320,320,0000028706,PEN,1200,1200,,,,,,,,,
734048,2025-12-20T07:21:23.726Z,PLANTA,749478,10,749479,1000968,Manto. de equipos mecánicos,,TMSU,2025-11-22T06:06:00.000Z,EDGUERRERO,20172449-10-10,1,320,320,2061346658,PEN,1200,1200,,,,,,,,,
730530,2025-12-20T07:19:59.340Z,PLANTA,747252,10,747253,1000968,Manto. de equipos mecánicos,,TMSU,2025-11-13T11:19:00.000Z,EDGUERRERO,20170993-10-10,1,640,640,2061346658,PEN,2400,2400,,,,,,,,,
733841,2025-12-20T05:34:52.496Z,PLANTA,750615,30,750621,1000968,Manto. de equipos mecánicos,,TCHI,2025-11-12T21:06:59.000Z,GROBLES,20172473-30-10,1,7908,7908,0000004616,USD,7908,7908,,,,,,,,,
733833,2025-12-20T05:34:52.283Z,PLANTA,750615,20,750617,1000968,Manto. de equipos mecánicos,,TCHI,2025-11-12T21:06:59.000Z,GROBLES,20172473-20-10,1,18360,18360,2038944282,PEN,68850,68850,,,,,,,,,