WORKORDERID,CHANGEDATE,SITEID,PARENT,TASKID,WONUM,DESCRIPTION,ESTDUR,SLXACTDUR,SLXAVANCE,STATUS,SLXALMACEN,SLXFECHAREQ,VENDOR,TARGSTARTDATE,TARGCOMPDATE,SCHEDSTART,SCHEDFINISH,ACTSTART,ACTFINISH,HASLABOR,HASMATERIAL,HASSERVICE,created_by,created_date,last_updated_by,last_updated_date,attribute1,attribute2,attribute3,attribute4,attribute5,SLXSCHEDDUR
694533,2025-12-20T22:19:45.390Z,PLANTA,759738,10,759739,CAMBIO DE SEAL RING 543170 CENTRIFUGA 5-251219212506/TVEG,0,0,0,APPR,TVEG,2025-12-19T21:25:00.000Z,,2025-12-19T21:25:00.000Z,,2025-12-19T21:25:00.000Z,,,,0,1,0,,,,,,,,,,0
694671,2025-12-20T22:15:04.076Z,PESCA,759876,10,759877,rotura de cordón de soldadura de cancamo fijo del pistón de ronda del or-251220153416/T427,0,0,20,WAPPR,TVEG,2025-12-20T15:34:00.000Z,2060567877,2025-12-20T15:34:00.000Z,,,,,,0,0,1,,,,,,,,,,0
694728,2025-12-20T22:07:41.610Z,PESCA,759933,10,759934,cambio de carreto IT48 de ordenador de red por desgaste -251220220437/T428,0,0,0,WAPPR,,2025-12-20T22:04:00.000Z,,2025-12-20T22:04:00.000Z,,,,,,0,0,0,,,,,,,,,,0
694726,2025-12-20T22:03:50.183Z,PESCA,759931,10,759932,cambio de carreto IT 48 de halador de red por desgaste -251220215830/T428,0,0,0,WAPPR,,2025-12-20T21:58:00.000Z,,2025-12-20T21:58:00.000Z,,,,,,0,0,0,,,,,,,,,,0
694724,2025-12-20T21:35:20.256Z,PESCA,759929,10,759930,MEJORAMIENTO SISTEMA ELECTRICO AUX NRO. 1-251220211037/T412,0,0,0,WAPPR,,2025-12-20T21:10:00.000Z,,2025-12-20T21:10:00.000Z,,,,,,0,0,0,,,,,,,,,,0
694722,2025-12-20T21:16:09.726Z,PESCA,759927,10,759928,se solicita cambio de carrete de macaco-251220190600/T034,0,0,0,WAPPR,,2025-12-20T19:06:00.000Z,,2025-12-20T19:06:00.000Z,,,,,,0,0,0,,,,,,,,,,0
694720,2025-12-20T20:47:13.006Z,PLANTA,759925,10,759926,Rotura de visor salida de condensado RTD 4-251220145354/TVEG,0,0,0,WAPPR,TVEG,2025-12-20T14:53:00.000Z,,2025-12-20T14:53:00.000Z,,,,,,0,0,0,,,,,,,,,,0
693243,2025-12-20T19:45:46.153Z,PESCA,758448,10,758449,T035 MA aislamiento térmico del flexible roto-251217144223,0,0,100,COMP,TCHI,2025-12-17T14:42:00.000Z,2056915346,2025-12-17T14:42:00.000Z,2025-12-20T19:45:43.716Z,2025-12-17T14:42:00.000Z,2025-12-20T19:45:43.716Z,2025-12-20T19:45:43.716Z,2025-12-20T19:45:43.716Z,0,0,1,,,,,,,,,,0
694413,2025-12-20T19:01:43.940Z,PLANTA,759618,10,759619,TSAM SepSol#2 Westfalia CA 458 (MAYOR+CAJA),50,0,0,WAPPR,TCHI,2025-12-28T08:00:00.000Z,,2025-12-28T08:00:00.000Z,2025-12-30T10:00:00.000Z,,,,,0,0,0,,,,,,,,,,0
694038,2025-12-20T19:01:09.736Z,PESCA,759243,10,759244,motor eléctrico de bomba de recirculación del condenso se abre la llave -251218151635/T056,0,0,100,COMP,TCHI,2025-12-18T15:16:00.000Z,2060471752,2025-12-18T15:16:00.000Z,2025-12-20T19:01:08.990Z,2025-12-18T15:16:00.000Z,2025-12-20T19:01:08.990Z,2025-12-20T19:01:08.990Z,2025-12-20T19:01:08.990Z,0,0,1,,,,,,,,,,0
694013,2025-12-20T18:59:53.580Z,PESCA,759218,10,759219,fuga de amoniaco por electroválvula de on/off  de  linea de inyccion-251218144638/T056,0,0,100,COMP,TCHI,2025-12-18T14:46:00.000Z,2060471752,2025-12-18T14:46:00.000Z,2025-12-20T18:59:52.873Z,2025-12-18T14:46:00.000Z,2025-12-20T18:59:52.873Z,2025-12-20T18:59:52.873Z,2025-12-20T18:59:52.873Z,0,0,1,,,,,,,,,,0
693444,2025-12-20T18:56:16.190Z,PESCA,758649,10,758650,"PROCESADOR SIMRAD DEL SONAR SX 90, no enciende ,se requiere revision-251217200305/T059",0,0,100,COMP,TCHI,2025-12-17T18:00:00.000Z,0000005536,2025-12-17T18:00:00.000Z,2025-12-20T18:56:15.490Z,2025-12-17T18:00:00.000Z,2025-12-20T18:56:15.490Z,2025-12-20T18:56:15.490Z,2025-12-20T18:56:15.490Z,0,0,1,,,,,,,,,,0
694718,2025-12-20T18:54:26.963Z,PESCA,759923,10,759924,Rodamientos de polines de wch. corte presenta sonido irregular-251220113112/T022,0,0,0,WAPPR,,2025-12-20T11:00:00.000Z,,2025-12-20T11:00:00.000Z,,,,,,0,0,0,,,,,,,,,,0
694716,2025-12-20T18:54:17.000Z,PESCA,759921,10,759922,Polines de winche ppal desgastados -251220112802/T022,0,0,0,WAPPR,,2025-12-20T11:00:00.000Z,,2025-12-20T11:00:00.000Z,,,,,,0,0,0,,,,,,,,,,0
693668,2025-12-20T18:52:20.650Z,PESCA,758873,10,758874,engaretado en cubierta roto-251218100513/T055,0,0,100,COMP,TCHI,2025-12-18T10:05:00.000Z,2044552612,2025-12-18T10:05:00.000Z,2025-12-20T18:52:19.976Z,2025-12-18T10:05:00.000Z,2025-12-20T18:52:19.976Z,2025-12-20T18:52:19.976Z,2025-12-20T18:52:19.976Z,0,0,1,,,,,,,,,,0
694714,2025-12-20T18:49:27.566Z,PESCA,759919,10,759920,TASA 56 RESERVA DE BSU POR BORNERA P/INVERSOR,0,0,0,APPR,TCNO,2025-12-23T00:00:00.000Z,,2025-12-07T00:00:00.000Z,2025-12-07T00:00:00.000Z,2025-12-07T00:00:00.000Z,2025-12-07T00:00:00.000Z,,,0,1,0,,,,,,,,,,0
693799,2025-12-20T18:46:48.660Z,PESCA,759004,10,759005,Tambor proa winche ancla presenta desgaste.-251218114116/T427,0,0,100,COMP,TCHI,2025-12-18T11:41:00.000Z,2051449525,2025-12-18T11:41:00.000Z,2025-12-20T18:46:47.956Z,2025-12-18T11:41:00.000Z,2025-12-20T18:46:47.956Z,2025-12-20T18:46:47.956Z,2025-12-20T18:46:47.956Z,0,0,1,,,,,,,,,,0
694000,2025-12-20T18:45:06.166Z,PESCA,759205,10,759206,fuga de amoniaco por 01  válvula AKVA (proa) del chiller babor-251218121651/T056,0,0,100,COMP,TCHI,2025-12-18T12:16:00.000Z,2060471752,2025-12-18T12:16:00.000Z,2025-12-20T18:45:05.513Z,2025-12-18T12:16:00.000Z,2025-12-20T18:45:05.513Z,2025-12-20T18:45:05.513Z,2025-12-20T18:45:05.513Z,0,0,1,,,,,,,,,,0
694712,2025-12-20T18:44:14.330Z,PESCA,759917,10,759918,Cambiar carrete de halador de red-251220184036/T051,0,0,0,WAPPR,,2025-12-20T18:40:00.000Z,,2025-12-20T18:40:00.000Z,,,,,,0,0,0,,,,,,,,,,0
694036,2025-12-20T18:43:07.333Z,PESCA,759241,10,759242,se requiere cambiar sello mecánico de la bomba RSW centro-251218145409/T056,0,0,100,COMP,TCHI,2025-12-18T14:54:00.000Z,2056917217,2025-12-18T14:54:00.000Z,2025-12-20T18:43:06.486Z,2025-12-18T14:54:00.000Z,2025-12-20T18:43:06.486Z,2025-12-20T18:43:06.486Z,2025-12-20T18:43:06.486Z,0,0,1,,,,,,,,,,0
694040,2025-12-20T18:40:29.726Z,PESCA,759245,10,759246,Llave termica de 20 A de equipos electronicos presenta falla -251218150218/T059,0,0,100,COMP,TCHI,2025-12-18T04:00:00.000Z,2054799624,2025-12-18T04:00:00.000Z,2025-12-20T18:40:28.800Z,2025-12-18T04:00:00.000Z,2025-12-20T18:40:28.800Z,2025-12-20T18:40:28.800Z,2025-12-20T18:40:28.800Z,0,0,1,,,,,,,,,,0
694710,2025-12-20T18:40:28.820Z,PESCA,759915,10,759916,Cambiar electrovalvula  de accionamiento del pitó de niebla -251220183419/T051,0,0,0,WAPPR,,2025-12-20T18:34:00.000Z,,2025-12-20T18:34:00.000Z,,,,,,0,0,0,,,,,,,,,,0
694708,2025-12-20T18:35:49.403Z,PESCA,759913,10,759914,Veda 1-2026 Sist.Hidrau.fuga de aceite por el filtro de succión.-251220182125/T416,0,0,0,WAPPR,TCNO,2026-02-21T18:21:00.000Z,,2025-12-20T18:21:00.000Z,,,,,,0,0,0,,,,,,,,,,0
694702,2025-12-20T18:34:36.486Z,PESCA,759907,10,759908,"Veda 1 2026, Sistema Gobierno , Reparación o cambio de bomba V20.-251220180850/T416",0,0,0,WAPPR,TCNO,2026-01-10T18:08:00.000Z,,2025-12-20T18:08:00.000Z,,,,,,0,0,0,,,,,,,,,,0
694706,2025-12-20T18:33:57.236Z,PESCA,759911,10,759912,Veda 1-2026 Sistema Gobierno auxiliar. Reparación de la bomba.Wagner.-251220181423/T416,0,0,0,WAPPR,TCNO,2026-03-20T18:14:00.000Z,,2025-12-20T18:14:00.000Z,,,,,,0,0,0,,,,,,,,,,0
694704,2025-12-20T18:19:32.513Z,PLANTA,759909,10,759910,SONIDO EXTRAÑO EN MOTOR DE BBA TK AGUA DE DESPLAZAMIENTO A APROFERROL-251206151435/TCHI,0,0,100,APPR,TCHI,2025-12-07T18:16:51.000Z,2060108796,,,,,,,0,0,1,,,,,,,,,,0
694054,2025-12-20T18:15:45.766Z,PESCA,759259,10,759260,"solicita reparar, roturas, picaduras en lateral del corcho y cenefa.-251218155359/T057",0,0,0,CAN,,2025-12-18T15:30:00.000Z,,2025-12-18T15:30:00.000Z,,,,,,0,0,0,,,,,,,,,,0
694698,2025-12-20T18:11:20.376Z,PLANTA,759903,10,759904,MAQUINADO DE ALOJAMIENTO DE RODAMIENTOS BBA AGUA DE LIMPIEZA #2,0,0,100,APPR,TCHI,2025-12-07T18:07:51.000Z,2060108796,,,,,,,0,1,1,,,,,,,,,,0
694700,2025-12-20T18:10:33.880Z,PESCA,759905,10,759906,"Veda-1 2026 Motor Auxiliar 01, Cambio de tanque de expansión.-251220180401/T416",0,0,0,WAPPR,TCNO,2025-12-20T18:04:00.000Z,,2025-12-20T18:04:00.000Z,,,,,,0,0,0,,,,,,,,,,0
694652,2025-12-20T18:08:45.966Z,PESCA,759857,10,759858,T428 Fabricar base de control de válvulas bodega,0,0,100,COMP,TPSU,2025-12-20T14:26:00.000Z,2061067449,2025-12-20T14:26:00.000Z,2025-12-20T18:08:45.246Z,2025-12-20T14:26:00.000Z,2025-12-20T18:08:45.246Z,2025-12-20T18:08:45.246Z,2025-12-20T18:08:45.246Z,0,0,1,,,,,,,,,,0
694696,2025-12-20T18:06:51.813Z,PESCA,759901,10,759902,"Veda-1 2026 Cambio de campana de la cocina , acumula micha grasa, sucied-251220175830/T416",0,0,0,WAPPR,TCNO,2026-02-07T17:58:00.000Z,,2025-12-20T17:58:00.000Z,,,,,,0,0,0,,,,,,,,,,0
694692,2025-12-20T18:04:58.486Z,PESCA,759897,10,759898,"Veda-1.2026.Anular portafiltro auxiliar del Motor Ppal, por tener pase.-251220175259/T416",0,0,0,WAPPR,TCNO,2026-02-06T17:52:00.000Z,,2025-12-20T17:52:00.000Z,,,,,,0,0,0,,,,,,,,,,0
694220,2025-12-20T18:04:56.110Z,PESCA,759425,10,759426,circuito de carga del sistema eléctrico de la panga-251218232239/P056,0,0,100,COMP,TCHI,2025-12-18T23:22:00.000Z,2060650981,2025-12-18T23:22:00.000Z,2025-12-20T18:04:55.410Z,2025-12-18T23:22:00.000Z,2025-12-20T18:04:55.410Z,2025-12-20T18:04:55.410Z,2025-12-20T18:04:55.410Z,0,0,1,,,,,,,,,,0
694222,2025-12-20T18:02:46.076Z,PESCA,759427,10,759428,desmontaje del variador de frecuencia de la bomba condenso-251219000213/T056,0,0,100,COMP,TCHI,2025-12-19T00:02:00.000Z,2060471752,2025-12-19T00:02:00.000Z,2025-12-20T18:02:45.376Z,2025-12-19T00:02:00.000Z,2025-12-20T18:02:45.376Z,2025-12-20T18:02:45.376Z,2025-12-20T18:02:45.376Z,0,0,1,,,,,,,,,,0
694694,2025-12-20T18:02:12.106Z,PESCA,759899,10,759900,PM T425 MC ADICIONAL 2000 H TWIN DISC MG-5600,16,30,100,APPR,TCNO,2025-12-27T18:00:01.000Z,2047349559,,,,,,,0,0,1,,,,,,,,,,0
694685,2025-12-20T17:58:07.910Z,PESCA,759890,10,759891,VEDA 1-26 LAVADO DE BODEGAS-251220170554/T428,0,0,0,CAN,,2025-12-20T17:05:00.000Z,,2025-12-20T17:05:00.000Z,,,,,,0,0,0,,,,,,,,,,0
694688,2025-12-20T17:53:53.396Z,PESCA,758529,20,759894,Confección de cremallera de 100 dientes para adujador de mangueras hidraulica,0,0,100,COMP,TCHI,2025-12-17T15:36:00.000Z,2056299793,2025-12-17T15:36:00.000Z,2025-12-20T17:53:52.703Z,2025-12-17T15:36:00.000Z,2025-12-20T17:53:52.703Z,2025-12-20T17:53:52.703Z,2025-12-20T17:53:52.703Z,0,0,1,,,,,,,,,,0
693324,2025-12-20T17:53:52.540Z,PESCA,758529,10,758530,"descanso de soporte del eje de carrete( chumacera), averiado-251217153620/T056",0,0,100,COMP,TCHI,2025-12-17T15:36:00.000Z,2060543789,2025-12-17T15:36:00.000Z,2025-12-20T17:53:51.823Z,2025-12-17T15:36:00.000Z,2025-12-20T17:53:51.823Z,2025-12-20T17:53:51.823Z,2025-12-20T17:53:51.823Z,0,0,1,,,,,,,,,,0
694690,2025-12-20T17:53:25.346Z,PLANTA,759895,10,759896,Fractura de eje de prestrainer #3A-251219090408/TCHI,0,0,100,APPR,TCHI,2025-12-20T17:51:45.000Z,2052649480,,,,,,,0,1,1,,,,,,,,,,0
693028,2025-12-20T17:43:54.036Z,PESCA,758233,10,758234,ALTERNADOR DEFECTUOSO DE 24 V-251217073549/T315,0,0,100,COMP,TCHI,2025-12-17T07:35:00.000Z,2054799624,2025-12-17T07:35:00.000Z,2025-12-20T17:43:53.343Z,2025-12-17T07:35:00.000Z,2025-12-20T17:43:53.343Z,2025-12-20T17:43:53.343Z,2025-12-20T17:43:53.343Z,0,0,1,,,,,,,,,,0
692601,2025-12-20T17:40:55.396Z,PESCA,757806,10,757807,Suministro de pasador para mandos hidráulicos de la consola ppal-251216130955/T042,0,0,100,COMP,TCHI,2025-12-16T09:09:00.000Z,,2025-12-16T09:09:00.000Z,2025-12-20T17:40:54.716Z,2025-12-16T09:09:00.000Z,2025-12-20T17:40:54.716Z,2025-12-20T17:40:54.716Z,2025-12-20T17:40:54.716Z,0,0,0,,,,,,,,,,0
692583,2025-12-20T17:38:40.973Z,PESCA,757788,10,757789,Goteo de refrigerante altura de la bomba de agua.-251216121418/T427,0,0,100,COMP,TCHI,2025-12-16T12:14:00.000Z,2010080398,2025-12-16T12:14:00.000Z,2025-12-20T17:38:39.936Z,2025-12-16T12:14:00.000Z,2025-12-20T17:38:39.936Z,2025-12-20T17:38:39.936Z,2025-12-20T17:38:39.936Z,0,0,1,,,,,,,,,,0
694687,2025-12-20T17:24:15.956Z,PESCA,759892,10,759893,TASA 55 PED DE ORING P/DEOLUCIÓN HAYDUK,0,0,0,WAPPR,TCHI,2025-12-25T09:00:00.000Z,,2025-12-08T09:00:00.000Z,,,,,,0,1,0,,,,,,,,,,0
691851,2025-12-20T17:22:06.966Z,PESCA,757056,10,757057,cambio de 02 rodillos del equipo Jumbo 740-251216054448/T056,0,0,100,WAPPR,TCHI,2025-12-16T05:44:00.000Z,2045723011,2025-12-16T05:44:00.000Z,,,,,,0,0,1,,,,,,,,,,0
685876,2025-12-20T17:10:28.213Z,PLANTA,751081,20,751083,TCHI.Reductor.Enfriador#1.Desgas.Hierro.silicio(ACEITES),0,0,100,APPR,TCHI,2025-12-20T14:09:04.000Z,,2025-11-27T14:09:04.000Z,,2025-11-27T14:09:04.000Z,,,,0,0,0,,,,,,,,,,0
685875,2025-12-20T17:10:27.883Z,PLANTA,751081,10,751082,TCHI.Reductor.Enfriador#1.Desgas.mecanico.severo.US-VA Baja Veloc,0,0,100,APPR,TCHI,2025-12-20T14:09:04.000Z,,2025-11-27T14:09:04.000Z,,2025-11-27T14:09:04.000Z,,,,0,1,0,,,,,,,,,,0
694681,2025-12-20T16:54:56.556Z,PESCA,759886,10,759887,Auxiliar  03: Requerimiento de 05 gal de ancol 4700..para rrelleno-251220161151/T054,0,0,0,APPR,TCNO,2025-12-27T16:11:00.000Z,,2025-12-19T16:11:00.000Z,,2025-12-19T16:11:00.000Z,,,,0,1,0,,,,,,,,,,0
694675,2025-12-20T16:54:55.713Z,PESCA,759880,10,759881,T54 PED MAT 20-12,0,0,0,APPR,TCNO,2025-12-27T00:00:00.000Z,,2025-12-27T00:00:00.000Z,2025-12-27T00:00:00.000Z,2025-12-27T00:00:00.000Z,2025-12-27T00:00:00.000Z,,,0,1,0,,,,,,,,,,0
694683,2025-12-20T16:27:33.563Z,PESCA,759888,10,759889,sonar lateral SN90 no carga el sistema -251220162442/T425,0,0,0,WAPPR,,2025-12-20T16:24:00.000Z,,2025-12-20T16:24:00.000Z,,,,,,0,0,0,,,,,,,,,,0
694679,2025-12-20T16:13:01.720Z,PESCA,759884,10,759885,"VAR 1 2026 FILTROS ESCAMADORES DE LAS 3 LINEAS RSW, Requieren cambio-251220155847/T059",0,0,0,WAPPR,,2025-12-20T15:58:00.000Z,,2025-12-20T15:58:00.000Z,,,,,,0,0,0,,,,,,,,,,0