MANDT,GJAHR,MONAT,BUDAT_MKPF,WERKS,BWART,INDICADOR,MATNR,ORIGEN,MAKTX,CHARG,HSDAT,CANTIDAD,CANTIDADABSOLUTA,ERFME,USNAM_MKPF,MOVIMIENTO,OPFLAG
600,2024,11,20241101,TCHI,261,REPROCESO                               ,000000000050004985                      ,Producción,HARINA E GENERAL,CHI2401020,20241130,6,6,TO,ASANCHEZM,HARINA E GENERAL,I
600,2024,12,20241202,TVEG,261,REPROCESO                               ,000000000050003905                      ,Comercial,HARINA NC. COLOR,CNO2400433,20240531,2,2,TO,JPALACIOS,HARINA NC. COLOR,I
600,2024,11,20241101,TCHI,262,Neteo 261                               ,000000000050004985                      ,Producción,HARINA E GENERAL,CHI2401020,20241201,-12,12,TO,DMENDEZ,HARINA E GENERAL,I
600,2024,11,20241129,TCHI,261,REPROCESO                               ,000000000050003902                      ,Comercial,HARINA NC. ANTIGUEDAD >4/6 MESES,CHI2400006,20240417,10,10,TO,ASANCHEZM,HARINA NC. ANTIGUEDAD >4/6 MESES,I
600,2024,11,20241129,TCHI,261,REPROCESO                               ,000000000050004985                      ,Producción,HARINA E GENERAL,CHI2401020,20241129,9,9,TO,ASANCHEZM,HARINA E GENERAL,I
600,2024,11,20241129,TCNO,261,REPROCESO                               ,000000000050003924                      ,Producción,HARINA NC. TVN,SAM2400120,20240523,2,2,TO,CAGUTIERREZ,HARINA NC. TVN,I
600,2024,11,20241129,TCNO,261,REPROCESO                               ,000000000050004985                      ,Producción,HARINA E GENERAL,CNO2400619,20241119,14,14,TO,CAGUTIERREZ,HARINA E GENERAL,I
600,2024,11,20241129,TPSU,261,REPROCESO                               ,000000000050004985                      ,Producción,HARINA E GENERAL,PSU2400170,20241128,2,2,TO,JGARCIA,HARINA E GENERAL,I
600,2024,11,20241129,TSUP,261,REPROCESO                               ,000000000050003902                      ,Comercial,HARINA NC. ANTIGUEDAD >4/6 MESES,SAM2416003,20231101,6.2,6.2,TO,GLOPEZ,HARINA NC. ANTIGUEDAD >4/6 MESES,I
600,2024,11,20241129,TSUP,261,REPROCESO                               ,000000000050003905                      ,Comercial,HARINA NC. COLOR,MSU2400635,20240602,4,4,TO,GLOPEZ,HARINA NC. COLOR,I
600,2024,11,20241129,TSUP,261,REPROCESO                               ,000000000050003915                      ,Producción,HOMOGENIZACION POR BAJA CALIDAD,MAT2400054,20240714,18,18,TO,GLOPEZ,HOMOGENIZACION POR BAJA CALIDAD,I
600,2024,11,20241129,TSUP,261,REPROCESO                               ,000000000050003924                      ,Producción,HARINA NC. TVN,SAM2413005,20240526,2.5,2.5,TO,GLOPEZ,HARINA NC. TVN,I
600,2024,11,20241129,TVEG,261,REPROCESO                               ,000000000050003902                      ,Comercial,HARINA NC. ANTIGUEDAD >4/6 MESES,VEG2300194,20231113,2,2,TO,JPALACIOS,HARINA NC. ANTIGUEDAD >4/6 MESES,I
600,2024,11,20241129,TVEG,261,REPROCESO                               ,000000000050003904                      ,Producción,HARINA NC. CLORURO ALTO,MSU2300309,20230606,4,4,TO,JPALACIOS,HARINA NC. CLORURO ALTO,I
600,2024,11,20241129,TVEG,261,REPROCESO                               ,000000000050003910                      ,Producción,HARINA NC. GRANULOMETRIA,MSU2400550,20240526,1,1,TO,JPALACIOS,HARINA NC. GRANULOMETRIA,I
600,2024,11,20241129,TVEG,261,REPROCESO                               ,000000000050003915                      ,Producción,HOMOGENIZACION POR BAJA CALIDAD,MAT2400053,20240713,8,8,TO,JPALACIOS,HOMOGENIZACION POR BAJA CALIDAD,I
600,2024,11,20241129,TVEG,262,Neteo 261                               ,000000000050004985                      ,Producción,HARINA E GENERAL,VEG2400409,20241117,-8,8,TO,JPALACIOS,HARINA E GENERAL,I
600,2024,11,20241129,TVEG,261,REPROCESO                               ,000000000050004985                      ,Producción,HARINA E GENERAL,VEG2400416,20241117,7.45,7.45,TO,GCRUZ,HARINA E GENERAL,I
600,2024,11,20241130,TCHI,943,PNC                                     ,000000000050003912                      ,Producción,HARINA NC. HUMEDAD BAJA (PRODUCCION),CHI2400983,20241126,50,50,TO,ADMIJOB,PNC,I
600,2024,11,20241130,TCHI,261,REPROCESO                               ,000000000050004985                      ,Producción,HARINA E GENERAL,CHI2401020,20241130,12,12,TO,ASANCHEZM,HARINA E GENERAL,I
600,2024,11,20241130,TCNO,943,PNC                                     ,000000000050003902                      ,Comercial,HARINA NC. ANTIGUEDAD >4/6 MESES,MSU2400301,20240509,50,50,TO,OCASTILLO,PNC,I
600,2024,11,20241130,TCNO,943,PNC                                     ,000000000050003912                      ,Producción,HARINA NC. HUMEDAD BAJA (PRODUCCION),MSU2400788,20241125,50,50,TO,ADMIJOB,PNC,I
600,2024,11,20241130,TCNO,943,PNC                                     ,000000000050003916                      ,Producción,HARINA NC. FFA,SAM2400249,20241125,50,50,TO,ADMIJOB,PNC,I
600,2024,11,20241130,TPSU,261,REPROCESO                               ,000000000050003902                      ,Comercial,HARINA NC. ANTIGUEDAD >4/6 MESES,PSU2400158,20240518,8.65,8.65,TO,JGARCIA,HARINA NC. ANTIGUEDAD >4/6 MESES,I
600,2024,11,20241130,TPSU,261,REPROCESO                               ,000000000050004985                      ,Producción,HARINA E GENERAL,PSU2400170,20241130,2,2,TO,JGARCIA,HARINA E GENERAL,I
600,2024,11,20241130,TSUP,261,REPROCESO                               ,000000000050003902                      ,Comercial,HARINA NC. ANTIGUEDAD >4/6 MESES,SUP2400171,20240529,6.5,6.5,TO,GLOPEZ,HARINA NC. ANTIGUEDAD >4/6 MESES,I
600,2024,11,20241130,TSUP,261,REPROCESO                               ,000000000050003915                      ,Producción,HOMOGENIZACION POR BAJA CALIDAD,MAT2400054,20240714,23.5,23.5,TO,GLOPEZ,HOMOGENIZACION POR BAJA CALIDAD,I
600,2024,11,20241130,TVEG,262,Neteo 261                               ,000000000050003902                      ,Comercial,HARINA NC. ANTIGUEDAD >4/6 MESES,MSU2300432,20231026,-2,2,TO,JPALACIOS,HARINA NC. ANTIGUEDAD >4/6 MESES,I
600,2024,11,20241130,TVEG,261,REPROCESO                               ,000000000050003902                      ,Comercial,HARINA NC. ANTIGUEDAD >4/6 MESES,VEG2300194,20231113,12,12,TO,JPALACIOS,HARINA NC. ANTIGUEDAD >4/6 MESES,I
600,2024,11,20241130,TVEG,943,PNC                                     ,000000000050003904                      ,Producción,HARINA NC. CLORURO ALTO,CHI2400824,20241113,2,2,TO,OCASTILLO,,I
600,2024,11,20241130,TVEG,261,REPROCESO                               ,000000000050003915                      ,Producción,HOMOGENIZACION POR BAJA CALIDAD,MAT2400053,20240713,10,10,TO,JPALACIOS,HOMOGENIZACION POR BAJA CALIDAD,I
600,2024,11,20241130,TVEG,943,PNC                                     ,000000000050003924                      ,Producción,HARINA NC. TVN,VEG2413033,20241112,24.85,24.85,TO,ADMIJOB,PNC,I
600,2024,11,20241130,TVEG,261,REPROCESO                               ,000000000050004985                      ,Producción,HARINA E GENERAL,VEG2400416,20241117,42,42,TO,GCRUZ,HARINA E GENERAL,I
600,2024,12,20241201,TCHI,261,REPROCESO                               ,000000000050003902                      ,Comercial,HARINA NC. ANTIGUEDAD >4/6 MESES,CHI2400006,20240417,12,12,TO,ASANCHEZM,HARINA NC. ANTIGUEDAD >4/6 MESES,I
600,2024,12,20241201,TCHI,261,REPROCESO                               ,000000000050004985                      ,Producción,HARINA E GENERAL,CHI2401020,20241201,6,6,TO,ASANCHEZM,HARINA E GENERAL,I
600,2024,12,20241201,TCNO,943,PNC                                     ,000000000050003902                      ,Comercial,HARINA NC. ANTIGUEDAD >4/6 MESES,MSU2400303,20240509,50,50,TO,CBURGOS,HARINA NC. ANTIGUEDAD >4/6 MESES,I
600,2024,12,20241201,TCNO,261,REPROCESO                               ,000000000050003902                      ,Comercial,HARINA NC. ANTIGUEDAD >4/6 MESES,PSU2400109,20240506,4,4,TO,CBURGOS,HARINA NC. ANTIGUEDAD >4/6 MESES,I
600,2024,12,20241201,TCNO,261,REPROCESO                               ,000000000050003904                      ,Producción,HARINA NC. CLORURO ALTO,CHI2317008,20230810,5.5,5.5,TO,CBURGOS,HARINA NC. CLORURO ALTO,I
600,2024,12,20241201,TCNO,261,REPROCESO                               ,000000000050003905                      ,Comercial,HARINA NC. COLOR,MSU2400552,20240526,2,2,TO,CBURGOS,HARINA NC. COLOR,I
600,2024,12,20241201,TCNO,943,PNC                                     ,000000000050003915                      ,Producción,HOMOGENIZACION POR BAJA CALIDAD,SAM2400259,20241126,50,50,TO,OCASTILLO,PNC,I
600,2024,12,20241201,TCNO,261,REPROCESO                               ,000000000050004985                      ,Producción,HARINA E GENERAL,CNO2400619,20241119,32,32,TO,CBURGOS,HARINA E GENERAL,I
600,2024,12,20241201,TPSU,943,PNC                                     ,000000000050003915                      ,Producción,HOMOGENIZACION POR BAJA CALIDAD,PSU2400239,20241126,50,50,TO,OCASTILLO,PNC,I
600,2024,12,20241201,TVEG,261,REPROCESO                               ,000000000050003902                      ,Comercial,HARINA NC. ANTIGUEDAD >4/6 MESES,VEG2300194,20231113,8,8,TO,JPALACIOS,HARINA NC. ANTIGUEDAD >4/6 MESES,I
600,2024,12,20241201,TVEG,261,REPROCESO                               ,000000000050003915                      ,Producción,HOMOGENIZACION POR BAJA CALIDAD,MAT2400053,20240713,18,18,TO,JPALACIOS,HOMOGENIZACION POR BAJA CALIDAD,I
600,2024,12,20241201,TVEG,261,REPROCESO                               ,000000000050003924                      ,Producción,HARINA NC. TVN,CHI2400046,20240420,3,3,TO,JPALACIOS,HARINA NC. TVN,I
600,2024,12,20241201,TVEG,261,REPROCESO                               ,000000000050004985                      ,Producción,HARINA E GENERAL,VEG2400411,20241117,14,14,TO,JPALACIOS,HARINA E GENERAL,I
600,2024,12,20241202,TCHI,943,PNC                                     ,000000000050003912                      ,Producción,HARINA NC. HUMEDAD BAJA (PRODUCCION),CHI2401016,20241128,50,50,TO,ADMIJOB,PNC,I
600,2024,12,20241202,TCHI,261,REPROCESO                               ,000000000050004985                      ,Producción,HARINA E GENERAL,CHI2401020,20241201,6,6,TO,ASANCHEZM,HARINA E GENERAL,I
600,2024,12,20241202,TCNO,261,REPROCESO                               ,000000000050003902                      ,Comercial,HARINA NC. ANTIGUEDAD >4/6 MESES,MSU2400303,20240509,15,15,TO,CBURGOS,HARINA NC. ANTIGUEDAD >4/6 MESES,I
600,2024,12,20241202,TCNO,261,REPROCESO                               ,000000000050003904                      ,Producción,HARINA NC. CLORURO ALTO,CHI2317008,20230810,1,1,TO,CBURGOS,HARINA NC. CLORURO ALTO,I