BANFN,BNFPO,TIPO_SOLPED,FRGKZ,FRGDT,LFDAT,ERNAM,AFNAM,NAME_TEXT,ZAFNAM,TXZ01,VALDOL,PTEXT,BLCKD,BLCKT,KOSTL,PS_PSP_PNR,AUFNR,WERKS,NCENTRO,EBELN,EBELP,IDEBELN,STATUSOC,EKGRP_RESP,LIFNR2,NAME1,BEDAT,FECLIB,VPEDIDOD,PROCSTAT_T,LZVON,ZZEMBAR,DIASLIBRES,DIASGENSOLP,DIASLIBSOLP,DIASNECUSU,DIASGENOC,DIASLIBOC,ELIKZ,HES_S,LOEKZ_S
0014967492,00010,COMPRAS,L,20190930,20190910,MGOMEZ,T060,REDES_PESCA,,T310 Servicio apoyo medida cables,143.41,Servicio,,,3027110004,00000000,,TCNO,TASA CALLAO NORTE,5010001105,00180,@0P@,,T70-Comp.MParodi,2052092051,SONIMAR SERVICIOS E.I.R.L.,20191009,20191010,141.68,Liberación concluida,20190701,T310,,,20,20-,9,1,,100,
0014967497,00010,COMPRAS,L,20190930,20190910,MGOMEZ,T060,REDES_PESCA,,Servicio instalación mangueras grua,110,Servicio,,,3024000001,00000000,,TCNO,TASA CALLAO NORTE,5010001037,00040,@0P@,Descargado en PDF.,T76-RPA Tipo4 B,2052479380,SOLUCIONES TECNICAS H & R S.A.,20191007,20191010,110,Liberación concluida,20190701,,,,20,20-,7,3,,100,
0014967501,00010,COMPRAS,L,20190930,20190910,MGOMEZ,T060,REDES_PESCA,,T56 Servicio confección defensa de panga,104.57,Servicio,,,3027140010,00000000,,TCNO,TASA CALLAO NORTE,5010000935,00030,@0P@,,T76-RPA Tipo4 B,2060300007,MAYURUMI NET E.I.R.L.,20191004,20191010,103.61,Liberación concluida,20190701,T56,,,20,20-,4,6,,100,
0014967501,00020,COMPRAS,L,20190930,20190910,MGOMEZ,T060,REDES_PESCA,,T54 Servicio confección defensa de panga,104.57,Servicio,,,3027140001,00000000,,TCNO,TASA CALLAO NORTE,5010000935,00020,@0P@,,T76-RPA Tipo4 B,2060300007,MAYURUMI NET E.I.R.L.,20191004,20191010,103.61,Liberación concluida,20190701,T56,,,20,20-,4,6,,100,
0014967504,00010,COMPRAS,L,20190930,20190910,MGOMEZ,T060,REDES_PESCA,,Servicio mantenimiento tensiometro,125.49,Servicio,,,3024000001,00000000,,TCNO,TASA CALLAO NORTE,5010001088,00010,@0P@,,T79-Comp.GBerna,2056267271,YULE ELECTRICIDAD S.A.C.,20191009,20191010,117.77,Liberación concluida,20190909,,,,20,20-,9,1,,100,
0014967509,00010,COMPRAS,L,20190930,20190910,MGOMEZ,T060,REDES_PESCA,,Servicio rellenado/esmerilado de anillas,361.52,Servicio,,,3027120007,00000000,,TCNO,TASA CALLAO NORTE,5010002015,00040,@0P@,Descargado en PDF.,T78-Comp.ANavarrete,2049483465,REPRESENTACIONES E INVERSIONES,20191021,20191022,343.44,Liberación concluida,20190516,,,,20,20-,21,1,,100,
0014967518,00010,COMPRAS,L,20190930,20190920,MGOMEZ,T060,REDES_PESCA,,Servicio mantenimiento grúa redes,290,Servicio,,,3024000001,00000000,,TCNO,TASA CALLAO NORTE,5010000920,00010,@0P@,Descargado en PDF.,T76-RPA Tipo4 B,2051693647,GRC GRUPO DE REPARACIONES Y CO,20191004,20191009,290,Liberación concluida,20190822,,,,20,10-,4,5,,100,
0015033833,00010,COMPRAS,L,20190930,20190916,MGOMEZ,T060,REDES_PESCA,,T61 Confección maniobra cadena,1242,Servicio,,,3027120012,00000000,,TCNO,TASA CALLAO NORTE,5010002660,00010,@0P@,Descargado en PDF.,T76-RPA Tipo4 B,0000009265,INGENIEROS MECANICO METALURGIC,20191029,20191104,1242,Liberación concluida,20191010,,,,14,14-,29,6,,100,
0015139693,00010,COMPRAS,L,20190930,20190924,MGOMEZ,T060,REDES_PESCA,,T57 Servicio embarque red sardinera,252.68,Servicio,,,3027140008,00000000,,TCNO,TASA CALLAO NORTE,5010001105,00190,@0P@,,T70-Comp.MParodi,2052092051,SONIMAR SERVICIOS E.I.R.L.,20191009,20191010,250.89,Liberación concluida,20190701,,,,6,6-,9,1,,100,
0015139693,00020,COMPRAS,L,20190930,20190924,MGOMEZ,T060,REDES_PESCA,,T57 Servicio pega red sardinera,237.81,Servicio,,,3027140008,00000000,,TCNO,TASA CALLAO NORTE,5010001105,00200,@0P@,,T70-Comp.MParodi,2052092051,SONIMAR SERVICIOS E.I.R.L.,20191009,20191010,236.13,Liberación concluida,20190701,,,,6,6-,9,1,,100,
0015139693,00030,COMPRAS,L,20190930,20190924,MGOMEZ,T060,REDES_PESCA,,T41 Servicio confección defensa panga,178.36,Servicio,,,3023140004,00000000,,TCNO,TASA CALLAO NORTE,5010001109,00170,@0P@,,T70-Comp.MParodi,2052469724,SERVICIOS GENERALES G.S.E. E.I,20191009,20191010,177.1,Liberación concluida,20190701,,,,6,6-,9,1,,100,
0015139693,00040,COMPRAS,L,20190930,20190924,MGOMEZ,T060,REDES_PESCA,,SB600 Servicio desembarque/embarque,505.35,Servicio,,,3023120010,00000000,,TCNO,TASA CALLAO NORTE,5010000935,00010,@0P@,,T76-RPA Tipo4 B,2060300007,MAYURUMI NET E.I.R.L.,20191004,20191010,503.26,Liberación concluida,20190701,,,,6,6-,4,6,,100,
0015253316,00010,COMPRAS,L,20191006,20191009,MTENORIO,T042,CALIDAD_PESCA,CALIDAD PESCA,T 36LB(T1)CHI-SUR-MT,206.61,Servicio,,,3023130002,00000000,,TMAT,MATARANI,5010001224,00090,@0P@,,T79-Comp.GBerna,0000028706,SERVIMANEF E.I.R.L.,20191010,20191012,207.16,Liberación concluida,20190904,,,,3,3,4,2,,100,
0015253316,00020,COMPRAS,L,20191006,20191009,MTENORIO,T042,CALIDAD_PESCA,CALIDAD PESCA,T210LB(T1)CHI-SUR-MT,206.61,Servicio,,,3023130003,00000000,,TMAT,MATARANI,5010001224,00080,@0P@,,T79-Comp.GBerna,0000028706,SERVIMANEF E.I.R.L.,20191010,20191012,207.16,Liberación concluida,20190904,,,,3,3,4,2,,100,
0015253316,00030,COMPRAS,L,20191006,20191009,MTENORIO,T042,CALIDAD_PESCA,CALIDAD PESCA,T111LB(T1)CHI-SUR-MT,206.61,Servicio,,,3023110008,00000000,,TMAT,MATARANI,5010001224,00070,@0P@,,T79-Comp.GBerna,0000028706,SERVIMANEF E.I.R.L.,20191010,20191012,207.16,Liberación concluida,20190905,,,,3,3,4,2,,100,
0015253316,00040,COMPRAS,L,20191006,20191009,MTENORIO,T042,CALIDAD_PESCA,CALIDAD PESCA,T220LB(T1)CHI-SUR-MT,206.61,Servicio,,,3023110002,00000000,,TMAT,MATARANI,5010001224,00060,@0P@,,T79-Comp.GBerna,0000028706,SERVIMANEF E.I.R.L.,20191010,20191012,207.16,Liberación concluida,20190909,,,,3,3,4,2,,100,
0015253316,00050,COMPRAS,L,20191006,20191009,MTENORIO,T042,CALIDAD_PESCA,CALIDAD PESCA,T 17LB(T1)CHI-SUR-MT,206.61,Servicio,,,3023110001,00000000,,TMAT,MATARANI,5010001224,00050,@0P@,,T79-Comp.GBerna,0000028706,SERVIMANEF E.I.R.L.,20191010,20191012,207.16,Liberación concluida,20190911,,,,3,3,4,2,,100,
0015253316,00060,COMPRAS,L,20191006,20191009,MTENORIO,T042,CALIDAD_PESCA,CALIDAD PESCA,T426LB(T1)CHI-SUR-MT,206.61,Servicio,,,3023130010,00000000,,TMAT,MATARANI,5010001224,00040,@0P@,,T79-Comp.GBerna,0000028706,SERVIMANEF E.I.R.L.,20191010,20191012,207.16,Liberación concluida,20190906,,,,3,3,4,2,,100,
0015253316,00070,COMPRAS,L,20191006,20191009,MTENORIO,T042,CALIDAD_PESCA,CALIDAD PESCA,T 22LB(T1)CHI-SUR-MT,206.61,Servicio,,,3023130011,00000000,,TMAT,MATARANI,5010001224,00030,@0P@,,T79-Comp.GBerna,0000028706,SERVIMANEF E.I.R.L.,20191010,20191012,207.16,Liberación concluida,20190910,,,,3,3,4,2,,100,
0015253316,00080,COMPRAS,L,20191006,20191009,MTENORIO,T042,CALIDAD_PESCA,CALIDAD PESCA,T416DB(T4)CHI-SUR-MT,354.19,Servicio,,,3023120009,00000000,,TMAT,MATARANI,5010001224,00020,@0P@,,T79-Comp.GBerna,0000028706,SERVIMANEF E.I.R.L.,20191010,20191012,355.13,Liberación concluida,20190829,,,,3,3,4,2,,100,
0015253316,00090,COMPRAS,L,20191006,20191009,MTENORIO,T042,CALIDAD_PESCA,CALIDAD PESCA,T411DB(T4)CHI-SUR-MT,354.19,Servicio,,,3023120011,00000000,,TMAT,MATARANI,5010001224,00010,@0P@,,T79-Comp.GBerna,0000028706,SERVIMANEF E.I.R.L.,20191010,20191012,355.13,Liberación concluida,20190824,,,,3,3,4,2,,100,
0015253336,00010,COMPRAS,L,20191006,20191009,MTENORIO,T042,CALIDAD_PESCA,CALIDAD PESCA,T 37DB(T4)CHI-CN-CO,354.19,Servicio,,,3023130001,00000000,,TCNO,TASA CALLAO NORTE,5010001312,00170,@0P@,,T79-Comp.GBerna,2051397312,SISMAGEN S.A.C.,20191011,20191022,357.04,Liberación concluida,20190819,,,,3,3,5,11,,100,
0015253336,00020,COMPRAS,L,20191006,20191009,MTENORIO,T042,CALIDAD_PESCA,CALIDAD PESCA,T310DB(T4)CHI-CN-CO,354.19,Servicio,,,3023110004,00000000,,TCNO,TASA CALLAO NORTE,5010001312,00190,@0P@,,T79-Comp.GBerna,2051397312,SISMAGEN S.A.C.,20191011,20191022,357.04,Liberación concluida,20190820,,,,3,3,5,11,,100,
0015253336,00030,COMPRAS,L,20191006,20191009,MTENORIO,T042,CALIDAD_PESCA,CALIDAD PESCA,T413DB(T5)CHI-CN-CO,472.26,Servicio,,,3023120008,00000000,,TCNO,TASA CALLAO NORTE,5010001312,00200,@0P@,,T79-Comp.GBerna,2051397312,SISMAGEN S.A.C.,20191011,20191022,476.05,Liberación concluida,20190822,,,,3,3,5,11,,100,
0015253336,00040,COMPRAS,L,20191006,20191009,MTENORIO,T042,CALIDAD_PESCA,CALIDAD PESCA,T 21DB(T4)CHI-CN-CO,354.19,Servicio,,,3023130006,00000000,,TCNO,TASA CALLAO NORTE,5010001312,00160,@0P@,,T79-Comp.GBerna,2051397312,SISMAGEN S.A.C.,20191011,20191022,357.04,Liberación concluida,20190823,,,,3,3,5,11,,100,
0015253336,00050,COMPRAS,L,20191006,20191009,MTENORIO,T042,CALIDAD_PESCA,CALIDAD PESCA,T 57DB(T6)CHI-CN-CO,590.32,Servicio,,,3023140008,00000000,,TCNO,TASA CALLAO NORTE,5010001312,00180,@0P@,,T79-Comp.GBerna,2051397312,SISMAGEN S.A.C.,20191011,20191022,595.06,Liberación concluida,20190826,,,,3,3,5,11,,100,
0015253382,00010,COMPRAS,L,20191005,20191015,SCORDERO,T050,OPBAHIA_PESCA,,T34-MANTENIMIENTO BOTELLA DE SCBA,36,Servicio,,,3023130005,00000000,000000900271,TCNO,TASA CALLAO NORTE,5010001192,00010,@0P@,Descargado en PDF.,T79-Comp.GBerna,2021399167,EQUIPOS SISTEMAS Y ACCESORIOS,20191010,20191104,36,Liberación concluida,20190925,,,,2,10,5,25,,100,
0015253382,00020,COMPRAS,L,20191005,20191015,SCORDERO,T050,OPBAHIA_PESCA,,T34-MANTENIMIENTO EQUIPO RESUCITADOR,28.5,Servicio,,,3023130005,00000000,000000900271,TCNO,TASA CALLAO NORTE,5010001192,00020,@0P@,Descargado en PDF.,T79-Comp.GBerna,2021399167,EQUIPOS SISTEMAS Y ACCESORIOS,20191010,20191104,28.5,Liberación concluida,20190925,,,,2,10,5,25,,100,
0015253382,00030,COMPRAS,L,20191005,20191015,SCORDERO,T050,OPBAHIA_PESCA,,T32-MANTENIMIENTO EXTINTORES,29.6,Servicio,,,3023130009,00000000,000000900302,TCNO,TASA CALLAO NORTE,5010001192,00030,@0P@,Descargado en PDF.,T79-Comp.GBerna,2021399167,EQUIPOS SISTEMAS Y ACCESORIOS,20191010,20191104,29.6,Liberación concluida,20190925,,,,2,10,5,25,,100,
0015253382,00040,COMPRAS,L,20191005,20191015,SCORDERO,T050,OPBAHIA_PESCA,,T34-MANTENIMIENTO EXTINTORES,59.6,Servicio,,,3023130005,00000000,000000900271,TCNO,TASA CALLAO NORTE,5010001192,00040,@0P@,Descargado en PDF.,T79-Comp.GBerna,2021399167,EQUIPOS SISTEMAS Y ACCESORIOS,20191010,20191104,59.6,Liberación concluida,20190925,,,,2,10,5,25,,100,
0015253382,00050,COMPRAS,L,20191005,20191015,SCORDERO,T050,OPBAHIA_PESCA,,R/M H4-MANTENIMIENTO EXTINTOR,224.2,Servicio,,,3023310003,00000000,,TCNO,TASA CALLAO NORTE,5010001192,00050,@0P@,Descargado en PDF.,T79-Comp.GBerna,2021399167,EQUIPOS SISTEMAS Y ACCESORIOS,20191010,20191104,224.2,Liberación concluida,20190925,,,,2,10,5,25,,100,
0015253382,00060,COMPRAS,L,20191005,20191015,SCORDERO,T050,OPBAHIA_PESCA,,T424-MANTENIMIENTO EXTINTOR,438.6,Servicio,,,3023130012,00000000,000000900309,TCNO,TASA CALLAO NORTE,5010001192,00060,@0P@,Descargado en PDF.,T79-Comp.GBerna,2021399167,EQUIPOS SISTEMAS Y ACCESORIOS,20191010,20191104,438.6,Liberación concluida,20190919,,,,2,10,5,25,,100,
0015253382,00070,COMPRAS,L,20191005,20191015,SCORDERO,T050,OPBAHIA_PESCA,,T36-MANTENIMIENTO PAQUETE EMERGENCIA,282,Servicio,,,3023130002,00000000,000000900300,TCNO,TASA CALLAO NORTE,5010001192,00070,@0P@,Descargado en PDF.,T79-Comp.GBerna,2021399167,EQUIPOS SISTEMAS Y ACCESORIOS,20191010,20191104,282,Liberación concluida,20190911,,,,2,10,5,25,,100,
0015253382,00080,COMPRAS,L,20191005,20191015,SCORDERO,T050,OPBAHIA_PESCA,,T210-MANTENIMIENTO BOTELLA SCBA,36,Servicio,,,3023130002,00000000,000000900300,TCNO,TASA CALLAO NORTE,5010001192,00080,@0P@,Descargado en PDF.,T79-Comp.GBerna,2021399167,EQUIPOS SISTEMAS Y ACCESORIOS,20191010,20191104,36,Liberación concluida,20190911,,,,2,10,5,25,,100,
0015253382,00090,COMPRAS,L,20191005,20191015,SCORDERO,T050,OPBAHIA_PESCA,,T36-MANTENIMIENTO EQUIPO SCBA,50.5,Servicio,,,3023130002,00000000,000000900300,TCNO,TASA CALLAO NORTE,5010001192,00090,@0P@,Descargado en PDF.,T79-Comp.GBerna,2021399167,EQUIPOS SISTEMAS Y ACCESORIOS,20191010,20191104,50.5,Liberación concluida,20190911,,,,2,10,5,25,,100,
0015253382,00100,COMPRAS,L,20191005,20191015,SCORDERO,T050,OPBAHIA_PESCA,,R/M MQ 14-MANTENIMIENTO PAQUETE DE EMERG,484.2,Servicio,,,3023310005,00000000,,TCNO,TASA CALLAO NORTE,5010001192,00100,@0P@,Descargado en PDF.,T79-Comp.GBerna,2021399167,EQUIPOS SISTEMAS Y ACCESORIOS,20191010,20191104,484.2,Liberación concluida,20190909,,,,2,10,5,25,,100,
0015253382,00110,COMPRAS,L,20191005,20191015,SCORDERO,T050,OPBAHIA_PESCA,,T21-MANTENIMIENTO ARO SALVAVIDA,44,Servicio,,,3023130006,00000000,000000900296,TCNO,TASA CALLAO NORTE,5010001192,00110,@0P@,Descargado en PDF.,T79-Comp.GBerna,2021399167,EQUIPOS SISTEMAS Y ACCESORIOS,20191010,20191104,44,Liberación concluida,20190909,,,,2,10,5,25,,100,
0015253382,00120,COMPRAS,L,20191005,20191015,SCORDERO,T050,OPBAHIA_PESCA,,T21-MANTENIMIENTO AROS SALVAVIDAS,22,Servicio,,,3023130006,00000000,000000900296,TCNO,TASA CALLAO NORTE,5010001192,00120,@0P@,Descargado en PDF.,T79-Comp.GBerna,2021399167,EQUIPOS SISTEMAS Y ACCESORIOS,20191010,20191104,22,Liberación concluida,20190909,,,,2,10,5,25,,100,
0015253382,00130,COMPRAS,L,20191005,20191015,SCORDERO,T050,OPBAHIA_PESCA,,T315-MANTENIMIENTO EQUIPO RESUCITADOR,42.5,Servicio,,,3023110007,00000000,000000900259,TCNO,TASA CALLAO NORTE,5010001192,00130,@0P@,Descargado en PDF.,T79-Comp.GBerna,2021399167,EQUIPOS SISTEMAS Y ACCESORIOS,20191010,20191104,42.5,Liberación concluida,20190909,,,,2,10,5,25,,100,
0015253382,00140,COMPRAS,L,20191005,20191015,SCORDERO,T050,OPBAHIA_PESCA,,SAN GALLAN-MANTENIMIENTO EXTINTOR,96.3,Servicio,,,3023320003,00000000,,TCNO,TASA CALLAO NORTE,5010001192,00140,@0P@,Descargado en PDF.,T79-Comp.GBerna,2021399167,EQUIPOS SISTEMAS Y ACCESORIOS,20191010,20191104,96.3,Liberación concluida,20190909,,,,2,10,5,25,,100,
0015253382,00150,COMPRAS,L,20191005,20191015,SCORDERO,T050,OPBAHIA_PESCA,,R/M H1-MANTENIMIENTO EXTINTOR,115.1,Servicio,,,3023310006,00000000,,TCNO,TASA CALLAO NORTE,5010001192,00150,@0P@,Descargado en PDF.,T79-Comp.GBerna,2021399167,EQUIPOS SISTEMAS Y ACCESORIOS,20191010,20191104,115.1,Liberación concluida,20190909,,,,2,10,5,25,,100,
0015253382,00160,COMPRAS,L,20191005,20191015,SCORDERO,T050,OPBAHIA_PESCA,,T218-MANTENIMENTO EXTINTOR,28.3,Servicio,,,3023110003,00000000,000000900292,TCNO,TASA CALLAO NORTE,5010001192,00160,@0P@,Descargado en PDF.,T79-Comp.GBerna,2021399167,EQUIPOS SISTEMAS Y ACCESORIOS,20191010,20191104,28.3,Liberación concluida,20190909,,,,2,10,5,25,,100,
0015253382,00170,COMPRAS,L,20191005,20191015,SCORDERO,T050,OPBAHIA_PESCA,,T35-MANTENIMIENTO EXTINTOR,217,Servicio,,,3023130004,00000000,000000900269,TCNO,TASA CALLAO NORTE,5010001192,00170,@0P@,Descargado en PDF.,T79-Comp.GBerna,2021399167,EQUIPOS SISTEMAS Y ACCESORIOS,20191010,20191104,217,Liberación concluida,20190909,,,,2,10,5,25,,100,
0015253382,00180,COMPRAS,L,20191005,20191015,SCORDERO,T050,OPBAHIA_PESCA,,T111-MANTENIMIENTO PAQUETE EMERGENCIA,294.8,Servicio,,,3023110008,00000000,000000900291,TCNO,TASA CALLAO NORTE,5010001192,00180,@0P@,Descargado en PDF.,T79-Comp.GBerna,2021399167,EQUIPOS SISTEMAS Y ACCESORIOS,20191010,20191104,294.8,Liberación concluida,20190904,,,,2,10,5,25,,100,
0015253382,00190,COMPRAS,L,20191005,20191015,SCORDERO,T050,OPBAHIA_PESCA,,T21-MANTENIMIENTO AROS SALVAVIDAS,44,Servicio,,,3023130006,00000000,000000900296,TCNO,TASA CALLAO NORTE,5010001192,00190,,Descargado en PDF.,T79-Comp.GBerna,2021399167,EQUIPOS SISTEMAS Y ACCESORIOS,20191010,20191104,44,Liberación concluida,20190904,,,,2,10,5,25,,100,
0015253382,00200,COMPRAS,L,20191005,20191015,SCORDERO,T050,OPBAHIA_PESCA,,T36-MANTENIMIENTO EQUIPO RESUCITADOR,47.5,Servicio,,,3023130002,00000000,000000900300,TCNO,TASA CALLAO NORTE,5010001192,00200,@0P@,Descargado en PDF.,T79-Comp.GBerna,2021399167,EQUIPOS SISTEMAS Y ACCESORIOS,20191010,20191104,47.5,Liberación concluida,20190904,,,,2,10,5,25,,100,
0015253382,00210,COMPRAS,L,20191005,20191015,SCORDERO,T050,OPBAHIA_PESCA,,T220-MANTENIMIENTO EQUIPO RESUCITADOR,46,Servicio,,,3023110002,00000000,000000900323,TCNO,TASA CALLAO NORTE,5010001192,00210,@0P@,Descargado en PDF.,T79-Comp.GBerna,2021399167,EQUIPOS SISTEMAS Y ACCESORIOS,20191010,20191104,46,Liberación concluida,20190904,,,,1,10,5,25,,100,
0015253382,00220,COMPRAS,L,20191005,20191015,SCORDERO,T050,OPBAHIA_PESCA,,T220-MANTENIMIENTO EQUIPO SCBA,305.5,Servicio,,,3023110002,00000000,000000900323,TCNO,TASA CALLAO NORTE,5010001192,00220,@0P@,Descargado en PDF.,T79-Comp.GBerna,2021399167,EQUIPOS SISTEMAS Y ACCESORIOS,20191010,20191104,305.5,Liberación concluida,20190904,,,,1,10,5,25,,100,
0015253382,00230,COMPRAS,L,20191005,20191015,SCORDERO,T050,OPBAHIA_PESCA,,T36-MANTENIMIENTO EXTINTORES,72.6,Servicio,,,3023130002,00000000,000000900300,TCNO,TASA CALLAO NORTE,5010001192,00230,@0P@,Descargado en PDF.,T79-Comp.GBerna,2021399167,EQUIPOS SISTEMAS Y ACCESORIOS,20191010,20191104,72.6,Liberación concluida,20190904,,,,1,10,5,25,,100,
0015253382,00240,COMPRAS,L,20191005,20191015,SCORDERO,T050,OPBAHIA_PESCA,,T220-MANTENIMIENTO EXTINTORES,71.8,Servicio,,,3023110002,00000000,000000900323,TCNO,TASA CALLAO NORTE,5010001192,00240,@0P@,Descargado en PDF.,T79-Comp.GBerna,2021399167,EQUIPOS SISTEMAS Y ACCESORIOS,20191010,20191104,71.8,Liberación concluida,20190904,,,,1,10,5,25,,100,