MANDT,BUKRS,AUFNR,WERKS_CAB,GJAHR,PERIO,WAERS_PRIN,BUZEI,CATEG_TXT,KSTAR,KSTAR_TXT,MBGBTR,MEINH,WOGBTR,WOGBTR2,WOGBTR_REVAL,WAERS,HERKU,HERKU_TXT,MATNR,KOSTL,COST_PROM,WOGBTR_REVAL2,COST_PROM2,VPRSV,PLANMENG_G,PLANKOST_G,COST_UNIT_G,CANT_NOTI,COST_NOTI,UN_NEGOCIO,LINEA,PROCESO,DESV_CANT,DESV_CANT1,DESV_COST,MTART,AUART,TXT,MTBEZ,MATNR_TXT,AUFEX,EXPOR,MBGBTR2,MEINH2,IDPRO,PROCE,IDFAS,FASES,IDCOM,COMPO,IDCAM,CAMPA,MATN2,EXTCAS,TN_MATPRI,TN_MATPRISP,TN_PRODUC,TN_PRODUCSP
600,TA10,000000400000,TCNO,2020,03,PEN,001,COSTOS,0063930142,Servicios de Agencia de Aduanas PPTT,0,,-10.2,-10.2,-10.2,PEN,/,,,,0,-10.2,0,,0,0,0,0,0,,,,0,0,0,,0400,Orden CO - Marketing,,,,,0,,000,,000,,000,,00000000000000,,,,0,0,0,0
600,TA10,000000400000,TCNO,2020,03,USD,001,COSTOS,0063930142,Servicios de Agencia de Aduanas PPTT,0,,0,0,0,USD,/,,,,0,0,0,,0,0,0,0,0,,,,0,0,0,,0400,Orden CO - Marketing,,,,,0,,000,,000,,000,,00000000000000,,,,0,0,0,0
600,TA10,000000700520,T017,2019,09,USD,001,COSTOS,0062710105,Regimen de prestac de salud-Tripulantes,0,,0,0,0,USD,/,,,,0,0,0,,0,0,0,0,0,EXT,EXTRACCIÓN,EXTRACCIÓN,100,0,100,,RM01,Colector de costes del producto,,,CHI_PES_SUR,,0,,000,,000,,000,,00000000000000,,,,0,0,0,0
600,TA10,000000700520,T017,2019,09,USD,002,COSTOS,0062150106,Vacaciones tripulantes (Variable),0,,0,0,0,USD,/,,,,0,0,0,,0,0,0,0,0,EXT,EXTRACCIÓN,EXTRACCIÓN,100,0,100,,RM01,Colector de costes del producto,,,CHI_PES_SUR,,0,,000,,000,,000,,00000000000000,,,,0,0,0,0
600,TA10,000000700520,T017,2019,09,USD,003,COSTOS,0062730108,SCTR Tripulantes-variable,0,,0,0,0,USD,/,,,,0,0,0,,0,0,0,0,0,EXT,EXTRACCIÓN,EXTRACCIÓN,100,0,100,,RM01,Colector de costes del producto,,,CHI_PES_SUR,,0,,000,,000,,000,,00000000000000,,,,0,0,0,0
600,TA10,000000700520,T017,2019,09,USD,004,COSTOS,0062910105,CTS-Planilla Tripulante (Variable),0,,0,0,0,USD,/,,,,0,0,0,,0,0,0,0,0,EXT,EXTRACCIÓN,EXTRACCIÓN,100,0,100,,RM01,Colector de costes del producto,,,CHI_PES_SUR,,0,,000,,000,,000,,00000000000000,,,,0,0,0,0
600,TA10,000000700520,T017,2019,09,USD,005,COSTOS,0062201027,Otras Bonificaciones Tripulantes (Variab,0,,0,0,0,USD,/,,,,0,0,0,,0,0,0,0,0,EXT,EXTRACCIÓN,EXTRACCIÓN,100,0,100,,RM01,Colector de costes del producto,,,CHI_PES_SUR,,0,,000,,000,,000,,00000000000000,,,,0,0,0,0
600,TA10,000000700520,T017,2019,09,USD,006,COSTOS,0062140104,Gratificac fiest patria /navid tripul (V,0,,0,0,0,USD,/,,,,0,0,0,,0,0,0,0,0,EXT,EXTRACCIÓN,EXTRACCIÓN,100,0,100,,RM01,Colector de costes del producto,,,CHI_PES_SUR,,0,,000,,000,,000,,00000000000000,,,,0,0,0,0
600,TA10,000000700520,T017,2019,09,USD,007,COSTOS,0062750111,Sist de Pensiones - Jubilación Tripulant,0,,0,0,0,USD,/,,,,0,0,0,,0,0,0,0,0,EXT,EXTRACCIÓN,EXTRACCIÓN,100,0,100,,RM01,Colector de costes del producto,,,CHI_PES_SUR,,0,,000,,000,,000,,00000000000000,,,,0,0,0,0
600,TA10,000000700520,T017,2019,10,PEN,001,COSTOS,0062110108,Participaciones de pesca tripulantes,0,,14186.78,14186.78,14186.78,PEN,/,,,,0,14186.78,0,,0,0,0,0,0,EXT,EXTRACCIÓN,EXTRACCIÓN,0,0,0,,RM01,Colector de costes del producto,,,CHI_PES_SUR,,0,,000,,000,,000,,00000000000000,,,,0,0,0,0
600,TA10,000000700520,T017,2019,10,PEN,002,COSTOS,0062750111,Sist de Pensiones - Jubilación Tripulant,0,,617.68,617.68,617.68,PEN,/,,,,0,617.68,0,,0,0,0,0,0,EXT,EXTRACCIÓN,EXTRACCIÓN,0,0,0,,RM01,Colector de costes del producto,,,CHI_PES_SUR,,0,,000,,000,,000,,00000000000000,,,,0,0,0,0
600,TA10,000000700520,T017,2019,10,PEN,003,COSTOS,0062740105,Seguro Vida Ley Tripulantes Variable,0,,0,0,0,PEN,/,,,,0,0,0,,0,0,0,0,0,EXT,EXTRACCIÓN,EXTRACCIÓN,0,0,0,,RM01,Colector de costes del producto,,,CHI_PES_SUR,,0,,000,,000,,000,,00000000000000,,,,0,0,0,0
600,TA10,000000700520,T017,2019,10,PEN,004,COSTOS,0062110111,Incentivo de pesca,0,,1060.51,1060.51,1060.51,PEN,/,,,,0,1060.51,0,,0,0,0,0,0,EXT,EXTRACCIÓN,EXTRACCIÓN,0,0,0,,RM01,Colector de costes del producto,,,CHI_PES_SUR,,0,,000,,000,,000,,00000000000000,,,,0,0,0,0
600,TA10,000000700520,T017,2019,10,PEN,005,COSTOS,0062730108,SCTR Tripulantes-variable,0,,731.87,731.87,731.87,PEN,/,,,,0,731.87,0,,0,0,0,0,0,EXT,EXTRACCIÓN,EXTRACCIÓN,0,0,0,,RM01,Colector de costes del producto,,,CHI_PES_SUR,,0,,000,,000,,000,,00000000000000,,,,0,0,0,0
600,TA10,000000700520,T017,2019,10,PEN,006,COSTOS,0062710105,Regimen de prestac de salud-Tripulantes,0,,2188.43,2188.43,2188.43,PEN,/,,,,0,2188.43,0,,0,0,0,0,0,EXT,EXTRACCIÓN,EXTRACCIÓN,0,0,0,,RM01,Colector de costes del producto,,,CHI_PES_SUR,,0,,000,,000,,000,,00000000000000,,,,0,0,0,0
600,TA10,000000700520,T017,2019,10,PEN,007,COSTOS,0062201027,Otras Bonificaciones Tripulantes (Variab,0,,968.16,968.16,968.16,PEN,/,,,,0,968.16,0,,0,0,0,0,0,EXT,EXTRACCIÓN,EXTRACCIÓN,0,0,0,,RM01,Colector de costes del producto,,,CHI_PES_SUR,,0,,000,,000,,000,,00000000000000,,,,0,0,0,0
600,TA10,000000700520,T017,2019,10,PEN,008,COSTOS,0062910105,CTS-Planilla Tripulante (Variable),0,,1055.65,1055.65,1055.65,PEN,/,,,,0,1055.65,0,,0,0,0,0,0,EXT,EXTRACCIÓN,EXTRACCIÓN,0,0,0,,RM01,Colector de costes del producto,,,CHI_PES_SUR,,0,,000,,000,,000,,00000000000000,,,,0,0,0,0
600,TA10,000000700520,T017,2019,10,PEN,009,COSTOS,0064431001,Fondo extraordinario del Pescador(FEP),0,,0,0,0,PEN,/,,,,0,0,0,,0,0,0,0,0,EXT,EXTRACCIÓN,EXTRACCIÓN,0,0,0,,RM01,Colector de costes del producto,,,CHI_PES_SUR,,0,,000,,000,,000,,00000000000000,,,,0,0,0,0
600,TA10,000000700520,T017,2019,10,PEN,010,COSTOS,0062501021,Viveres de Embarcaciones,0,,13350.62,13350.62,13350.62,PEN,/,,,,0,13350.62,0,,0,0,0,0,0,EXT,EXTRACCIÓN,EXTRACCIÓN,0,0,0,,RM01,Colector de costes del producto,,,CHI_PES_SUR,,0,,000,,000,,000,,00000000000000,,,,0,0,0,0
600,TA10,000000700520,T017,2019,10,PEN,011,ACTIVIDADES,S9150001,DERECHO DE PESCA CHI,196.765,ST,4299.22,4299.22,4299.22,PEN,3027110001/110001,Tasa 17 (Rimac 4),,3027110001,21.85,4299.22,0,,0,0,0,0,0,EXT,EXTRACCIÓN,EXTRACCIÓN,0,0,0,,RM01,Colector de costes del producto,,,CHI_PES_SUR,,0,,000,,000,,000,,00000000000000,,,,0,0,0,0
600,TA10,000000700520,T017,2019,10,PEN,012,ACTIVIDADES,S9110001,GIF,196.765,TO,72512.82,72512.82,72512.82,PEN,3027110001/110001,Tasa 17 (Rimac 4),,3027110001,368.52,72512.82,0,,0,0,0,0,0,EXT,EXTRACCIÓN,EXTRACCIÓN,0,0,0,,RM01,Colector de costes del producto,,,CHI_PES_SUR,,0,,000,,000,,000,,00000000000000,,,,0,0,0,0
600,TA10,000000700520,T017,2019,10,PEN,013,COSTOS,0062140104,Gratificac fiest patria /navid tripul (V,0,,1809.79,1809.79,1809.79,PEN,/,,,,0,1809.79,0,,0,0,0,0,0,EXT,EXTRACCIÓN,EXTRACCIÓN,0,0,0,,RM01,Colector de costes del producto,,,CHI_PES_SUR,,0,,000,,000,,000,,00000000000000,,,,0,0,0,0
600,TA10,000000700520,T017,2019,10,PEN,014,CONSUMOS,0061324005,Diesel 2 consumo,570,GLL,5437.8,5576.71,5437.8,PEN,T017/30000527,PETROLEO DIESEL B5 S50 PD - TASA,0000000000000000000000000000000030000527,,9.78,0,0,V,0,0,0,0,0,EXT,EXTRACCIÓN,EXTRACCIÓN,0,0,100,ZCOM,RM01,Colector de costes del producto,Combustibles/Lubricantes,PETROLEO DIESEL B5 S50 PD - TASA,CHI_PES_SUR,,0,,000,,000,,000,,00000000000000,,000000000030000527,,0,0,0,0
600,TA10,000000700520,T017,2019,10,PEN,015,ENTREGAS,0071321001,VARIAC. DE PROD.PROC.-ORDEN DE FABRIC.,-196.765,TO,-368627.43,-119342.2,-368627.43,PEN,T017/40001097,ANCHOVETA PROPIA,0000000000000000000000000000000040001097,,606.52,0,0,S,0,0,0,0,0,EXT,EXTRACCIÓN,EXTRACCIÓN,0,0,100,HALB,RM01,Colector de costes del producto,Producto semielaborado,ANCHOVETA PROPIA,CHI_PES_SUR,,-196.765,TO,000,,000,,000,,00000000000000,,000000000040001097,,0,0,0,0
600,TA10,000000700520,T017,2019,10,PEN,016,ACTIVIDADES,S9170001,MEMBRESÍA ANNEP,196.765,ST,79.07,79.07,79.07,PEN,3027110001/110001,Tasa 17 (Rimac 4),,3027110001,0.4,79.07,0,,0,0,0,0,0,EXT,EXTRACCIÓN,EXTRACCIÓN,0,0,0,,RM01,Colector de costes del producto,,,CHI_PES_SUR,,0,,000,,000,,000,,00000000000000,,,,0,0,0,0
600,TA10,000000700520,T017,2019,10,PEN,017,COSTOS,0062150106,Vacaciones tripulantes (Variable),0,,904.89,904.89,904.89,PEN,/,,,,0,904.89,0,,0,0,0,0,0,EXT,EXTRACCIÓN,EXTRACCIÓN,0,0,0,,RM01,Colector de costes del producto,,,CHI_PES_SUR,,0,,000,,000,,000,,00000000000000,,,,0,0,0,0
600,TA10,000000700520,T017,2019,10,USD,001,COSTOS,0062110108,Participaciones de pesca tripulantes,0,,4230.24,4230.24,4230.24,USD,/,,,,0,4230.24,0,,0,0,0,0,0,EXT,EXTRACCIÓN,EXTRACCIÓN,0,0,0,,RM01,Colector de costes del producto,,,CHI_PES_SUR,,0,,000,,000,,000,,00000000000000,,,,0,0,0,0
600,TA10,000000700520,T017,2019,10,USD,002,COSTOS,0062750111,Sist de Pensiones - Jubilación Tripulant,0,,184.84,184.84,184.84,USD,/,,,,0,184.84,0,,0,0,0,0,0,EXT,EXTRACCIÓN,EXTRACCIÓN,0,0,0,,RM01,Colector de costes del producto,,,CHI_PES_SUR,,0,,000,,000,,000,,00000000000000,,,,0,0,0,0
600,TA10,000000700520,T017,2019,10,USD,003,COSTOS,0062740105,Seguro Vida Ley Tripulantes Variable,0,,0,0,0,USD,/,,,,0,0,0,,0,0,0,0,0,EXT,EXTRACCIÓN,EXTRACCIÓN,0,0,0,,RM01,Colector de costes del producto,,,CHI_PES_SUR,,0,,000,,000,,000,,00000000000000,,,,0,0,0,0
600,TA10,000000700520,T017,2019,10,USD,004,COSTOS,0062110111,Incentivo de pesca,0,,317.47,317.47,317.47,USD,/,,,,0,317.47,0,,0,0,0,0,0,EXT,EXTRACCIÓN,EXTRACCIÓN,0,0,0,,RM01,Colector de costes del producto,,,CHI_PES_SUR,,0,,000,,000,,000,,00000000000000,,,,0,0,0,0
600,TA10,000000700520,T017,2019,10,USD,005,COSTOS,0062730108,SCTR Tripulantes-variable,0,,218.92,218.92,218.92,USD,/,,,,0,218.92,0,,0,0,0,0,0,EXT,EXTRACCIÓN,EXTRACCIÓN,0,0,0,,RM01,Colector de costes del producto,,,CHI_PES_SUR,,0,,000,,000,,000,,00000000000000,,,,0,0,0,0
600,TA10,000000700520,T017,2019,10,USD,006,COSTOS,0062710105,Regimen de prestac de salud-Tripulantes,0,,654.18,654.18,654.18,USD,/,,,,0,654.18,0,,0,0,0,0,0,EXT,EXTRACCIÓN,EXTRACCIÓN,0,0,0,,RM01,Colector de costes del producto,,,CHI_PES_SUR,,0,,000,,000,,000,,00000000000000,,,,0,0,0,0
600,TA10,000000700520,T017,2019,10,USD,007,COSTOS,0062201027,Otras Bonificaciones Tripulantes (Variab,0,,289.09,289.09,289.09,USD,/,,,,0,289.09,0,,0,0,0,0,0,EXT,EXTRACCIÓN,EXTRACCIÓN,0,0,0,,RM01,Colector de costes del producto,,,CHI_PES_SUR,,0,,000,,000,,000,,00000000000000,,,,0,0,0,0
600,TA10,000000700520,T017,2019,10,USD,008,COSTOS,0062910105,CTS-Planilla Tripulante (Variable),0,,315.21,315.21,315.21,USD,/,,,,0,315.21,0,,0,0,0,0,0,EXT,EXTRACCIÓN,EXTRACCIÓN,0,0,0,,RM01,Colector de costes del producto,,,CHI_PES_SUR,,0,,000,,000,,000,,00000000000000,,,,0,0,0,0
600,TA10,000000700520,T017,2019,10,USD,009,COSTOS,0064431001,Fondo extraordinario del Pescador(FEP),0,,0,0,0,USD,/,,,,0,0,0,,0,0,0,0,0,EXT,EXTRACCIÓN,EXTRACCIÓN,0,0,0,,RM01,Colector de costes del producto,,,CHI_PES_SUR,,0,,000,,000,,000,,00000000000000,,,,0,0,0,0
600,TA10,000000700520,T017,2019,10,USD,010,COSTOS,0062501021,Viveres de Embarcaciones,0,,3986.45,3986.45,3986.45,USD,/,,,,0,3986.45,0,,0,0,0,0,0,EXT,EXTRACCIÓN,EXTRACCIÓN,0,0,0,,RM01,Colector de costes del producto,,,CHI_PES_SUR,,0,,000,,000,,000,,00000000000000,,,,0,0,0,0
600,TA10,000000700520,T017,2019,10,USD,011,ACTIVIDADES,S9150001,DERECHO DE PESCA CHI,196.765,ST,1283.73,1283.73,1283.73,USD,3027110001/110001,Tasa 17 (Rimac 4),,3027110001,6.52,1283.73,0,,0,0,0,0,0,EXT,EXTRACCIÓN,EXTRACCIÓN,0,0,0,,RM01,Colector de costes del producto,,,CHI_PES_SUR,,0,,000,,000,,000,,00000000000000,,,,0,0,0,0
600,TA10,000000700520,T017,2019,10,USD,012,ACTIVIDADES,S9110001,GIF,196.765,TO,22275.18,22275.18,22275.18,USD,3027110001/110001,Tasa 17 (Rimac 4),,3027110001,113.21,22275.18,0,,0,0,0,0,0,EXT,EXTRACCIÓN,EXTRACCIÓN,0,0,0,,RM01,Colector de costes del producto,,,CHI_PES_SUR,,0,,000,,000,,000,,00000000000000,,,,0,0,0,0
600,TA10,000000700520,T017,2019,10,USD,013,COSTOS,0062140104,Gratificac fiest patria /navid tripul (V,0,,540.4,540.4,540.4,USD,/,,,,0,540.4,0,,0,0,0,0,0,EXT,EXTRACCIÓN,EXTRACCIÓN,0,0,0,,RM01,Colector de costes del producto,,,CHI_PES_SUR,,0,,000,,000,,000,,00000000000000,,,,0,0,0,0
600,TA10,000000700520,T017,2019,10,USD,014,CONSUMOS,0061324005,Diesel 2 consumo,570,GLL,1601.7,1691.04,1601.7,USD,T017/30000527,PETROLEO DIESEL B5 S50 PD - TASA,0000000000000000000000000000000030000527,,2.97,0,0,V,0,0,0,0,0,EXT,EXTRACCIÓN,EXTRACCIÓN,0,0,100,ZCOM,RM01,Colector de costes del producto,Combustibles/Lubricantes,PETROLEO DIESEL B5 S50 PD - TASA,CHI_PES_SUR,,0,,000,,000,,000,,00000000000000,,000000000030000527,,0,0,0,0
600,TA10,000000700520,T017,2019,10,USD,015,ENTREGAS,0071321001,VARIAC. DE PROD.PROC.-ORDEN DE FABRIC.,-196.765,TO,-108450.96,-36280.56,-108450.96,USD,T017/40001097,ANCHOVETA PROPIA,0000000000000000000000000000000040001097,,184.39,0,0,S,0,0,0,0,0,EXT,EXTRACCIÓN,EXTRACCIÓN,0,0,100,HALB,RM01,Colector de costes del producto,Producto semielaborado,ANCHOVETA PROPIA,CHI_PES_SUR,,-196.765,TO,000,,000,,000,,00000000000000,,000000000040001097,,0,0,0,0
600,TA10,000000700520,T017,2019,10,USD,016,ACTIVIDADES,S9170001,MEMBRESÍA ANNEP,196.765,ST,23.61,23.61,23.61,USD,3027110001/110001,Tasa 17 (Rimac 4),,3027110001,0.12,23.61,0,,0,0,0,0,0,EXT,EXTRACCIÓN,EXTRACCIÓN,0,0,0,,RM01,Colector de costes del producto,,,CHI_PES_SUR,,0,,000,,000,,000,,00000000000000,,,,0,0,0,0
600,TA10,000000700520,T017,2019,10,USD,017,COSTOS,0062150106,Vacaciones tripulantes (Variable),0,,270.2,270.2,270.2,USD,/,,,,0,270.2,0,,0,0,0,0,0,EXT,EXTRACCIÓN,EXTRACCIÓN,0,0,0,,RM01,Colector de costes del producto,,,CHI_PES_SUR,,0,,000,,000,,000,,00000000000000,,,,0,0,0,0
600,TA10,000000700520,T017,2019,11,USD,001,COSTOS,0062201027,Otras Bonificaciones Tripulantes (Variab,0,,-230.31,-230.31,-230.31,USD,/,,,,0,-230.31,0,,0,0,0,0,0,EXT,EXTRACCIÓN,EXTRACCIÓN,0,0,0,,RM01,Colector de costes del producto,,,CHI_PES_SUR,,0,,000,,000,,000,,00000000000000,,,,0,0,0,0
600,TA10,000000700520,T017,2019,11,USD,002,COSTOS,0062501021,Viveres de Embarcaciones,0,,0,0,0,USD,/,,,,0,0,0,,0,0,0,0,0,EXT,EXTRACCIÓN,EXTRACCIÓN,0,0,0,,RM01,Colector de costes del producto,,,CHI_PES_SUR,,0,,000,,000,,000,,00000000000000,,,,0,0,0,0
600,TA10,000000700520,T017,2019,11,USD,003,COSTOS,0062730108,SCTR Tripulantes-variable,0,,-15.32,-15.32,-15.32,USD,/,,,,0,-15.32,0,,0,0,0,0,0,EXT,EXTRACCIÓN,EXTRACCIÓN,0,0,0,,RM01,Colector de costes del producto,,,CHI_PES_SUR,,0,,000,,000,,000,,00000000000000,,,,0,0,0,0
600,TA10,000000700520,T017,2019,11,USD,004,COSTOS,0062740105,Seguro Vida Ley Tripulantes Variable,0,,15.32,15.32,15.32,USD,/,,,,0,15.32,0,,0,0,0,0,0,EXT,EXTRACCIÓN,EXTRACCIÓN,0,0,0,,RM01,Colector de costes del producto,,,CHI_PES_SUR,,0,,000,,000,,000,,00000000000000,,,,0,0,0,0
600,TA10,000000700520,T017,2019,11,USD,005,COSTOS,0064431001,Fondo extraordinario del Pescador(FEP),0,,230.31,230.31,230.31,USD,/,,,,0,230.31,0,,0,0,0,0,0,EXT,EXTRACCIÓN,EXTRACCIÓN,0,0,0,,RM01,Colector de costes del producto,,,CHI_PES_SUR,,0,,000,,000,,000,,00000000000000,,,,0,0,0,0
600,TA10,000000700520,T017,2019,12,USD,001,COSTOS,0062501021,Viveres de Embarcaciones,0,,0,0,0,USD,/,,,,0,0,0,,0,0,0,0,0,EXT,EXTRACCIÓN,EXTRACCIÓN,0,0,0,,RM01,Colector de costes del producto,,,CHI_PES_SUR,,0,,000,,000,,000,,00000000000000,,,,0,0,0,0
600,TA10,000000700520,T017,2019,12,USD,002,ACTIVIDADES,S9110001,GIF,0,TO,0,0,0,USD,3027110001/110001,Tasa 17 (Rimac 4),,3027110001,0,0,0,,0,0,0,0,0,EXT,EXTRACCIÓN,EXTRACCIÓN,0,0,0,,RM01,Colector de costes del producto,,,CHI_PES_SUR,,0,,000,,000,,000,,00000000000000,,,,0,0,0,0