MANDT,CDEMB,NMEMB,MREMB,NRPER,CDEMP,CDSPE,REGIM,CDTPR,CDTCS,CVADM,CPSDM,CVPMS,CPPMS,CDGCP,CDGFL,CDGAC,WERKS,LGORT,CDALS,KOSTL,NRUBC,COCSC,ESLOR,MANGA,PNTAL,TRBRT,TRNET,ESEMB,IMAGN,FCEMB,UCEMB,FMEMB,UMEMB,NRTRI,FHACT,TCBPS,CDTEM,CNVPS,FCVPS,INOOC,CPNCN,CPNSR,EMPTO,TONAB,AQBRT,AQNET,CDTAN,NRORD,COCAS,COSUP,OCMSP,OSMSP,CDSVE,AREMB,EPNSU,HPACH,CODHA
600,0000000001,TASA 12,CE-13274-PM,00000000,0000000001,001,,4,A,156.13,160.191,156.13,160.19,003,002,I,FP02,L002,L001,3203120201,00,1,0,0,0,0,0,O,,0000-00-00,,2010-11-18,,15,0000-00-00,30,001,N,2008-04-01,1,0,0,N,0,0,0,3000,4,,,,620001670,,,N,S,
600,0000000002,TASA 43,CO-21913-PM,00000000,0000000001,001,,1,A,399.31,409.69,399.307,409.69,005,002,I,T043,L002,L001,3023120002,00,0,0,0,0,0,0,O,,0000-00-00,,2025-03-13,,21,0000-00-00,90,001,S,2008-04-01,1,0,0,S,0.208,410.03,101.1,8600,55,AZUL - CELESTE,BLANCO - CELESTE,,,,,S,S,
600,0000000003,TASA 44,CO-22058-PM,00000000,0000000001,001,,1,A,400,410.4,400,410.4,006,002,I,T044,L002,L001,3023120003,00,0,0,0,0,0,0,O,,0000-00-00,,2025-07-28,,21,0000-00-00,90,001,S,2008-04-01,1,0,0,S,0.203,422.41,100.8,10000,56,CELESTE,BLANCO,,,,,S,S,
600,0000000004,TASA 45,CO-22029-PX,00000000,0000000001,001,,1,A,364.84,374.321,364.844,374.33,005,002,I,T045,L002,L001,3023120001,00,0,0,0,0,0,0,S,,0000-00-00,,2025-04-05,,21,0000-00-00,70,001,S,2008-04-01,1,0,0,S,0.168,422.49,91.66,10687,57,AZUL - CELESTE,BLANCO - CELESTE,,,,,,S,
600,0000000005,TASA 55,CO-22326-PM,00000000,0000000001,001,,1,A,500,513,500,513,007,004,I,T055,L002,L001,3023140005,00,0,0,0,0,0,0,O,,0000-00-00,,2025-03-26,,21,0000-00-00,130,001,S,0000-00-00,1,0,0,S,0.235,500.05,127.08,15000,82,AZUL,BLANCO,,,,,S,S,
600,0000000006,CHATA CHILLON (TASA CALLAO),CO-13678-AM,00000000,0000000001,001,,,,0,0,0,0,00,099,,,,,3032145001,,0,0,0,0,0,0,O,,0000-00-00,,2019-12-26,,28,0000-00-00,0,013,S,0000-00-00,2,0,0,,0,0,0,0,0,,,,,,,S,S,
600,0000000007,CHATA SAN ANTONIO IV (TASA PISCO),CO-18469-AM,00000000,0000000001,001,,,,0,0,0,0,00,099,,,,,3032105001,,0,0,0,0,0,0,O,,0000-00-00,,2024-11-22,,22,0000-00-00,0,013,S,0000-00-00,2,0,0,,0,0,0,0,0,,,,,,,,N,
600,0000000008,CHATA COPETSA (TASA SUPE),SE-13042-AM,00000000,0000000001,001,,,,0,0,0,0,00,099,,,,,3032125001,,0,0,0,0,0,0,O,,0000-00-00,,2019-12-26,,27,0000-00-00,0,013,S,0000-00-00,2,0,0,,0,0,0,0,0,,,,,,,S,N,
600,0000000009,CHATA ECESA (TASA SAMANCO),CE-13011-AM,00000000,0000000001,001,,,,0,0,0,0,00,099,,,,,3032115001,,0,0,0,0,0,0,O,,0000-00-00,,2019-12-26,,19,0000-00-00,0,013,S,0000-00-00,2,0,0,,0,0,0,0,0,,,,,,,S,N,
600,0000000010,CHATA SARIMON,,00000000,0000000001,,,1,A,0,0,0,0,00,099,,,,,3032115001,,0,0,0,0,0,0,O,,0000-00-00,,2022-12-22,,2,0000-00-00,0,009,S,0000-00-00,,0,0,,0,0,0,0,0,,,,,,,S,N,
600,0000000011,CHATA TASA MALABRIGO,CO-22279-AM,00000000,0000000001,001,,,,0,0,0,0,00,099,,,,,3032135001,,0,0,0,0,0,0,O,,0000-00-00,,2020-11-12,,18,0000-00-00,0,013,S,0000-00-00,2,0,0,,0,0,0,0,0,,,,,,,S,N,
600,0000000012,TASA 56,CO-19871-PM,00000000,0000000001,001,,1,A,520.07,533.59,487.33,500,007,004,I,T056,L002,L001,3023140001,00,0,0,0,0,0,0,O,,0000-00-00,,2024-01-01,,23,0000-00-00,130,001,S,0000-00-00,1,0,0,S,0.205,612,132.31,10000,83,AZUL,BLANCO - CELESTE,,,,,S,S,
600,0000000013,TASA 21,HO-10201-PM,00000000,0000000001,001,,5,A,321.64,330,321.64,330.003,005,003,I,T021,L002,L001,3023130006,00,0,0,0,0,0,0,O,,0000-00-00,,2021-09-01,,18,0000-00-00,70,001,S,2008-04-01,1,0,0,S,0.154,266.85,81,7150,60,NEGRO,AZUL,,,,,S,S,
600,0000000014,TASA 51,CO-20761-PM,00000000,0000000001,001,,1,A,586.46,601.71,586.461,601.71,007,004,I,T051,L002,L001,3023140011,00,0,0,0,0,0,0,O,,0000-00-00,,2024-07-15,,21,0000-00-00,130,001,S,0000-00-00,1,0,0,S,0.343,550.02,150.8,15000,78,AZUL,BLANCO - CELESTE,,,,,S,S,
600,0000000015,TASA 52,CO-20777-PM,00000000,0000000001,001,,1,A,589.22,604.539,598.216,604.539,007,004,I,T052,L002,L001,3023140012,00,0,0,0,0,0,0,O,,0000-00-00,,2023-12-23,,21,0000-00-00,130,001,S,0000-00-00,1,0,0,S,0.328,556.96,151.51,15500,79,AZUL,BLANCO - CELESTE,,,,,S,S,
600,0000000016,TASA 53,CO-13918-PM,00000000,0000000001,001,,1,A,572.9,551,572.9,545.69,007,004,I,T053,L002,L001,3023140009,00,0,0,0,0,0,0,O,,0000-00-00,,2023-09-18,,21,0000-00-00,130,001,S,2008-05-20,1,0,0,S,0.271,457.66,140.15,15000,80,AZUL,,,,,,S,S,
600,0000000017,TASA 41,CO-10614-PM,00000000,0000000001,001,,1,A,480.72,493.224,480.721,493.22,006,004,I,T041,L002,L001,3023140004,00,0,0,0,0,0,0,O,,0000-00-00,,2024-10-11,,21,0000-00-00,90,001,S,0000-00-00,1,0,0,S,0.211,484.67,122.03,8500,73,AZUL,BLANCO - CELESTE,,,,,S,S,
600,0000000018,TASA 31,PT-6531-PM,00000000,0000000001,001,,4,A,321.5,329.865,321.5,160,,001,I,T031,L002,L001,3023110005,00,0,0,0,0,0,0,O,,0000-00-00,,2024-10-31,,18,0000-00-00,70,001,S,2008-11-06,1,0,0,S,0.147,200.44,81.4,4000,38,BLANCO - NEGRO,BLANCO - NEGRO - VER,,,,,,S,
600,0000000019,TASA 23,IO-11723-PM,00000000,0000000001,001,,5,A,321.64,330,321.64,330.003,005,003,I,T023,L002,L001,3023130007,00,0,0,0,0,0,0,O,,0000-00-00,,2021-09-01,,18,0000-00-00,70,001,S,2008-05-14,1,0,0,S,0.16,265.74,80.66,5700,64,AZUL,BLANCO - CELESTE,,,,,S,S,
600,0000000020,TASA 11,CE-0239-PM,00000000,0000000001,001,,4,A,142,145.692,141.998,145.69,003,010,I,FP01,L002,L001,0022021100,,0,0,0,0,0,0,S,,0000-00-00,,2009-11-05,,16,0000-00-00,30,001,N,0000-00-00,1,0,0,,0,0,0,0,0,,,,,,,N,,
600,0000000021,TASA 32,CO-5802-PM,00000000,0000000001,001,,4,A,399.98,410.377,399.98,220,,003,I,T032,L002,L001,3023130009,00,0,0,0,0,0,0,O,,0000-00-00,,2024-10-30,,21,0000-00-00,90,001,S,2008-05-01,1,0,0,S,0.089,264.29,100.79,2800,65,AZUL,BLANCO,,,,,S,S,
600,0000000022,TASA 54,CO-13008-PM,00000000,0000000001,001,,1,A,563.84,578.495,563.84,578.5,007,004,I,T054,L002,L001,3023140010,00,0,0,0,0,0,0,O,,0000-00-00,,2024-07-14,,21,0000-00-00,130,001,S,0000-00-00,1,0,0,S,0.308,524.48,144.86,10000,81,AZUL,BLANCO,,,,,S,S,
600,0000000023,TASA 22,CE-9923-PM,00000000,0000000001,001,,5,A,321.64,330,321.64,330.003,005,003,I,T022,L002,L001,3023130011,00,0,32.15,7.52,3.81,0,0,O,,0000-00-00,,2022-07-24,,17,0000-00-00,70,001,S,2008-04-01,1,0,0,S,0.145,271.14,80.57,5500,34,AZUL,BLANCO - CELESTE,,,,,S,S,
600,0000000024,TASA 19,CE-2468-PM,00000000,0000000001,001,,4,A,184.2,180,184.2,188.99,003,001,I,F019,L002,L001,3203110101,00,0,25.05,6.7,3.28,0,0,O,,0000-00-00,,2010-11-18,,16,0000-00-00,30,001,N,2008-05-14,1,0,0,N,0,0,0,1414,8,,,,620001635,,,N,S,
600,0000000025,TASA 111,PT-2466-PM,00000000,0000000001,001,,4,A,188,180,188.001,192.89,003,001,I,T111,L002,L001,3023110008,00,0,25.4,6.7,3.35,0,0,O,,0000-00-00,,2025-03-23,,15,0000-00-00,30,001,S,2008-04-01,1,0,0,S,0.081,146.9,46.61,4500,29,AZUL,BLANCO - CELESTE,,,,,S,S,
600,0000000026,TASA 13,PL-1843-PM,00000000,0000000001,001,,4,A,166.61,180,166.608,170.94,003,001,I,F013,L002,L001,3203280203,00,0,25.04,6.9,3.27,0,0,O,,0000-00-00,,2010-11-26,,17,0000-00-00,30,001,N,2008-05-08,1,0,0,N,0,0,0,2370.9,59,,,,620001629,,,N,S,
600,0000000027,TASA 14,CE-4520-PM,00000000,0000000001,001,,4,A,191.37,180,191.374,196.35,003,002,I,F014,L002,L001,3203360204,00,0,24.38,6.9,3.2,0,0,O,,0000-00-00,,2010-11-18,,21,0000-00-00,30,001,N,2008-04-01,1,0,0,N,0,0,0,1426,5,,,,620001630,,,N,S,
600,0000000028,TASA 110,HO-2479-PM,00000000,0000000001,001,,4,A,191.74,180,191.736,196.721,003,002,I,F110,L002,L001,3203440205,00,0,25.4,6.7,3.35,0,0,O,,0000-00-00,,2010-11-18,,18,0000-00-00,30,001,N,0000-00-00,1,0,0,N,0,0,0,2402,25,,,,,,,N,S,
600,0000000029,TASA 15,MO-0827-PM,00000000,0000000001,001,,4,A,186.85,180,186.851,191.71,003,001,I,F015,L002,L001,3203110102,00,0,25.53,6.69,3.37,0,0,O,,0000-00-00,,2009-03-04,,17,0000-00-00,30,001,N,0000-00-00,1,0,0,N,0,0,0,0,6,,,,620001631,,,N,S,
600,0000000030,TASA 212,CE-2469-PM,00000000,0000000001,001,,4,A,201.16,180,201.159,206.39,004,001,I,F212,L002,L001,3203520206,00,0,0,0,0,0,0,O,,0000-00-00,,2012-05-02,,20,0000-00-00,50,001,N,2008-06-20,1,0,0,N,0,158.03,50.22,3935.7,32,NEGRO,GRIS,,620001641,,,N,S,
600,0000000031,TASA 16,HO-2467-PM,00000000,0000000001,001,,4,A,197.92,180,197.923,203.07,003,002,I,F016,L002,L001,3203600207,00,0,0,0,0,0,0,O,,0000-00-00,,2010-11-18,,18,0000-00-00,50,001,N,0000-00-00,1,0,0,N,0,0,0,2160,26,,,,,,,N,S,
600,0000000032,TASA 17,SE-0831-PM,00000000,0000000001,001,,4,A,190.46,180,190.458,195.41,003,001,I,T017,L002,L001,3023110001,00,0,25.4,6.7,3.35,0,0,O,,0000-00-00,,2021-06-16,,16,0000-00-00,30,001,S,2008-05-08,1,0,0,S,0.072,138.08,47.6,3000,30,AZUL,BLANCO - CELESTE,,,,,S,S,
600,0000000033,TASA 18,SE-0829-PM,00000000,0000000001,001,,4,A,188.32,180,188.323,193.22,003,001,I,F018,L002,L001,3203110104,00,0,25.4,6.7,3.35,0,0,O,,0000-00-00,,2010-11-18,,17,0000-00-00,30,001,N,0000-00-00,1,0,0,N,0,0,0,2626.3,7,,,,620001634,,,N,S,
600,0000000034,TASA 24,CE-4028-PM,00000000,0000000001,001,,4,A,212.63,200,212.631,218.16,004,001,I,FP24,L002,L001,3203110110,00,0,27.7,7.05,3.22,0,0,O,,0000-00-00,,2024-06-12,,17,0000-00-00,50,001,N,2008-04-01,1,0,0,N,0,0,0,2372,9,,,,,,,N,S,
600,0000000035,TASA 25,MO-4666-PM,00000000,0000000001,001,,4,A,215.83,200,215.828,221.44,004,001,I,FP25,L002,L001,3203110106,00,0,27.7,7.05,3.22,0,0,O,,0000-00-00,,2010-11-18,,18,0000-00-00,50,001,N,0000-00-00,1,0,0,N,0,0,0,2811.3,14,,,,620001675,,,N,S,
600,0000000036,TASA 26,PL-6577-PM,00000000,0000000001,001,,4,A,232.24,200,232.241,238.28,004,001,I,FP26,L002,L001,3203110109,00,0,26.3,7.31,3.65,0,0,O,,0000-00-00,,2012-05-02,,17,0000-00-00,50,001,N,2008-06-20,1,0,0,N,0,183.04,57.87,5714,36,AZUL,BLANCO - CELESTE,,620001676,,,N,S,
600,0000000037,TASA 27,CE-2453-PM,00000000,0000000001,001,,4,A,212.63,200,212.631,218.16,004,001,I,FP27,L002,L001,3203110107,00,0,28.22,7.06,3.23,0,0,O,,0000-00-00,,2010-11-18,,18,0000-00-00,50,001,N,2008-06-20,1,0,0,N,0,0,0,3103,15,,,,620001677,,,N,S,
600,0000000038,TASA 213,CE-1245-PM,00000000,0000000001,001,,4,A,205,200,205,210.33,004,001,I,F213,L002,L001,3203110105,00,0,27.43,7.06,3.22,0,0,O,,0000-00-00,,2012-05-02,,17,0000-00-00,50,001,N,2008-04-14,1,0,0,N,0,167.26,51.15,4478.2,62,AZUL,BLANCO - CELESTE,,620001642,,,N,S,
600,0000000039,TASA 28,MO-02478-PM,00000000,0000000001,001,,4,A,211.36,200,211.364,216.86,004,001,I,FP28,L002,L001,3203110108,00,0,27.43,7.06,3.22,0,0,O,,0000-00-00,,2010-11-18,,20,0000-00-00,50,001,N,0000-00-00,1,0,0,N,0,0,0,3156.9,16,,,,620001678,,,N,S,
600,0000000040,TASA 29,CE-1251-PM,00000000,0000000001,001,,4,A,222.47,200,222.465,228.25,004,001,I,FP29,L002,L001,3203680208,00,0,27.7,7.05,3.22,0,0,O,,0000-00-00,,2012-05-02,,19,0000-00-00,50,001,N,2008-05-10,1,0,0,N,0,176.79,55.03,3151,37,AZUL,BLANCO - CELESTE,,620001679,,,N,S,
600,0000000041,TASA 210,PT-02461-PM,00000000,0000000001,001,,4,A,287.68,270,287.68,295.16,004,003,I,T210,L002,L001,3023130003,00,0,0,0,0,0,0,O,,0000-00-00,,2025-03-19,,16,0000-00-00,50,001,S,2008-06-20,1,0,0,S,0.12,202.44,72.43,4000,61,AZUL,BLANCO - CELESTE,,,,,S,S,
600,0000000042,TASA 35,PS-6710-PM,00000000,0000000001,001,,5,A,321.64,330,321.64,330.003,005,003,I,T035,L002,L001,3023130004,00,0,19.81,5.49,2.68,0,0,O,,0000-00-00,,2024-08-10,,16,0000-00-00,70,001,S,2008-04-01,1,0,0,S,0.153,246.84,80.74,3200,67,AZUL,BLANCO - CELESTE,,,,,S,S,
600,0000000043,TASA 37,PS-06711-PM,00000000,0000000001,001,,5,A,321.64,330,321.64,330.003,005,003,I,T037,L002,L001,3023130001,00,0,31.09,7.68,3.66,0,0,O,,0000-00-00,,2021-09-01,,17,0000-00-00,70,001,S,2008-04-01,1,0,0,S,0.142,303.79,80.43,6000,69,AZUL,BLANCO - CELESTE,,,,,S,S,
600,0000000044,TASA 211,CO-4544-PM,00000000,0000000001,001,,4,A,275,270,275,282.15,004,001,I,F211,L002,L001,3203140401,00,0,30.23,7.67,3.42,0,0,O,,0000-00-00,,2010-11-26,,18,0000-00-00,50,001,N,2008-04-01,1,0,0,N,0,0,0,2606,31,,,,620001640,,,N,S,
600,0000000045,TASA 34,PS-10415-PM,00000000,0000000001,001,,5,A,334.38,343.07,334.38,343.07,005,003,I,T034,L002,L001,3023130005,00,0,31.09,7.68,3.66,0,0,O,,0000-00-00,,2023-12-31,,18,0000-00-00,8.9,001,S,2008-04-01,1,0,0,S,0.145,219.45,83.75,5000,66,NEGRO,BLANCO - AZUL,,,,,S,S,
600,0000000046,TASA 36,HO-6579-PM,00000000,0000000001,001,,5,A,321.64,330,321.64,330.003,005,003,I,T036,L002,L001,3023130002,00,0,31.09,7.68,3.66,0,0,O,,0000-00-00,,2021-09-01,,17,0000-00-00,70,001,S,2008-04-01,1,0,0,S,0.144,271.96,80.47,6000,68,AZUL,BLANCO - CELESTE,,,,,S,S,
600,0000000047,TASA 38,CE-4830-PM,00000000,0000000001,001,,5,A,321,320,321.003,329.35,005,003,I,T038,L002,L001,3023130008,00,0,1,1,1,0,0,O,,0000-00-00,,2024-04-10,,16,0000-00-00,70,001,S,2008-06-18,1,0,0,S,0.072,256,80.57,5000,70,AZUL,BLANCO - CELESTE,,,,,S,S,
600,0000000048,TASA 39,PS-6243-PM,00000000,0000000001,001,,4,A,326.33,320,326.325,334.81,005,001,I,FP39,L002,L001,3203140406,00,0,32.18,7.7,4,0,0,O,,0000-00-00,,2012-04-30,,18,0000-00-00,70,001,N,2008-04-01,1,0,0,N,0.131,203.81,0,2731,42,,,,620001700,,,N,S,
600,0000000049,TASA 46,CE-6527-PM,00000000,0000000001,001,,4,A,345.68,320,345.682,354.67,005,001,I,FP46,L002,L001,3203140405,00,0,32.18,7.7,4,0,0,O,,0000-00-00,,2010-11-26,,20,0000-00-00,70,001,N,2008-04-01,1,0,0,N,0,0,0,4960,43,,,,,,,N,S,
600,0000000050,TASA 47,MO-6143-PM,00000000,0000000001,001,,4,A,333.72,320,333.725,342.402,005,001,I,FP47,L002,L001,3203130309,00,0,32.18,7.7,4,0,0,O,,0000-00-00,,2016-07-01,,16,0000-00-00,70,001,N,2008-04-01,1,0,0,N,0.135,200.69,83.79,6388,72,AZUL,BLANCO - CELESTE,,620002323,,,N,S,