MANDT,BANFN,BNFPO,TIPO_SOLPED,LOEKZ_S,FRGKZ,BADAT,FECSUG,FRGDT,IDSOLPE,TXTPOS,LFDAT,PRIO_URGTX,ZZPRIO_URGTX,MENGE,MEINS,MATKL,WGBEZ60,ERNAM,AFNAM,NAME_TEXT,ZAFNAM,MTART,MTBEZ,MATNR,TXZ01,MFRPN,EKGRPT2,VALDOL,PUNITS,VALSOL,KNTTX,PSTYP,PTEXT,EBAKZ,BLCKD,BLCKT,LABSTX,KOSTL,NPLNR,PS_PSP_PNR,AUFNR,WERKS,NCENTRO,LGORT,NALMACE,FLIEF,NAME_F,LIFNR,NAME_D,BEDNR,MFRNR,NAME11,ABLAD,SWERK,KTEXM,AUTYM,COMENT_SP,EBELN,EBELP,LOEKZ_POC,IDEBELN,STATUSOC,BSART2,BATXT2,ERNAMOC,MENGP,MEINSOC,MENPEN,EKGRPT,EKGRP_RESP,LIFNR2,NAME1,BEDAT,FECLIB,FECHA,EINDT,VPEDIDOD,PUNITO,VPEDIDOS,LGORT2,ELIKZ,TEXREC,PROCSTAT,PROCSTAT_T,BUTTON2,KONNR,KTPNR,PRIO_URGTXX,TEXT1,LIFN2,INCO1,ZZPAIS_ORIG,ZZFECHA_EMBARQ,ZZFECHA_ARRIBO,ZZMEDIO_TRANSP,ZZDESC_TRANSP,ZZAGENTE_CARGA,ZZNUMERO_DOC_EMB,DMBTRF,WAERSF,LGORTT,CANT_REC,MENPENT,VRECD,VRECS,XBLNR,FECGRR,BUDAT,FECDES,VBELN,POSNR,XBLNR3,FECEI,LGORTF,CANT_REC2,MENPEN2,VRECD2,VRECS2,XBLNR2,FECGRR2,BUDAT2,MENCONS,FECCONS,LZVON,HES_S,MENPENS,TT1,TT3,PERIODO,SITUACION,DIASVENC,RSNUM,RSPOS,BDTER,ZZERDAT,ZZFECHALIB,XWAOK,DISGR,TEXT40,USNAM,UOMAX,BZTEK,PLIFZ,SUMBP,WEBAX,RSSTA,FLTIR,AUART,NAUART,KTEXT,AUTYP,FINNEC,FATENC,DIBER,BERID,ZZSISTE,ZZDSIST,ZZEQUIP,ZZDESEM,ZCATEGORIA,ZZEMBAR,ZZMETRI,ZZMEINS,DIASLIBRES,DIASGENSOLP,DIASLIBSOLP,DIASNECUSU,DIASGENOC,DIASLIBOC,DIASINGALMT,TT4,DIASINGALMF
600,0014967492,00010,COMPRAS,,L,20190910,20190910,20190930,@0P@,Servicio de personal de apoyo para medida de cable gareta de la EP Tasa 310 6 pe,20190910,Normal,Normal,1,UA,233,Serv. Mant de Redes de Pesca,MGOMEZ,T060,REDES_PESCA,,,,,T310 Servicio apoyo medida cables,,T67,-143.41,-143.41,480,Centro de coste,9,Servicio,,,,0,3027110004,,00000000,,TCNO,TASA CALLAO NORTE,L006,Redes,2052092051,SONIMAR SERVICIOS E.I.R.L.,,,,,,,,,00,,5010001105,00180,,@0P@,,NB,Pedido estándar,JORDAN PEREY,1,UA,0,T70,T70-Comp.JPereyra,2052092051,SONIMAR SERVICIOS E.I.R.L.,20191009,20191010,,20190910,-141.68,-141.68,480,L006,,,05,Liberación concluida,@0O@,,00000,Normal,Plazo 30  días.,,,,,,,,,,480,PEN,,0,0,0,0,,,20191125,,,000000,,,,1,0,-141.8,480,TASA 310,20191125,20191125,0,,20190701,0,0,   56,   46,1,C,,0000000000,0000,,,,,,,,,00,0,0,0,,,,,,00,20190930,20191002,,,,,0000000000000000000000000,,T02 - Regu,T310,  0.000,,,,   20,   20-,    9,    1,   46,,
600,0014967497,00010,COMPRAS,,L,20190910,20190910,20190930,@0P@,Servicio de cambio de mangueras hidraúlicas de la grúa del taller de redes Fecha,20190910,Normal,Normal,1,UA,206,Serv. Equipos Hidráulicos,MGOMEZ,T060,REDES_PESCA,,,,,Servicio instalación mangueras grua,,T67,-110,-110,368.17,Centro de coste,9,Servicio,,,,0,3024000001,,00000000,,TCNO,TASA CALLAO NORTE,L006,Redes,2052479380,SOLUCIONES TECNICAS H & R S.A.C.,,,,,,,,,00,,5010001037,00040,,@0P@,Descargado en PDF.,NB,Pedido estándar,GIULIANA GIU,1,UA,0,T76,T76-NO USAR,2052479380,SOLUCIONES TECNICAS H & R S.A.,20191007,20191010,20191024,20190910,-110,-110,371.58,L006,,,05,Liberación concluida,@0O@,,00000,Normal,Plazo 90  días,,,,,,,,,,371.58,PEN,,0,0,0,0,,,20191101,,,000000,,,,1,0,-110.95,371.58,GRUA REDES.,20191017,20191101,0,,20190701,0,0,   32,   22,1,C,,0000000000,0000,,,,,,,,,00,0,0,0,,,,,,00,20190930,20191002,,,,,0000000000000000000000000,,T04 - Regu,,  0.000,,,,   20,   20-,    7,    3,   22,,
600,0014967501,00010,COMPRAS,,L,20190910,20190910,20190930,@0P@,Servicio de confección de defensas de panga para la EP Tasa 56 Fecha: 17/08 Luga,20190910,Normal,Normal,1,UA,233,Serv. Mant de Redes de Pesca,MGOMEZ,T060,REDES_PESCA,,,,,T56 Servicio confección defensa de panga,,T67,-104.57,-104.57,350,Centro de coste,9,Servicio,,,,0,3027140010,,00000000,,TCNO,TASA CALLAO NORTE,L006,Redes,2060300007,MAYURUMI NET E.I.R.L.,,,,,,,,,00,,5010000935,00030,,@0P@,,NB,Pedido estándar,JORDAN PEREY,1,UA,0,T76,T76-NO USAR,2060300007,MAYURUMI NET E.I.R.L.,20191004,20191010,,20190910,-103.61,-103.61,350,L006,,,05,Liberación concluida,@0O@,,00000,Normal,Plazo 30  días.,,,,,,,,,,350,PEN,,0,0,0,0,,,20191125,,,000000,,,,1,0,-103.4,350,T56,20191125,20191125,0,,20190701,0,0,   56,   46,1,C,,0000000000,0000,,,,,,,,,00,0,0,0,,,,,,00,20190930,20191002,,,,,0000000000000000000000000,,T02 - Regu,T56,  0.000,,,,   20,   20-,    4,    6,   46,,
600,0014967501,00020,COMPRAS,,L,20190910,20190910,20190930,@0P@,Servicio de confección de defensas de panga para la EP Tasa 55 Fecha: 17/08 Luga,20190910,Normal,Normal,1,UA,233,Serv. Mant de Redes de Pesca,MGOMEZ,T060,REDES_PESCA,,,,,T54 Servicio confección defensa de panga,,T67,-104.57,-104.57,350,Centro de coste,9,Servicio,,,,0,3027140001,,00000000,,TCNO,TASA CALLAO NORTE,L006,Redes,2060300007,MAYURUMI NET E.I.R.L.,,,,,,,,,00,,5010000935,00020,,@0P@,,NB,Pedido estándar,JORDAN PEREY,1,UA,0,T76,T76-NO USAR,2060300007,MAYURUMI NET E.I.R.L.,20191004,20191010,,20190910,-103.61,-103.61,350,L006,,,05,Liberación concluida,@0O@,,00000,Normal,Plazo 30  días.,,,,,,,,,,350,PEN,,0,0,0,0,,,20191125,,,000000,,,,1,0,-103.4,350,T54,20191125,20191125,0,,20190701,0,0,   56,   46,1,C,,0000000000,0000,,,,,,,,,00,0,0,0,,,,,,00,20190930,20191002,,,,,0000000000000000000000000,,T02 - Regu,T56,  0.000,,,,   20,   20-,    4,    6,   46,,
600,0014967504,00010,COMPRAS,,L,20190910,20190910,20190930,@0P@,Servicio de mantenimiento del motor del tensiometro Imada del Taller de redes Fe,20190910,Normal,Normal,1,UA,211,Serv. Eléctricos,MGOMEZ,T060,REDES_PESCA,,,,,Servicio mantenimiento tensiometro,,T66,-125.49,-125.49,420,Centro de coste,9,Servicio,,,,0,3024000001,,00000000,,TCNO,TASA CALLAO NORTE,L006,Redes,2056267271,YULE ELECTRICIDAD S.A.C.,,,,,,,,,00,,5010001088,00010,,@0P@,,NB,Pedido estándar,ROGER RODRIG,1,UA,0,T79,T79-Comp.GBerna,2056267271,YULE ELECTRICIDAD S.A.C.,20191009,20191010,,20190910,-117.77,-117.77,399,L006,,,05,Liberación concluida,@0O@,,00000,Normal,Plazo 60  días,,,,,,,,,,399,PEN,,0,0,0,0,,,20191101,,,000000,,,,1,0,-119.14,399,GRUA REDES,20191017,20191101,0,,20190909,0,0,   32,   22,1,C,,0000000000,0000,,,,,,,,,00,0,0,0,,,,,,00,20190930,20191002,,,,,0000000000000000000000000,,T04 - Regu,,  0.000,,,,   20,   20-,    9,    1,   22,,
600,0014967509,00010,COMPRAS,,L,20190910,20190910,20190930,@0P@,Servicio de rellenado y esmerilado de anillas de varias EPs Lugar: Pisco Proveed,20190910,Normal,Normal,1,UA,215,Serv. Metalmecánica,MGOMEZ,T060,REDES_PESCA,,,,,Servicio rellenado/esmerilado de anillas,,T68,-361.52,-361.52,1210,Centro de coste,9,Servicio,,,,0,3027120009,,00000000,,TCNO,TASA CALLAO NORTE,L006,Redes,2049483465,REPRESENTACIONES E INVERSIONES F.M.,,,,,,,,,00,,5010002015,00040,,@0P@,Descargado en PDF.,NB,Pedido estándar,JERSON VARGA,1,UA,0,T78,T78-Comp.JVargas,2049483465,REPRESENTACIONES E INVERSIONES,20191021,20191022,20191024,20190910,-343.44,-343.44,1149.5,L006,,,05,Liberación concluida,@0O@,,00000,Normal,Plazo 60  días,,,,,,,,,,1149.5,PEN,,0,0,0,0,,,20191125,,,000000,,,,4,0,-339.59,1149.5,EPS VARIAS,20191125,20191125,0,,20190516,0,0,   56,   34,1,C,,0000000000,0000,,,,,,,,,00,0,0,0,,,,,,00,20190930,20191002,,,,,0000000000000000000000000,,T02 - Regu,,  0.000,,,,   20,   20-,   21,    1,   34,,
600,0014967518,00010,COMPRAS,,L,20190910,20190910,20190930,@0P@,Servicio de mantenimiento del sistema eléctrico de la grúa link belt Fecha: 20/0,20190920,Normal,Normal,1,UA,231,Serv. Mant. de Vehículos,MGOMEZ,T060,REDES_PESCA,,,,,Servicio mantenimiento grúa redes,,T66,-290,-290,970.63,Centro de coste,9,Servicio,,,,0,3024000001,,00000000,,TCNO,TASA CALLAO NORTE,L006,Redes,2051693647,GRC GRUPO DE REPARACIONES Y,,,,,,,,,00,,5010000920,00010,,@0P@,Descargado en PDF.,NB,Pedido estándar,CREYES,1,UA,0,T76,T76-NO USAR,2051693647,GRC GRUPO DE REPARACIONES Y,20191004,20191009,20191011,20190920,290,290,979.62,L006,,,05,Liberación concluida,@0O@,,00000,Normal,Plazo 30  días.,,,,,,,,,,968.89,USD,,0,0,0,0,,,20191101,,,000000,,,,1,0,290,971.21,GRUA REDES.,20191009,20191101,0,,20190822,0,0,   32,   23,1,C,,0000000000,0000,,,,,,,,,00,0,0,0,,,,,,00,20190930,20191002,,,,,0000000000000000000000000,,T02 - Regu,,  0.000,,,,   20,   10-,    4,    5,   23,,
600,0015033234,00010,COMPRAS,,L,20190916,20190916,20190930,,,20190916,Normal,Normal,2200,M,AUX-AFT05,CABLES DE ACERO,MGOMEZ,T060,REDES_PESCA,,ZAUX,Suministros auxiliares,000000000031009145,"CABLE 6X19 (9/9/1) TON/ENG. AF GALV 3/4""",,T65,-10814.35,-4.92,35882,,0,Normal,,,,889,,,00000000,,TCHI,CHIMBOTE,L001,Combustible,,,,,,,,,,,00,,5010000674,00010,,,Descargado en PDF.,NB,Pedido estándar,JORDAN PEREY,2200,M,0,T70,T70-Comp.JPereyra,2010017254,MOVITECNICA S A,20191001,20191004,20191007,20191004,9240,4.2,31277.4,L001,X,,05,Liberación concluida,@0O@,,00000,Normal,Plazo 60  días,,,,,,,,,,31305.12,USD,L003,2200,0,9240,31305.12,010-0005307,20191009,20191009,,,000000,,,,0,0,0,0,,,,0,,,0,0,    9,    5,1,P,  667,0000000000,0000,,,,,PRD,Produción,,,00,0,0,0,,,,,,00,20190930,20191002,,TCHI,,,0000000000000000000000000,,CTR - Solp,,  0.000,,,,   14,   14-,    1,    3,    5,,
600,0015033234,00020,COMPRAS,,L,20190916,20190916,20190930,,,20190916,Normal,Normal,2200,M,AUX-AFT05,CABLES DE ACERO,MGOMEZ,T060,REDES_PESCA,,ZAUX,Suministros auxiliares,000000000031009148,"CABLE 6X24 (12/12) BALL. AF GALV. 3/4""",,T65,-8990.96,-4.09,29832,,0,Normal,,,,1740,,,00000000,,TCHI,CHIMBOTE,L001,Combustible,,,,,,,,,,,00,,5010000675,00010,,,Descargado en PDF.,NB,Pedido estándar,JORDAN PEREY,2200,M,0,T70,T70-Comp.JPereyra,2025965990,PROCABLES SA,20191001,20191004,20191007,20190916,10032,4.56,33958.32,L001,X,,05,Liberación concluida,@0O@,,00000,Normal,Plazo 30  días.,,,,,,,,,,33988.42,USD,L003,2200,0,10032,33888.1,001-0081960,20191007,20191007,,,000000,,,,0,0,0,0,,,,0,,,0,0,    7,    3,1,P,  667,0000000000,0000,,,,,PRD,Produción,,,00,0,0,0,,,,,,00,20190930,20191002,,TCHI,,,0000000000000000000000000,,CTR - Solp,,  0.000,,,,   14,   14-,    1,    3,    3,,
600,0015033234,00030,COMPRAS,,L,20190916,20190916,20190930,,,20190916,Normal,Normal,1100,M,AUX-AFT05,CABLES DE ACERO,MGOMEZ,T060,REDES_PESCA,,ZAUX,Suministros auxiliares,000000000031009144,CABLE 6X19 (9/9/1) TON/ENG. AF GALV  5/8,,T65,-3567.21,-3.24,11836,,0,Normal,,,,1918,,,00000000,,TCHI,CHIMBOTE,L001,Combustible,,,,,,,,,,,00,,5010000674,00020,,,Descargado en PDF.,NB,Pedido estándar,JORDAN PEREY,1100,M,0,T70,T70-Comp.JPereyra,2010017254,MOVITECNICA S A,20191001,20191004,20191007,20191004,3553,3.23,12026.91,L001,X,,05,Liberación concluida,@0O@,,00000,Normal,Plazo 60  días,,,,,,,,,,12037.56,USD,L003,1100,0,3553,12037.56,010-0005307,20191009,20191009,,,000000,,,,0,0,0,0,,,,0,,,0,0,    9,    5,1,P,  667,0000000000,0000,,,,,PRD,Produción,,,00,0,0,0,,,,,,00,20190930,20191002,,TCHI,,,0000000000000000000000000,,CTR - Solp,,  0.000,,,,   14,   14-,    1,    3,    5,,
600,0015033234,00040,COMPRAS,,L,20190916,20190916,20190930,,,20190916,Normal,Normal,550,M,AUX-AFT05,CABLES DE ACERO,MGOMEZ,T060,REDES_PESCA,,ZAUX,Suministros auxiliares,000000000031009149,"CABLE 6X24 (12/12) BALL. AF GALV. 5/8""",,T65,-1534.96,-2.79,5093,,0,Normal,,,,525,,,00000000,,TCHI,CHIMBOTE,L001,Combustible,,,,,,,,,,,00,,5010000675,00020,,,Descargado en PDF.,NB,Pedido estándar,JORDAN PEREY,550,M,0,T70,T70-Comp.JPereyra,2025965990,PROCABLES SA,20191001,20191004,20191007,20190916,1628,2.96,5510.78,L001,X,,05,Liberación concluida,@0O@,,00000,Normal,Plazo 30  días.,,,,,,,,,,5515.66,USD,L003,550,0,1628,5499.38,001-0081960,20191007,20191007,,,000000,,,,0,0,0,0,,,,0,,,0,0,    7,    3,1,P,  667,0000000000,0000,,,,,PRD,Produción,,,00,0,0,0,,,,,,00,20190930,20191002,,TCHI,,,0000000000000000000000000,,CTR - Solp,,  0.000,,,,   14,   14-,    1,    3,    3,,
600,0015033234,00050,COMPRAS,,L,20190916,20190916,20190930,,,20190916,Normal,Normal,90,KG,AUX-FER09,SOGAS Y DRIZAS,MGOMEZ,T060,REDES_PESCA,,ZAUX,Suministros auxiliares,000000000031009164,"CABO MIXTO 3FIB PE-PA-PES 3/4"" TORCIDO",,T65,-487.97,-5.42,1619.1,,0,Normal,,,,145,,,00000000,,TCHI,CHIMBOTE,L001,Combustible,,,,,,,,,,,00,,5010000680,00010,,,Descargado en PDF.,NB,Pedido estándar,JORDAN PEREY,90,KG,0,T70,T70-Comp.JPereyra,0000000770,FIBRAS INDUSTRIALES S A,20191001,20191004,20200409,20190916,450,5,1523.25,L001,X,,05,Liberación concluida,@0O@,,00000,Normal,Plazo 60  días,,,,,,,,,,1612.69,USD,,0,0,0,0,,,20191216,,,000000,,,L001,95.2,0,476,1605.55,010-0018635,20191009,20191216,0,,,0,0,   77,   73,1,C,,0000000000,0000,,,,,PRD,Produción,,,00,0,0,0,,,,,,00,20190930,20191002,,TCHI,,,0000000000000000000000000,,CTR - Solp,,  0.000,,,,   14,   14-,    1,    3,   73,,
600,0015033234,00060,COMPRAS,,L,20190916,20190916,20190930,,,20190916,Normal,Urgencia,130,KG,AUX-FER09,SOGAS Y DRIZAS,MGOMEZ,T060,REDES_PESCA,,ZAUX,Suministros auxiliares,000000000031009159,"CABO MIXTO 3FIB PE-PA-PES  7/8"" TORCIDO",,T65,-704.46,-5.42,2337.4,,0,Normal,,,,45.4,,,00000000,,TCHI,CHIMBOTE,L001,Combustible,,,,,,,,,,,00,,5010000680,00020,,,Descargado en PDF.,NB,Pedido estándar,JORDAN PEREY,130,KG,0,T70,T70-Comp.JPereyra,0000000770,FIBRAS INDUSTRIALES S A,20191001,20191004,20200409,20190916,650,5,2200.25,L001,X,,05,Liberación concluida,@0O@,,00000,Normal,Plazo 60  días,,,,,,,,,,2127.66,USD,,0,0,0,0,,,20191216,,,000000,,,L001,125.6,0,628,2118.24,010-0018635,20191009,20191216,0,,,0,0,   77,   73,1,C,,0000000000,0000,,,,,PRD,Produción,,,00,0,0,0,,,,,,00,20190930,20191002,,TCHI,,,0000000000000000000000000,,CTR - Solp,,  0.000,,,,   14,   14-,    1,    3,   73,,
600,0015033234,00070,COMPRAS,,L,20190916,20190916,20190930,,,20190916,Normal,Normal,640,KG,AUX-FER09,SOGAS Y DRIZAS,MGOMEZ,T060,REDES_PESCA,,ZAUX,Suministros auxiliares,000000000031009161,"CABO MIXTO 3FIB PE-PA-PES 1.1/2"" TORCIDO",,T65,-3894.39,-6.08,12921.6,,0,Normal,,,,949,,,00000000,,TCHI,CHIMBOTE,L001,Combustible,,,,,,,,,,,00,,5010000683,00010,,,Descargado en PDF.,NB,Pedido estándar,JORDAN PEREY,640,KG,0,T70,T70-Comp.JPereyra,0000000696,BADINOTTI PERU S.A.,20191001,20191004,20200409,20190916,3680,5.75,12456.8,L001,X,,05,Liberación concluida,@0O@,,00000,Normal,Plazo 60  días,,,,,,,,,,11753.22,USD,L003,606,0,3484.5,11805.49,102 0036014,20191009,20191009,,,000000,,,,0,0,0,0,,,,0,,,0,0,    9,    5,1,P,  667,0000000000,0000,,,,,PRD,Produción,,,00,0,0,0,,,,,,00,20190930,20191002,,TCHI,,,0000000000000000000000000,,CTR - Solp,,  0.000,,,,   14,   14-,    1,    3,    5,,
600,0015033234,00080,COMPRAS,,L,20190916,20190916,20190930,,,20190916,Normal,Normal,147,KG,AUX-FER09,SOGAS Y DRIZAS,MGOMEZ,T060,REDES_PESCA,,ZAUX,Suministros auxiliares,000000000031009162,"CABO MIXTO 3FIB PE-PA-PES 1.1/4"" TORCIDO",,T65,-890.51,-6.06,2954.7,,0,Normal,,,,600,,,00000000,,TCHI,CHIMBOTE,L001,Combustible,,,,,,,,,,,00,,5010000683,00020,,,Descargado en PDF.,NB,Pedido estándar,JORDAN PEREY,147,KG,0,T70,T70-Comp.JPereyra,0000000696,BADINOTTI PERU S.A.,20191001,20191004,20200409,20190916,845.25,5.75,2861.17,L001,X,,05,Liberación concluida,@0O@,,00000,Normal,Plazo 60  días,,,,,,,,,,2851.03,USD,L003,147,0,845.25,2863.71,102 0036014,20191009,20191009,,,000000,,,,0,0,0,0,,,,0,,,0,0,    9,    5,1,P,  667,0000000000,0000,,,,,PRD,Produción,,,00,0,0,0,,,,,,00,20190930,20191002,,TCHI,,,0000000000000000000000000,,CTR - Solp,,  0.000,,,,   14,   14-,    1,    3,    5,,
600,0015033234,00090,COMPRAS,,L,20190916,20190916,20190930,,,20190916,Normal,Normal,420,KG,AUX-FER09,SOGAS Y DRIZAS,MGOMEZ,T060,REDES_PESCA,,ZAUX,Suministros auxiliares,000000000031009161,"CABO MIXTO 3FIB PE-PA-PES 1.1/2"" TORCIDO",,T65,-2555.7,-6.09,8479.8,,0,Normal,,,,933,,,00000000,,TCNO,TASA CALLAO NORTE,L006,Redes,,,,,,,,,,,00,,5010000683,00030,,,Descargado en PDF.,NB,Pedido estándar,JORDAN PEREY,420,KG,0,T70,T70-Comp.JPereyra,0000000696,BADINOTTI PERU S.A.,20191001,20191004,20200409,20190916,2415,5.75,8174.78,L006,X,,05,Liberación concluida,@0O@,,00000,Normal,Plazo 60  días,,,,,,,,,,7835.48,USD,,0,0,0,0,,,20191009,,,000000,,,L006,404,0,2323,7870.32,102-0036013,20191009,20191009,0,,,0,0,    9,    5,1,C,,0000000000,0000,,,,,PRD,Produción,,,00,0,0,0,,,,,,00,20190930,20191002,,TCNO,,,0000000000000000000000000,,CTR - Solp,,  0.000,,,,   14,   14-,    1,    3,    5,,
600,0015033234,00100,COMPRAS,,L,20190916,20190916,20190930,,,20190916,Normal,Normal,180,KG,AUX-FER09,SOGAS Y DRIZAS,MGOMEZ,T060,REDES_PESCA,,ZAUX,Suministros auxiliares,000000000031009164,"CABO MIXTO 3FIB PE-PA-PES 3/4"" TORCIDO",,T65,-973.24,-5.41,3229.2,,0,Normal,,,,0,,,00000000,,TCNO,TASA CALLAO NORTE,L006,Redes,,,,,,,,,,,00,,5010000680,00030,,,Descargado en PDF.,NB,Pedido estándar,JORDAN PEREY,180,KG,0,T70,T70-Comp.JPereyra,0000000770,FIBRAS INDUSTRIALES S A,20191001,20191004,20200409,20190916,900,5,3046.5,L006,X,,05,Liberación concluida,@0O@,,00000,Normal,Plazo 60  días,,,,,,,,,,3018.18,USD,,0,0,0,0,,,20191011,,,000000,,,L006,179.6,0,898,3018.18,001-0103644,20191011,20191011,0,,,0,0,   11,    7,1,C,,0000000000,0000,,,,,PRD,Produción,,,00,0,0,0,,,,,,00,20190930,20191002,,TCNO,,,0000000000000000000000000,,CTR - Solp,,  0.000,,,,   14,   14-,    1,    3,    7,,
600,0015033772,00010,COMPRAS,,L,20190916,20190916,20190930,@0P@,Anillas tipo argolla,20190916,Normal,Normal,50,ST,AUX-HER05,HERRAM. ELEVACION,MGOMEZ,T060,REDES_PESCA,,ZAUX,Suministros auxiliares,000000000031008447,"ANILLA INOX.V 4"" X 3/4""",,T65,-917.72,-18.35,3045,,0,Normal,,,,30,,,00000000,,TCNO,TASA CALLAO NORTE,L006,Redes,,,,,,,,,,,00,,5010002487,00020,,@0P@,Descargado en PDF.,NB,Pedido estándar,MIRCO CAPRIS,50,ST,0,T67,T67-Comp.MCapristan,0000009265,INGENIEROS MECANICO METALURGIC,20191025,20191028,20191030,20191102,925,18.5,3098.75,L006,X,,05,Liberación concluida,@0O@,,00000,Normal,Plazo 60  días,,,,,,,,,,3120.03,USD,,0,0,0,0,,,20191031,,,000000,,,L006,50,0,925,3097.83,0001-002498,20191031,20191031,0,,,0,0,   31,    3,1,C,,0000000000,0000,,,,,ART,Alta Rotación,,,00,0,0,0,,,,,,00,20190930,20191002,,TCNO,,,0000000000000000000000000,,T01 - Está,,  0.000,,,,   14,   14-,   25,    3,    3,,
600,0015033772,00020,COMPRAS,,L,20190916,20190916,20190930,,,20190916,Normal,Normal,50,ST,AUX-HER05,HERRAM. ELEVACION,MGOMEZ,T060,REDES_PESCA,,ZAUX,Suministros auxiliares,000000000031008450,"ANILLA T/ESTRIBO  INOX. 3/4"" X 4""",,T65,-1487.34,-29.75,4935,,0,Normal,,,,14,,,00000000,,TCNO,TASA CALLAO NORTE,L006,Redes,,,,,,,,,,,00,,5010002487,00030,,@0P@,Descargado en PDF.,NB,Pedido estándar,MIRCO CAPRIS,50,ST,0,T67,T67-Comp.MCapristan,0000009265,INGENIEROS MECANICO METALURGIC,20191025,20191028,20191030,20191102,1500,30,5025,L006,X,,05,Liberación concluida,@0O@,,00000,Normal,Plazo 60  días,,,,,,,,,,5059.5,USD,,0,0,0,0,,,20191031,,,000000,,,L006,50,0,1500,5023.5,0001-002498,20191031,20191031,0,,,0,0,   31,    3,1,C,,0000000000,0000,,,,,ART,Alta Rotación,,,00,0,0,0,,,,,,00,20190930,20191002,,TCNO,,,0000000000000000000000000,,T01 - Está,,  0.000,,,,   14,   14-,   25,    3,    3,,
600,0015033785,00010,COMPRAS,,L,20190916,20190916,20190916,@0P@,SERVICIOS GENERALES PALMATEC COTIZACION 686-0329 presupuesto por intslacion y ma,20190920,Normal,Normal,1,UA,234,Serv. Mant. Maquinaria y equipos,JOGUZMAN,T001,ADMINISTRACION,,,,,INSTALACION DE EQUIPO TI ALMACEN TRANSIT,,T01,-316.46,-316.46,1050,Centro de coste,9,Servicio,,,,0,3013210004,,00000000,,TCNO,TASA CALLAO NORTE,,,2052063973,SERVICIOS GENERALES PALMATEC S.A.C.,2052063973,SERVICIOS GENERALES PALMATEC S.A.C.,,,,,,,00,,5010000740,00010,,@0P@,,NB,Pedido estándar,EHUAMAN,1,UA,0,T66,T66-Comp.CArroyo,2052063973,SERVICIOS GENERALES PALMATEC S,20191002,20191002,,20191007,-309.46,-309.46,1050,,,,05,Liberación concluida,@0O@,,00000,Normal,Plazo 30  días.,,,,,,,,,,1050,PEN,,0,0,0,0,,,20191002,,,000000,,,,1,0,-309.46,1050,686-0329,20191002,20191002,0,,20191002,0,0,   16,    0,1,C,,0000000000,0000,,,,,,,,,00,0,0,0,,,,,,00,20190916,20190920,,,,,0000000000000000000000000,,T02 - Regu,,  0.000,,,,    0,    4,   16,    0,    0,,
600,0015033785,00020,COMPRAS,,L,20190916,20190916,20190916,@0P@,SERVICIOS GENERALES PALMATEC COTIZACION: 683-0326 01 AREA CHD - OFICINA SUPERINT,20190920,Normal,Normal,1,UA,234,Serv. Mant. Maquinaria y equipos,JOGUZMAN,T001,ADMINISTRACION,,,,,CAMBIOS Y REPARACION FUGAS DE GAS,,T01,-641.95,-641.95,2130,Centro de coste,9,Servicio,,,,0,3013210004,,00000000,,TCNO,TASA CALLAO NORTE,,,2052063973,SERVICIOS GENERALES PALMATEC S.A.C.,2052063973,SERVICIOS GENERALES PALMATEC S.A.C.,,,,,,,00,,5010000740,00020,,@0P@,,NB,Pedido estándar,EHUAMAN,1,UA,0,T66,T66-Comp.CArroyo,2052063973,SERVICIOS GENERALES PALMATEC S,20191002,20191002,,20191007,-627.76,-627.76,2130,,,,05,Liberación concluida,@0O@,,00000,Normal,Plazo 30  días.,,,,,,,,,,2130,PEN,,0,0,0,0,,,20191002,,,000000,,,,1,0,-627.76,2130,683-0326,20191002,20191002,0,,20191002,0,0,   16,    0,1,C,,0000000000,0000,,,,,,,,,00,0,0,0,,,,,,00,20190916,20190920,,,,,0000000000000000000000000,,T02 - Regu,,  0.000,,,,    0,    4,   16,    0,    0,,
600,0015033785,00030,COMPRAS,,L,20190916,20190916,20190916,@0P@,SERVICIOS GENERALES PALMATEC COTIZACION: 696-0338 CAMBIO DE TARJETA ELETRONICA D,20190920,Normal,Normal,1,UA,234,Serv. Mant. Maquinaria y equipos,JOGUZMAN,T001,ADMINISTRACION,,,,,CAMBIO TARJETA ELECTRONICA OF. WILLIAM C,,T01,-147.68,-147.68,490,Centro de coste,9,Servicio,,,,0,3013210004,,00000000,,TCNO,TASA CALLAO NORTE,,,2052063973,SERVICIOS GENERALES PALMATEC S.A.C.,2052063973,SERVICIOS GENERALES PALMATEC S.A.C.,,,,,,,00,,5010000740,00030,,@0P@,,NB,Pedido estándar,EHUAMAN,1,UA,0,T66,T66-Comp.CArroyo,2052063973,SERVICIOS GENERALES PALMATEC S,20191002,20191002,,20191007,-144.41,-144.41,490,,,,05,Liberación concluida,@0O@,,00000,Normal,Plazo 30  días.,,,,,,,,,,490,PEN,,0,0,0,0,,,20191002,,,000000,,,,1,0,-144.41,490,696-0338,20191002,20191002,0,,20191002,0,0,   16,    0,1,C,,0000000000,0000,,,,,,,,,00,0,0,0,,,,,,00,20190916,20190920,,,,,0000000000000000000000000,,T02 - Regu,,  0.000,,,,    0,    4,   16,    0,    0,,
600,0015033794,00010,COMPRAS,X,B,20190916,20190916,,@0P@,Servicio de embarque y desembarque de la red anchovetera Tasa 44 Fecha: 25 y 26/,20190916,Normal,Normal,1,UA,233,Serv. Mant de Redes de Pesca,MGOMEZ,T060,REDES_PESCA,,,,,T44 Servicio embarque red anchovetera,,T67,-512.36,-512.36,1700,Centro de coste,9,Servicio,,,,0,3027120003,,00000000,,TCNO,TASA CALLAO NORTE,L006,Redes,2060300007,MAYURUMI NET E.I.R.L.,,,,,,,,,00,,,00000,,,,,,,0,,1,,,,,,,,,0,0,0,,,,,,@0O@,,00000,Normal,,,,,,,,,,,0,,,0,0,0,0,,,,,,000000,,,,0,0,0,0,,,,0,,,0,0,    0,,1,P,  667,0000000000,0000,,,,,,,,,00,0,0,0,,,,,,00,20190916,20190916,,,,,0000000000000000000000000,,T02 - Regu,,  0.000,,,,,,,,,,
600,0015033794,00020,COMPRAS,X,B,20190916,20190916,,@0P@,"Servicio de embarque, desembarque y pega de la red anchovetera Tasa 55. Fecha: 3",20190916,Normal,Normal,1,UA,233,Serv. Mant de Redes de Pesca,MGOMEZ,T060,REDES_PESCA,,,,,T55 Servicio embarque/desembarque,,T67,-924.35,-924.35,3067,Centro de coste,9,Servicio,,,,0,3027140005,,00000000,,TCNO,TASA CALLAO NORTE,L006,Redes,2060300007,MAYURUMI NET E.I.R.L.,,,,,,,,,00,,,00000,,,,,,,0,,1,,,,,,,,,0,0,0,,,,,,@0O@,,00000,Normal,,,,,,,,,,,0,,,0,0,0,0,,,,,,000000,,,,0,0,0,0,,,,0,,,0,0,    0,,1,P,  667,0000000000,0000,,,,,,,,,00,0,0,0,,,,,,00,20190916,20190916,,,,,0000000000000000000000000,,T02 - Regu,,  0.000,,,,,,,,,,
600,0015033794,00030,COMPRAS,X,B,20190916,20190916,,@0P@,Servicio de embarque de red anchovetera Tasa 419 Fecha: 30/07 y 03/08 Lugar: Cal,20190916,Normal,Normal,1,UA,233,Serv. Mant de Redes de Pesca,MGOMEZ,T060,REDES_PESCA,,,,,T419 Servicio embarque/pega red,,T67,-497.29,-497.29,1650,Centro de coste,9,Servicio,,,,0,3027140002,,00000000,,TCNO,TASA CALLAO NORTE,L006,Redes,2060300007,MAYURUMI NET E.I.R.L.,,,,,,,,,00,,,00000,,,,,,,0,,1,,,,,,,,,0,0,0,,,,,,@0O@,,00000,Normal,,,,,,,,,,,0,,,0,0,0,0,,,,,,000000,,,,0,0,0,0,,,,0,,,0,0,    0,,1,P,  667,0000000000,0000,,,,,,,,,00,0,0,0,,,,,,00,20190916,20190916,,,,,0000000000000000000000000,,T02 - Regu,,  0.000,,,,,,,,,,
600,0015033794,00040,COMPRAS,X,B,20190916,20190916,,,,20190916,Normal,Normal,1,UA,233,Serv. Mant de Redes de Pesca,MGOMEZ,T060,REDES_PESCA,,,,,T17 Servicio desembarque red anchovetera,,T67,-301.39,-301.39,1000,Centro de coste,9,Servicio,,,,0,3027110001,,00000000,,TCNO,TASA CALLAO NORTE,L006,Redes,2060300007,MAYURUMI NET E.I.R.L.,,,,,,,,,00,,,00000,,,,,,,0,,1,,,,,,,,,0,0,0,,,,,,@0O@,,00000,Normal,,,,,,,,,,,0,,,0,0,0,0,,,,,,000000,,,,0,0,0,0,,,,0,,,0,0,    0,,1,P,  667,0000000000,0000,,,,,,,,,00,0,0,0,,,,,,00,20190916,20190916,,,,,0000000000000000000000000,,T02 - Regu,,  0.000,,,,,,,,,,
600,0015033794,00050,COMPRAS,X,B,20190916,20190916,,@0P@,Servicio de pega de red anchovetera Tasa 53 Fecha: 03/08 Lugar: Callao Proveedor,20190916,Normal,Normal,1,UA,233,Serv. Mant de Redes de Pesca,MGOMEZ,T060,REDES_PESCA,,,,,T53 Servicio pega red sardinera,,T67,-241.11,-241.11,800,Centro de coste,9,Servicio,,,,0,3027140009,,00000000,,TCNO,TASA CALLAO NORTE,L006,Redes,2060300007,MAYURUMI NET E.I.R.L.,,,,,,,,,00,,,00000,,,,,,,0,,1,,,,,,,,,0,0,0,,,,,,@0O@,,00000,Normal,,,,,,,,,,,0,,,0,0,0,0,,,,,,000000,,,,0,0,0,0,,,,0,,,0,0,    0,,1,P,  667,0000000000,0000,,,,,,,,,00,0,0,0,,,,,,00,20190916,20190916,,,,,0000000000000000000000000,,T02 - Regu,,  0.000,,,,,,,,,,
600,0015033800,00010,COMPRAS,,L,20190916,20190916,20190916,@0P@,DEODORYZA FACTURA F002-609 8662 SERVICIO GLADE AUTOMATICO HAWAIAN BREEZE RPTO 17,20190920,Normal,Normal,1,UA,268,Serv. Administrativos,JOGUZMAN,T001,ADMINISTRACION,,,,,servicio glade aut OF CH F002-609,,T01,-55.61,-55.61,184.5,Centro de coste,9,Servicio,,,,0,3013210004,,00000000,,TCNO,TASA CALLAO NORTE,,,2060457308,DEODORYZA SOCIEDAD ANONIMA,2060457308,DEODORYZA SOCIEDAD ANONIMA,,,,,,,00,,5010000915,00010,,@0P@,,NB,Pedido estándar,CREYES,1,UA,0,T76,T76-NO USAR,2060457308,DEODORYZA SOCIEDAD ANONIMA,20191004,20191022,,20190920,-54.62,-54.62,184.5,,,,05,Liberación concluida,@0O@,,00000,Normal,Plazo 30  días.,,,,,,,,,,184.5,PEN,,0,0,0,0,,,20191023,,,000000,,,,1,0,-55.21,184.5,F002-609,20191023,20191023,0,,20191023,0,0,   37,    1,1,C,,0000000000,0000,,,,,,,,,00,0,0,0,,,,,,00,20190916,20190920,,,,,0000000000000000000000000,,T02 - Regu,,  0.000,,,,    0,    4,   18,   18,    1,,
600,0015033800,00020,COMPRAS,,L,20190916,20190916,20190916,@0P@,DEODORYZA FACTURA F002-610 8662 SERVICIO GLADE AUTOMATICO HAWAIAN BREEZE RPTO 17,20190920,Normal,Normal,1,UA,268,Serv. Administrativos,JOGUZMAN,T001,ADMINISTRACION,,,,,servicio glade aut OF PESCA F002-610,,T01,-245.48,-245.48,814.5,Centro de coste,9,Servicio,,,,0,3013210004,,00000000,,TCNO,TASA CALLAO NORTE,,,2060457308,DEODORYZA SOCIEDAD ANONIMA,2060457308,DEODORYZA SOCIEDAD ANONIMA,,,,,,,00,,5010000915,00020,,@0P@,,NB,Pedido estándar,CREYES,1,UA,0,T76,T76-NO USAR,2060457308,DEODORYZA SOCIEDAD ANONIMA,20191004,20191022,,20190920,-241.12,-241.12,814.5,,,,05,Liberación concluida,@0O@,,00000,Normal,Plazo 30  días.,,,,,,,,,,814.5,PEN,,0,0,0,0,,,20191023,,,000000,,,,1,0,-243.72,814.5,F002-610,20191023,20191023,0,,20191023,0,0,   37,    1,1,C,,0000000000,0000,,,,,,,,,00,0,0,0,,,,,,00,20190916,20190920,,,,,0000000000000000000000000,,T02 - Regu,,  0.000,,,,    0,    4,   18,   18,    1,,
600,0015033800,00030,COMPRAS,,L,20190916,20190916,20190916,@0P@,DEODORYZA FACTURA F002-611 8662 SERVICIO GLADE AUTOMATICO HAWAIAN BREEZE RPTO 17,20190920,Normal,Normal,1,UA,268,Serv. Administrativos,JOGUZMAN,T001,ADMINISTRACION,,,,,servicio glade aut OF EDIFICIO F002-611,,T01,-221.07,-221.07,733.5,Centro de coste,9,Servicio,,,,0,3013210004,,00000000,,TCNO,TASA CALLAO NORTE,,,2060457308,DEODORYZA SOCIEDAD ANONIMA,2060457308,DEODORYZA SOCIEDAD ANONIMA,,,,,,,00,,5010000915,00030,,@0P@,,NB,Pedido estándar,CREYES,1,UA,0,T76,T76-NO USAR,2060457308,DEODORYZA SOCIEDAD ANONIMA,20191004,20191022,,20190920,-217.14,-217.14,733.5,,,,05,Liberación concluida,@0O@,,00000,Normal,Plazo 30  días.,,,,,,,,,,733.5,PEN,,0,0,0,0,,,20191023,,,000000,,,,1,0,-219.48,733.5,F002-611,20191023,20191023,0,,20191023,0,0,   37,    1,1,C,,0000000000,0000,,,,,,,,,00,0,0,0,,,,,,00,20190916,20190920,,,,,0000000000000000000000000,,T02 - Regu,,  0.000,,,,    0,    4,   18,   18,    1,,
600,0015033804,00010,COMPRAS,X,B,20190916,20190916,,@0P@,Servicio de confección de defensas de corcho y cabo para las siguienets pangas T,20190916,Normal,Normal,1,UA,233,Serv. Mant de Redes de Pesca,MGOMEZ,T060,REDES_PESCA,,,,,Servicio confección defensas panga,,T67,-723.33,-723.33,2400,Centro de coste,9,Servicio,,,,0,3027130010,,00000000,,TCNO,TASA CALLAO NORTE,L006,Redes,2052469724,SERVICIOS GENERALES G.S.E. E.I.R.L.,,,,,,,,,00,,,00000,,,,,,,0,,1,,,,,,,,,0,0,0,,,,,,@0O@,,00000,Normal,,,,,,,,,,,0,,,0,0,0,0,,,,,,000000,,,,0,0,0,0,,,,0,,,0,0,    0,,1,P,  667,0000000000,0000,,,,,,,,,00,0,0,0,,,,,,00,20190916,20190916,,,,,0000000000000000000000000,,T02 - Regu,,  0.000,,,,,,,,,,
600,0015033804,00020,COMPRAS,X,B,20190916,20190916,,@0P@,Servicio de desembarque de red anchovetera Tasa 55 Fecha: 30.07 Lugar: Callao Pr,20190916,Normal,Normal,1,UA,233,Serv. Mant de Redes de Pesca,MGOMEZ,T060,REDES_PESCA,,,,,T55 Servicio desembarque red anchovetera,,T67,-256.18,-256.18,850,Centro de coste,9,Servicio,,,,0,3027140005,,00000000,,TCNO,TASA CALLAO NORTE,L006,Redes,2052469724,SERVICIOS GENERALES G.S.E. E.I.R.L.,,,,,,,,,00,,,00000,,,,,,,0,,1,,,,,,,,,0,0,0,,,,,,@0O@,,00000,Normal,,,,,,,,,,,0,,,0,0,0,0,,,,,,000000,,,,0,0,0,0,,,,0,,,0,0,    0,,1,P,  667,0000000000,0000,,,,,,,,,00,0,0,0,,,,,,00,20190916,20190916,,,,,0000000000000000000000000,,T02 - Regu,,  0.000,,,,,,,,,,
600,0015033804,00030,COMPRAS,X,B,20190916,20190916,,@0P@,Servicio de embarque red anchovetera Tasa 51 Fecha: 30.07 Lugar: Callao Proveedo,20190916,Normal,Normal,1,UA,233,Serv. Mant de Redes de Pesca,MGOMEZ,T060,REDES_PESCA,,,,,T51 Servicio embarque red sardinera,,T67,-256.18,-256.18,850,Centro de coste,9,Servicio,,,,0,3027140011,,00000000,,TCNO,TASA CALLAO NORTE,L006,Redes,2052469724,SERVICIOS GENERALES G.S.E. E.I.R.L.,,,,,,,,,00,,,00000,,,,,,,0,,1,,,,,,,,,0,0,0,,,,,,@0O@,,00000,Normal,,,,,,,,,,,0,,,0,0,0,0,,,,,,000000,,,,0,0,0,0,,,,0,,,0,0,    0,,1,P,  667,0000000000,0000,,,,,,,,,00,0,0,0,,,,,,00,20190916,20190916,,,,,0000000000000000000000000,,T02 - Regu,,  0.000,,,,,,,,,,
600,0015033804,00040,COMPRAS,X,B,20190916,20190916,,@0P@,Servicio de desembarque de red anchovetera Tasa 419 Fecha: 30.07 Lugar: Callao P,20190916,Normal,Normal,1,UA,233,Serv. Mant de Redes de Pesca,MGOMEZ,T060,REDES_PESCA,,,,,T419 Servicio desembarque red anchoveter,,T67,-256.18,-256.18,850,Centro de coste,9,Servicio,,,,0,3027140002,,00000000,,TCNO,TASA CALLAO NORTE,L006,Redes,2052469724,SERVICIOS GENERALES G.S.E. E.I.R.L.,,,,,,,,,00,,,00000,,,,,,,0,,1,,,,,,,,,0,0,0,,,,,,@0O@,,00000,Normal,,,,,,,,,,,0,,,0,0,0,0,,,,,,000000,,,,0,0,0,0,,,,0,,,0,0,    0,,1,P,  667,0000000000,0000,,,,,,,,,00,0,0,0,,,,,,00,20190916,20190916,,,,,0000000000000000000000000,,T02 - Regu,,  0.000,,,,,,,,,,
600,0015033804,00050,COMPRAS,X,B,20190916,20190916,,@0P@,Servicio de desembarque de red anchovetera Tasa 51 Fecha: 30.07 Lugar: Callao Pr,20190916,Normal,Normal,1,UA,233,Serv. Mant de Redes de Pesca,MGOMEZ,T060,REDES_PESCA,,,,,T51 Servicio desembarque red anchovetera,,T67,-256.18,-256.18,850,Centro de coste,9,Servicio,,,,0,3027140011,,00000000,,TCNO,TASA CALLAO NORTE,L006,Redes,2052469724,SERVICIOS GENERALES G.S.E. E.I.R.L.,,,,,,,,,00,,,00000,,,,,,,0,,1,,,,,,,,,0,0,0,,,,,,@0O@,,00000,Normal,,,,,,,,,,,0,,,0,0,0,0,,,,,,000000,,,,0,0,0,0,,,,0,,,0,0,    0,,1,P,  667,0000000000,0000,,,,,,,,,00,0,0,0,,,,,,00,20190916,20190916,,,,,0000000000000000000000000,,T02 - Regu,,  0.000,,,,,,,,,,
600,0015033804,00060,COMPRAS,X,B,20190916,20190916,,@0P@,Servicio de pega de red anchovetera Tasa 51 Fecha: 31.07 Lugar: Callao Proveedor,20190916,Normal,Normal,1,UA,233,Serv. Mant de Redes de Pesca,MGOMEZ,T060,REDES_PESCA,,,,,T51 Servicio pega red sardinera,,T67,-241.11,-241.11,800,Centro de coste,9,Servicio,,,,0,3027140011,,00000000,,TCNO,TASA CALLAO NORTE,L006,Redes,2052469724,SERVICIOS GENERALES G.S.E. E.I.R.L.,,,,,,,,,00,,,00000,,,,,,,0,,1,,,,,,,,,0,0,0,,,,,,@0O@,,00000,Normal,,,,,,,,,,,0,,,0,0,0,0,,,,,,000000,,,,0,0,0,0,,,,0,,,0,0,    0,,1,P,  667,0000000000,0000,,,,,,,,,00,0,0,0,,,,,,00,20190916,20190916,,,,,0000000000000000000000000,,T02 - Regu,,  0.000,,,,,,,,,,
600,0015033804,00070,COMPRAS,X,B,20190916,20190916,,@0P@,Servicio de pega de red anchovetera Tasa 412 Fecha: 31.07 Lugar: Callao Proveedo,20190916,Normal,Normal,1,UA,233,Serv. Mant de Redes de Pesca,MGOMEZ,T060,REDES_PESCA,,,,,T412 Servicio pega red anchovetera,,T67,-241.11,-241.11,800,Centro de coste,9,Servicio,,,,0,3027120010,,00000000,,TCNO,TASA CALLAO NORTE,L006,Redes,2052469724,SERVICIOS GENERALES G.S.E. E.I.R.L.,,,,,,,,,00,,,00000,,,,,,,0,,1,,,,,,,,,0,0,0,,,,,,@0O@,,00000,Normal,,,,,,,,,,,0,,,0,0,0,0,,,,,,000000,,,,0,0,0,0,,,,0,,,0,0,    0,,1,P,  667,0000000000,0000,,,,,,,,,00,0,0,0,,,,,,00,20190916,20190916,,,,,0000000000000000000000000,,T02 - Regu,,  0.000,,,,,,,,,,
600,0015033804,00080,COMPRAS,X,B,20190916,20190916,,,,20190916,Normal,Normal,1,UA,233,Serv. Mant de Redes de Pesca,MGOMEZ,T060,REDES_PESCA,,,,,T54 Servicio desembarque red anchovetera,,T67,-256.18,-256.18,850,Centro de coste,9,Servicio,,,,0,3027140010,,00000000,,TCNO,TASA CALLAO NORTE,L006,Redes,2052469724,SERVICIOS GENERALES G.S.E. E.I.R.L.,,,,,,,,,00,,,00000,,,,,,,0,,1,,,,,,,,,0,0,0,,,,,,@0O@,,00000,Normal,,,,,,,,,,,0,,,0,0,0,0,,,,,,000000,,,,0,0,0,0,,,,0,,,0,0,    0,,1,P,  667,0000000000,0000,,,,,,,,,00,0,0,0,,,,,,00,20190916,20190916,,,,,0000000000000000000000000,,T02 - Regu,,  0.000,,,,,,,,,,
600,0015033804,00090,COMPRAS,X,B,20190916,20190916,,@0P@,Servicio de pega de la red stand by 180 para uso en la EP Tasa 220 Fecha: 13/06,20190916,Normal,Normal,1,UA,233,Serv. Mant de Redes de Pesca,MGOMEZ,T060,REDES_PESCA,,,,,SB180 Servicio pega red anchovetera,,T67,-120.55,-120.55,400,Centro de coste,9,Servicio,,,,0,3027110002,,00000000,,TCNO,TASA CALLAO NORTE,L006,Redes,2052469724,SERVICIOS GENERALES G.S.E. E.I.R.L.,,,,,,,,,00,,,00000,,,,,,,0,,1,,,,,,,,,0,0,0,,,,,,@0O@,,00000,Normal,,,,,,,,,,,0,,,0,0,0,0,,,,,,000000,,,,0,0,0,0,,,,0,,,0,0,    0,,1,P,  667,0000000000,0000,,,,,,,,,00,0,0,0,,,,,,00,20190916,20190916,,,,,0000000000000000000000000,,T02 - Regu,,  0.000,,,,,,,,,,
600,0015033804,00100,COMPRAS,X,B,20190916,20190916,,@0P@,Servicio de embarque de la red stand by 180 para uso en la EP Tasa 220 Fecha: 13,20190916,Normal,Normal,1,UA,233,Serv. Mant de Redes de Pesca,MGOMEZ,T060,REDES_PESCA,,,,,SB180 Servicio embarque red anchovetera,,T67,-256.18,-256.18,850,Centro de coste,9,Servicio,,,,0,3027110002,,00000000,,TCNO,TASA CALLAO NORTE,L006,Redes,2052469724,SERVICIOS GENERALES G.S.E. E.I.R.L.,,,,,,,,,00,,,00000,,,,,,,0,,1,,,,,,,,,0,0,0,,,,,,@0O@,,00000,Normal,,,,,,,,,,,0,,,0,0,0,0,,,,,,000000,,,,0,0,0,0,,,,0,,,0,0,    0,,1,P,  667,0000000000,0000,,,,,,,,,00,0,0,0,,,,,,00,20190916,20190916,,,,,0000000000000000000000000,,T02 - Regu,,  0.000,,,,,,,,,,
600,0015033821,00010,COMPRAS,X,B,20190916,20190916,,@0P@,Servicio de personal de apoyo para limpieza de la grúa y maniobras de carga. Fec,20190916,Normal,Normal,1,LE,295,Serv. Varios Operaciones,MGOMEZ,T060,REDES_PESCA,,,,,Servicio personal apoyo grua taller rede,,T65,-76.07,-76.07,252.4,Centro de coste,9,Servicio,,,,0,3031000004,,00000000,,TCNO,TASA CALLAO NORTE,L006,Redes,2052092051,SONIMAR SERVICIOS E.I.R.L.,,,,,,,,,00,,,00000,,,,,,,0,,1,,,,,,,,,0,0,0,,,,,,@0O@,,00000,Normal,,,,,,,,,,,0,,,0,0,0,0,,,,,,000000,,,,0,0,0,0,,,,0,,,0,0,    0,,1,P,  667,0000000000,0000,,,,,,,,,00,0,0,0,,,,,,00,20190916,20190916,,,,,0000000000000000000000000,,T02 - Regu,,  0.000,,,,,,,,,,
600,0015033821,00020,COMPRAS,X,B,20190916,20190916,,@0P@,Servicio pega red anchovetera Tasa 17 Fecha: 02.08 Lugar: Callao Proveedor: Soni,20190916,Normal,Normal,1,UA,233,Serv. Mant de Redes de Pesca,MGOMEZ,T060,REDES_PESCA,,,,,T17 Servicio pega red anchovetera,,T65,-120.55,-120.55,400,Centro de coste,9,Servicio,,,,0,3027110001,,00000000,,TCNO,TASA CALLAO NORTE,L006,Redes,2052092051,SONIMAR SERVICIOS E.I.R.L.,,,,,,,,,00,,,00000,,,,,,,0,,1,,,,,,,,,0,0,0,,,,,,@0O@,,00000,Normal,,,,,,,,,,,0,,,0,0,0,0,,,,,,000000,,,,0,0,0,0,,,,0,,,0,0,    0,,1,P,  667,0000000000,0000,,,,,,,,,00,0,0,0,,,,,,00,20190916,20190916,,,,,0000000000000000000000000,,T02 - Regu,,  0.000,,,,,,,,,,
600,0015033821,00030,COMPRAS,X,B,20190916,20190916,,@0P@,Servicio de desembarque de red anchovetera Tasa 220 Fecha: 01.08.2019 Lugar: Cal,20190916,Normal,Normal,1,UA,233,Serv. Mant de Redes de Pesca,MGOMEZ,T060,REDES_PESCA,,,,,T220 Servicio embarque red anchovetera,,T65,-256.18,-256.18,850,Centro de coste,9,Servicio,,,,0,3027110002,,00000000,,TCNO,TASA CALLAO NORTE,L006,Redes,2052092051,SONIMAR SERVICIOS E.I.R.L.,,,,,,,,,00,,,00000,,,,,,,0,,1,,,,,,,,,0,0,0,,,,,,@0O@,,00000,Normal,,,,,,,,,,,0,,,0,0,0,0,,,,,,000000,,,,0,0,0,0,,,,0,,,0,0,    0,,1,P,  667,0000000000,0000,,,,,,,,,00,0,0,0,,,,,,00,20190916,20190916,,,,,0000000000000000000000000,,T02 - Regu,,  0.000,,,,,,,,,,
600,0015033821,00040,COMPRAS,X,B,20190916,20190916,,@0P@,Servicio desembarque de red anchovereta Tasa 57 Fecha: 01/08/2019 Lugar: Callao,20190916,Normal,Normal,1,UA,233,Serv. Mant de Redes de Pesca,MGOMEZ,T060,REDES_PESCA,,,,,T57 Servicio desembarque red anchovetera,,T65,-256.18,-256.18,850,Centro de coste,9,Servicio,,,,0,3027140008,,00000000,,TCNO,TASA CALLAO NORTE,L006,Redes,2052092051,SONIMAR SERVICIOS E.I.R.L.,,,,,,,,,00,,,00000,,,,,,,0,,1,,,,,,,,,0,0,0,,,,,,@0O@,,00000,Normal,,,,,,,,,,,0,,,0,0,0,0,,,,,,000000,,,,0,0,0,0,,,,0,,,0,0,    0,,1,P,  667,0000000000,0000,,,,,,,,,00,0,0,0,,,,,,00,20190916,20190916,,,,,0000000000000000000000000,,T02 - Regu,,  0.000,,,,,,,,,,
600,0015033821,00050,COMPRAS,X,B,20190916,20190916,,@0P@,Servicio desembarque red anchovetera Tasa 419 Fecha: 01.08 Lugar: Callao Proveed,20190916,Normal,Normal,1,UA,233,Serv. Mant de Redes de Pesca,MGOMEZ,T060,REDES_PESCA,,,,,T419 Servicio embarque red anchovetera,,T65,-256.18,-256.18,850,Centro de coste,9,Servicio,,,,0,3027140002,,00000000,,TCNO,TASA CALLAO NORTE,L006,Redes,2052092051,SONIMAR SERVICIOS E.I.R.L.,,,,,,,,,00,,,00000,,,,,,,0,,1,,,,,,,,,0,0,0,,,,,,@0O@,,00000,Normal,,,,,,,,,,,0,,,0,0,0,0,,,,,,000000,,,,0,0,0,0,,,,0,,,0,0,    0,,1,P,  667,0000000000,0000,,,,,,,,,00,0,0,0,,,,,,00,20190916,20190916,,,,,0000000000000000000000000,,T02 - Regu,,  0.000,,,,,,,,,,
600,0015033821,00060,COMPRAS,X,B,20190916,20190916,,@0P@,Servicio desembarque de red anchovetera Tasa 59 Fecha: 01.08 Lugar: Callao Prove,20190916,Normal,Normal,1,UA,233,Serv. Mant de Redes de Pesca,MGOMEZ,T060,REDES_PESCA,,,,,T59 Servicio desembarque red anchovetera,,T65,-256.18,-256.18,850,Centro de coste,9,Servicio,,,,0,3027140006,,00000000,,TCNO,TASA CALLAO NORTE,L006,Redes,2052092051,SONIMAR SERVICIOS E.I.R.L.,,,,,,,,,00,,,00000,,,,,,,0,,1,,,,,,,,,0,0,0,,,,,,@0O@,,00000,Normal,,,,,,,,,,,0,,,0,0,0,0,,,,,,000000,,,,0,0,0,0,,,,0,,,0,0,    0,,1,P,  667,0000000000,0000,,,,,,,,,00,0,0,0,,,,,,00,20190916,20190916,,,,,0000000000000000000000000,,T02 - Regu,,  0.000,,,,,,,,,,
600,0015033821,00070,COMPRAS,X,B,20190916,20190916,,@0P@,Servicio desembarque de red anchovetera Tasa 424 Fecha: 01.08 Lugar: Callao Prov,20190916,Normal,Normal,1,UA,233,Serv. Mant de Redes de Pesca,MGOMEZ,T060,REDES_PESCA,,,,,T427 Servicio desembarque red anchoveter,,T65,-256.18,-256.18,850,Centro de coste,9,Servicio,,,,0,3027140014,,00000000,,TCNO,TASA CALLAO NORTE,L006,Redes,2052092051,SONIMAR SERVICIOS E.I.R.L.,,,,,,,,,00,,,00000,,,,,,,0,,1,,,,,,,,,0,0,0,,,,,,@0O@,,00000,Normal,,,,,,,,,,,0,,,0,0,0,0,,,,,,000000,,,,0,0,0,0,,,,0,,,0,0,    0,,1,P,  667,0000000000,0000,,,,,,,,,00,0,0,0,,,,,,00,20190916,20190916,,,,,0000000000000000000000000,,T02 - Regu,,  0.000,,,,,,,,,,
600,0015033821,00080,COMPRAS,X,B,20190916,20190916,,@0P@,Servicio pega de red anchovetera Tasa 426 Fecha: 31.07 Lugar: Callao Proveedor:,20190916,Normal,Normal,1,UA,233,Serv. Mant de Redes de Pesca,MGOMEZ,T060,REDES_PESCA,,,,,T426 Servicio pega red anchovetera,,T65,-120.55,-120.55,400,Centro de coste,9,Servicio,,,,0,3027130010,,00000000,,TCNO,TASA CALLAO NORTE,L006,Redes,2052092051,SONIMAR SERVICIOS E.I.R.L.,,,,,,,,,00,,,00000,,,,,,,0,,1,,,,,,,,,0,0,0,,,,,,@0O@,,00000,Normal,,,,,,,,,,,0,,,0,0,0,0,,,,,,000000,,,,0,0,0,0,,,,0,,,0,0,    0,,1,P,  667,0000000000,0000,,,,,,,,,00,0,0,0,,,,,,00,20190916,20190916,,,,,0000000000000000000000000,,T02 - Regu,,  0.000,,,,,,,,,,
600,0015033821,00090,COMPRAS,X,B,20190916,20190916,,@0P@,Servicio embarque de red anchovetera Stand by 350 para uso en la EP Tasa 426. Fe,20190916,Normal,Normal,1,UA,233,Serv. Mant de Redes de Pesca,MGOMEZ,T060,REDES_PESCA,,,,,SB350 Servicio embarque red anchovetera,,T65,-321.28,-321.28,1066,Centro de coste,9,Servicio,,,,0,3027130010,,00000000,,TCNO,TASA CALLAO NORTE,L006,Redes,2052092051,SONIMAR SERVICIOS E.I.R.L.,,,,,,,,,00,,,00000,,,,,,,0,,1,,,,,,,,,0,0,0,,,,,,@0O@,,00000,Normal,,,,,,,,,,,0,,,0,0,0,0,,,,,,000000,,,,0,0,0,0,,,,0,,,0,0,    0,,1,P,  667,0000000000,0000,,,,,,,,,00,0,0,0,,,,,,00,20190916,20190916,,,,,0000000000000000000000000,,T02 - Regu,,  0.000,,,,,,,,,,
600,0015033821,00100,COMPRAS,X,B,20190916,20190916,,@0P@,Servicio de embarque d red sardinera Tasa 51 Fecha: 30.07 Lugar: Callao Proveedo,20190916,Normal,Normal,1,UA,233,Serv. Mant de Redes de Pesca,MGOMEZ,T060,REDES_PESCA,,,,,T51 Servicio embarque red sardinera,,T65,-256.18,-256.18,850,Centro de coste,9,Servicio,,,,0,3027140011,,00000000,,TCNO,TASA CALLAO NORTE,L006,Redes,2052092051,SONIMAR SERVICIOS E.I.R.L.,,,,,,,,,00,,,00000,,,,,,,0,,1,,,,,,,,,0,0,0,,,,,,@0O@,,00000,Normal,,,,,,,,,,,0,,,0,0,0,0,,,,,,000000,,,,0,0,0,0,,,,0,,,0,0,    0,,1,P,  667,0000000000,0000,,,,,,,,,00,0,0,0,,,,,,00,20190916,20190916,,,,,0000000000000000000000000,,T02 - Regu,,  0.000,,,,,,,,,,