MANDT,AUFNR,CORREL,AUART,LTXA1,PSPEL,STTX2,KONTY,REC_OBJNR1,TXTREC,ERDA2,ERNA2,BANFN,BNFPO,TXZ01,WERKS,PREIS,WAER1,MONT1,AFNAM,AFNAM_N,BADAT,LFDAT,LIFNR_SP,NAME1_EBAN,PRIO_REQ,ERNAM,NAME_TEXT,ERDAT,BEDNR,EKGRP_SP,ZZORDTR,ZZPOSNR,ZZEMBAR,ZZTMANT,ZCLASIF_UBIC,ZZSISTE,ZZDSIST,ZZEQUIP,ZZDESEM,BANPR,BLCKD,LOEKZ_SP,FRGKZ_SP,FKZTX,SFRGDU,SFRGC1,LIBSP1,SFRGD1,SFRGZ1,SFRGC2,LIBSP2,SFRGD2,SFRGZ2,SFRGC3,LIBSP3,SFRGD3,SFRGZ3,EBELN,EBELP,LIFNR,NAME1,AEDAT,EINDT,EKGRP,MENGE,MEINS,NETPR,WAER2,MONT2,LOEKZ_OC,FRGKE,FRGET,OFRGDU,OFRGC1,LIBOC1,OFRGD1,OFRGZ1,OFRGC2,LIBOC2,OFRGD2,OFRGZ2,OFRGC3,LIBOC3,OFRGD3,OFRGZ3,OFRGC4,LIBOC4,OFRGD4,OFRGZ4,OFRGC5,LIBOC5,OFRGD5,OFRGZ5,OFRGC6,LIBOC6,OFRGD6,OFRGZ6,OFRGC7,LIBOC7,OFRGD7,OFRGZ7,OFRGC8,LIBOC8,OFRGD8,OFRGZ8,LBLNI,KZABN_TXT,FINAL_TXT,TXZ01_HES,LBLNE,NETWR,WAERS_HE2,LWERT,WAERS_HE1,ERDA3,HESNM,NMHES,CNTEN,LZVON,LZBIS,DLORT,SBNAMAG,SBNAMAN,QASRV,TXSRV,PLAZOSRV,TXPLAZOSRV,EVASEGOCU,TXEVASEGOCU,TXNROATC,HFRGC1,LIBHE1,HFRGD1,HFRGZ1,HFRGC2,LIBHE2,HFRGD2,HFRGZ2,BELNR,GJAHR,BUDAT,XBLNR,RMWWR,WMWST1,WAERS_FAC,XEXPORT
600,M616977     ,000001,ZMAX,TVEG Cambio Luminarias Estanco y Tendido,PMP24/03-TVEG-02-02-CO,CTEC MOVM,KS,3032132001,HyP Fijo TVEG,2024-08-05,TASA_MAXIMO,0020132398,00010,TVEG Cambio Luminarias Estanco y Tendido,TVEG,1500,USD,1500,TMV1,MANTTO PLA,2024-08-05,2024-08-31,2056914480,ASISTENCIA ELECTRICA S.A.C.,255,TASA_MAXIMO,MAXIMO TASA,0000-00-00,PLANTA,T79,616977,616978,TVEG,MP,02,TVEG0102-06,Transportadores de Pozas,0000000000000000000000000,,05,,,3,Liberado Total,2024-08-05,M2,EMORE,2024-08-05,X,,,0000-00-00,,,,0000-00-00,,5010179902,00010,2056914480,ASISTENCIA ELECTRICA S.A.C.,2024-08-12,2024-08-31,T72,1,UA,1500,USD,1500,,8,Liberado total Exsa,2024-08-13,L2,RGAMBINI,2024-08-13,X,GM,EDELASCASAS,2024-08-13,X,,,0000-00-00,,,,0000-00-00,,,,0000-00-00,,,,0000-00-00,,,,0000-00-00,,,,0000-00-00,,1001868822,Aceptada,,TVEG Cambio Luminarias Estanco y Tendido,,1500,USD,1500,USD,2024-08-17,TASA_MAXIMO,1,100,2024-04-15,2024-04-17,Vegueta,PHEREDIA,miguel hid,100,MUY SATISFECHO,100,MUY SATISFECHO,100,MUY SATISFECHO,1047306,PM,TCURO,2024-08-17,X,,,0000-00-00,,5105616732,2024,2024-08-20,01-0E001-0000489,1770,270,USD,
600,M616981     ,000001,ZMAX,TVEG Mantto Pastorales Zona Tks Despacho,PMP24/03-TVEG-02-14-CO,CTEC MOVM,KS,3032132001,HyP Fijo TVEG,2024-08-05,TASA_MAXIMO,0020132399,00010,TVEG Mantto Pastorales Zona Tks Despacho,TVEG,810,USD,810,TMV1,MANTTO PLA,2024-08-05,2024-08-31,2056914480,ASISTENCIA ELECTRICA S.A.C.,255,TASA_MAXIMO,MAXIMO TASA,0000-00-00,PLANTA,T79,616981,616984,TVEG,MP,14,TVEG0204-02,Tanques de Almacenamiento de Aceite de P,0000000000000000000000000,,05,,,3,Liberado Total,2024-08-05,M2,EMORE,2024-08-05,X,,,0000-00-00,,,,0000-00-00,,5010179902,00020,2056914480,ASISTENCIA ELECTRICA S.A.C.,2024-08-12,2024-08-31,T72,1,UA,810,USD,810,,8,Liberado total Exsa,2024-08-13,L2,RGAMBINI,2024-08-13,X,GM,EDELASCASAS,2024-08-13,X,,,0000-00-00,,,,0000-00-00,,,,0000-00-00,,,,0000-00-00,,,,0000-00-00,,,,0000-00-00,,1001868823,Aceptada,,TVEG Mantto Pastorales Zona Tks Despacho,,810,USD,810,USD,2024-08-17,TASA_MAXIMO,1,100,2024-05-08,2024-05-09,Vegueta,PHEREDIA,andy salda,100,MUY SATISFECHO,100,MUY SATISFECHO,100,MUY SATISFECHO,1047307,PM,TCURO,2024-08-17,X,,,0000-00-00,,5105616734,2024,2024-08-20,01-0E001-0000490,955.8,145.8,USD,
600,M616985     ,000001,ZMAX,Sensor de alarma de temperatura de agua,F4A24/08-T071-EPBL01MC,CTEC MOVM,KS,3023140013,Tasa 71 (Don Abraham,2024-08-13,TASA_MAXIMO,0020132967,00010,Sensor de alarma de temperatura de agua,TCNO,1380,PEN,368.29,TMF1,MANTTO CCC,2024-08-13,2024-08-04,2011015409,SERVICIOS ELECTROM. INDUSTRIALES S.,255,TASA_MAXIMO,MAXIMO TASA,0000-00-00,PESCA,T79,616985,616986,T071,MCP,03,TF01071-0301,Motor Principal,0000000000000000300011233,MOTOR DIESEL 2481 HP 1000 RPM,05,,,3,Liberado Total,2024-11-04,SA,JURAMOS,2024-11-04,X,,,0000-00-00,,,,0000-00-00,,5010188292,00010,2011015409,SERVICIOS ELECTROM. INDUSTRIAL,2024-11-07,2024-08-04,T76,1,UA,1380,PEN,364.4,,8,Liberado total Exsa,2024-11-07,LT,JHDELGADO,2024-11-07,X,GM,EDELASCASAS,2024-11-07,X,,,0000-00-00,,,,0000-00-00,,,,0000-00-00,,,,0000-00-00,,,,0000-00-00,,,,0000-00-00,,1001989597,Aceptada,,Sensor de alarma de temperatura de agua,,1380,PEN,1380,PEN,2024-11-13,TASA_MAXIMO,1,100,2024-08-05,2024-10-28,TASA 71,PJIMENEZ,L FRANCO,080,SATISFECHO,080,SATISFECHO,080,SATISFECHO,1047732,01,,2024-11-13,X,,,0000-00-00,,5105660417,2024,2024-11-18,01-0E001-0000511,14431.4,2201.4,PEN,
600,M616991     ,000001,ZMAX,TVEG Mantto Pastorales Zona Planta Evapo,PMP24/03-TVEG-02-10-CO,CTEC MOVM,KS,3032132001,HyP Fijo TVEG,2024-08-05,TASA_MAXIMO,0020132410,00010,TVEG Mantto Pastorales Zona Planta Evapo,TVEG,650,USD,650,TMV1,MANTTO PLA,2024-08-05,2024-08-31,2056914480,ASISTENCIA ELECTRICA S.A.C.,255,TASA_MAXIMO,MAXIMO TASA,0000-00-00,PLANTA,T79,616991,616992,TVEG,MP,10,TVEG0110-01,Unidad Evaporadora #1,0000000000000000000000000,,05,,,3,Liberado Total,2024-08-05,M2,EMORE,2024-08-05,X,,,0000-00-00,,,,0000-00-00,,5010179902,00030,2056914480,ASISTENCIA ELECTRICA S.A.C.,2024-08-12,2024-08-31,T72,1,UA,650,USD,650,,8,Liberado total Exsa,2024-08-13,L2,RGAMBINI,2024-08-13,X,GM,EDELASCASAS,2024-08-13,X,,,0000-00-00,,,,0000-00-00,,,,0000-00-00,,,,0000-00-00,,,,0000-00-00,,,,0000-00-00,,1001888885,Aceptada,,TVEG Mantto Pastorales Zona Planta Evapo,,650,USD,650,USD,2024-09-01,TASA_MAXIMO,1,100,2024-05-16,2024-05-17,Vegueta,PHEREDIA,darlyn vas,100,MUY SATISFECHO,100,MUY SATISFECHO,100,MUY SATISFECHO,1047308,PM,TCURO,2024-09-01,X,,,0000-00-00,,5105623478,2024,2024-09-04,01-0E001-0000502,767,117,USD,
600,M616993     ,000001,ZMAX,TVEG  Mantto Pastorales Zona Secado,PMP24/03-TVEG-02-05-CO,CTEC MOVM,KS,3032132001,HyP Fijo TVEG,2024-08-05,TASA_MAXIMO,0020132411,00010,TVEG  Mantto Pastorales Zona Secado,TVEG,890,USD,890,TMV1,MANTTO PLA,2024-08-05,2024-08-31,2056914480,ASISTENCIA ELECTRICA S.A.C.,255,TASA_MAXIMO,MAXIMO TASA,0000-00-00,PLANTA,T79,616993,616994,TVEG,MP,05,TVEG0105-02,Secador Rotadiscos,0000000000000000000000000,,05,,,3,Liberado Total,2024-08-05,M2,EMORE,2024-08-05,X,,,0000-00-00,,,,0000-00-00,,5010179902,00040,2056914480,ASISTENCIA ELECTRICA S.A.C.,2024-08-12,2024-08-31,T72,1,UA,890,USD,890,,8,Liberado total Exsa,2024-08-13,L2,RGAMBINI,2024-08-13,X,GM,EDELASCASAS,2024-08-13,X,,,0000-00-00,,,,0000-00-00,,,,0000-00-00,,,,0000-00-00,,,,0000-00-00,,,,0000-00-00,,1001868824,Aceptada,,TVEG  Mantto Pastorales Zona Secado,,890,USD,890,USD,2024-08-17,TASA_MAXIMO,1,100,2024-05-13,2024-05-14,Vegueta,PHEREDIA,miguel hid,100,MUY SATISFECHO,100,MUY SATISFECHO,100,MUY SATISFECHO,1047309,PM,TCURO,2024-08-17,X,,,0000-00-00,,5105616735,2024,2024-08-20,01-0E001-0000491,1050.2,160.2,USD,
600,M616995     ,000001,ZMAX,TVEG Mantto Pastorales Zona de Enfriador,PMP24/03-TVEG-02-06-CO,CTEC MOVM,KS,3032132001,HyP Fijo TVEG,2024-08-05,TASA_MAXIMO,0020132412,00010,TVEG Mantto Pastorales Zona de Enfriador,TVEG,650,USD,650,TMV1,MANTTO PLA,2024-08-05,2024-08-31,2056914480,ASISTENCIA ELECTRICA S.A.C.,255,TASA_MAXIMO,MAXIMO TASA,0000-00-00,PLANTA,T79,616995,616996,TVEG,MP,06,TVEG0106-01,Enfriadores,0000000000000000000000000,,05,,,3,Liberado Total,2024-08-05,M2,EMORE,2024-08-05,X,,,0000-00-00,,,,0000-00-00,,5010179902,00050,2056914480,ASISTENCIA ELECTRICA S.A.C.,2024-08-12,2024-08-31,T72,1,UA,650,USD,650,,8,Liberado total Exsa,2024-08-13,L2,RGAMBINI,2024-08-13,X,GM,EDELASCASAS,2024-08-13,X,,,0000-00-00,,,,0000-00-00,,,,0000-00-00,,,,0000-00-00,,,,0000-00-00,,,,0000-00-00,,1001868825,Aceptada,,TVEG Mantto Pastorales Zona de Enfriador,,650,USD,650,USD,2024-08-17,TASA_MAXIMO,1,100,2024-05-14,2024-05-15,Vegueta,PHEREDIA,miguel hid,100,MUY SATISFECHO,100,MUY SATISFECHO,100,MUY SATISFECHO,1047310,PM,TCURO,2024-08-17,X,,,0000-00-00,,5105616736,2024,2024-08-20,01-0E001-0000492,767,117,USD,
600,M616997     ,000001,ZMAX,TVEG Mantto Pastorales Zona de Recepción,PMP24/03-TVEG-02-11-CO,CTEC MOVM,KS,3032132001,HyP Fijo TVEG,2024-08-05,TASA_MAXIMO,0020132413,00010,TVEG Mantto Pastorales Zona de Recepción,TVEG,688,USD,688,TMV1,MANTTO PLA,2024-08-05,2024-08-31,2056914480,ASISTENCIA ELECTRICA S.A.C.,255,TASA_MAXIMO,MAXIMO TASA,0000-00-00,PLANTA,T79,616997,616998,TVEG,MP,11,TVEG0201-06,Tanque Diario de Combustible,0000000000000000000000000,,05,,,3,Liberado Total,2024-08-05,M2,EMORE,2024-08-05,X,,,0000-00-00,,,,0000-00-00,,5010179902,00060,2056914480,ASISTENCIA ELECTRICA S.A.C.,2024-08-12,2024-08-31,T72,1,UA,688,USD,688,,8,Liberado total Exsa,2024-08-13,L2,RGAMBINI,2024-08-13,X,GM,EDELASCASAS,2024-08-13,X,,,0000-00-00,,,,0000-00-00,,,,0000-00-00,,,,0000-00-00,,,,0000-00-00,,,,0000-00-00,,1001868826,Aceptada,,TVEG Mantto Pastorales Zona de Recepción,,688,USD,688,USD,2024-08-17,TASA_MAXIMO,1,100,2024-05-06,2024-05-08,Vegueta,PHEREDIA,miguel hid,100,MUY SATISFECHO,100,MUY SATISFECHO,100,MUY SATISFECHO,1047311,PM,TCURO,2024-08-17,X,,,0000-00-00,,5105617355,2024,2024-08-21,01-0E001-0000493,811.84,123.84,USD,
600,M617001     ,000001,ZMAX,SSOMA-Levant.Anorm.Condic.Inseg.DAF/Tram,PMP24/03-TMSU-02-03-CO,CTEC MOVM,KS,3032102001,HyP Fijo TMSU,2024-08-05,TASA_MAXIMO,0020132418,00010,SSOMA-Levant.Anorm.Condic.Inseg.DAF/Tram,TMSU,6900,PEN,1840.98,TMM1,MANTTO PLA,2024-08-05,2024-08-14,2060593786,MEKRAS S.A.C.,255,TASA_MAXIMO,MAXIMO TASA,0000-00-00,PLANTA,T67,617001,617002,TMSU,COND,03,TMSU0103-04,Celda de Flotación DAF,0000000000000000000000000,,05,,,3,Liberado Total,2024-08-05,M2,EMORE,2024-08-05,X,,,0000-00-00,,,,0000-00-00,,5010179557,00010,2060593786,MEKRAS S.A.C.,2024-08-08,2024-08-14,T73,1,UA,6900,PEN,1844.92,,8,Liberado total Exsa,2024-08-09,LT,JHDELGADO,2024-08-08,X,GM,EDELASCASAS,2024-08-09,X,,,0000-00-00,,,,0000-00-00,,,,0000-00-00,,,,0000-00-00,,,,0000-00-00,,,,0000-00-00,,1001873801,Aceptada,,SSOMA-Levant.Anorm.Condic.Inseg.DAF/Tram,,6900,PEN,6900,PEN,2024-08-21,TASA_MAXIMO,1,100,2024-06-06,2024-06-12,Malabrigo,PCOLONNA,TANGOA G.,090,DE 81% A 90 % DE CUMPLIMIENTO,090,DE 81% A 90 % DE CUMPLIMIENTO,090,DE 81% A 90 % DE CUMPLIMIENTO,1047316,PM,TCURO,2024-08-21,X,,,0000-00-00,,5105619112,2024,2024-08-23,01-0E001-0000817,8142,1242,PEN,
600,M617003     ,000001,ZMAX,TMSU_Adic.Reparaciòn Motor de GG.EE #4-S,,LIB. MOVM NLIQ,SK,65970150,,2024-08-05,TASA_MAXIMO,0020132414,00010,TMSU_Adic.Reparaciòn Motor de GG.EE #4-S,TMSU,17323.11,USD,17323.11,TMM6,MANTTO SIN,2024-08-05,2024-05-17,2022622064,EMPRESA DE SERVICIOS MULTIPLES SERM,255,TASA_MAXIMO,MAXIMO TASA,0000-00-00,PLANTA,T76,617003,617004,TMSU,SIN,12,TMSU0202-0304,Grupo Electrógeno #4,0000000000000000300012422,MOTOR COMBUSTION 1360KW @ 1800RPM,05,,,3,Liberado Total,2024-08-07,SM,EROBLES,2024-08-05,X,BG,EDWPEREZ,2024-08-07,X,,,0000-00-00,,5010180212,00010,2022622064,EMPRESA DE SERVICIOS MULTIPLES,2024-08-14,2024-05-17,T84,1,UA,17323.11,USD,17323.11,,8,Liberado total Exsa,2024-08-15,LT,JHDELGADO,2024-08-15,X,GM,EDELASCASAS,2024-08-15,X,GO,LMARSANO,2024-08-15,X,,,0000-00-00,,,,0000-00-00,,,,0000-00-00,,,,0000-00-00,,,,0000-00-00,,1001868493,Aceptada,,TMSU_Adic.Reparaciòn Motor de GG.EE #4-S,,17323.11,USD,17323.11,USD,2024-08-17,TASA_MAXIMO,1,100,2024-07-01,2024-08-16,PLANTA MALABRIGO,P.COLONNA,C.MORENO,090,DE 81% A 90 % DE CUMPLIMIENTO,090,DE 81% A 90 % DE CUMPLIMIENTO,090,DE 81% A 90 % DE CUMPLIMIENTO,1047342,SM,EROBLES,2024-08-17,X,,,0000-00-00,,5105615991,2024,2024-08-20,01-0FFF1-0000706,20441.27,3118.16,USD,
600,M617005     ,000001,ZMAX,Add. STAM REPARACION DE PISTON HIDRAULIC,PMP24/03-STAM-02-04-CO,CTEC MOVM,KS,3032195001,Chata Chimbote,2024-08-05,TASA_MAXIMO,0020132415,00010,Add. STAM REPARACION DE PISTON HIDRAULIC,TCHI,2500,PEN,667.02,TMB3,MANTTO VAR,2024-08-05,2024-08-09,,,255,TASA_MAXIMO,MAXIMO TASA,0000-00-00,PLANTA,T66,617005,617006,STAM,MPA,C-04,STAM04-01,Bomba de Presión de Vacio Chata TAMAKUN,0000000000000000300031329,"BOMBA DE VACIO 6""X6"", _M3/HR",05,,,3,Liberado Total,2024-08-05,M3,JCORBERA,2024-08-05,X,BG,EDWPEREZ,2024-08-05,X,,,0000-00-00,,5010181608,00010,2060099015,SOLOCAUCHOS S.A.C.,2024-08-27,2024-08-09,T62,1,UA,2500,PEN,665.07,,8,Liberado total Exsa,2024-08-27,GL,FTHORNE,2024-08-27,X,GM,EDELASCASAS,2024-08-27,X,,,0000-00-00,,,,0000-00-00,,,,0000-00-00,,,,0000-00-00,,,,0000-00-00,,,,0000-00-00,,1001949259,Aceptada,,Add. STAM REPARACION DE PISTON HIDRAULIC,,2500,PEN,2500,PEN,2024-10-16,TASA_MAXIMO,1,100,2024-08-29,2024-09-04,CHIMBOTE,DLOPEZ,JOSE MEJIA,090,DE 81% A 90 % DE CUMPLIMIENTO,090,DE 81% A 90 % DE CUMPLIMIENTO,090,DE 81% A 90 % DE CUMPLIMIENTO,1047312,PM,TCURO,2024-10-16,X,,,0000-00-00,,5105645411,2024,2024-10-17,01-0E001-0000972,2950,450,PEN,
600,M617007     ,000001,ZMAX,TMSU_Mantto en Aire acondicionado TDF #4,PMP24/03-TMSU-02-12-CO,CTEC MOVM,KS,3032102001,HyP Fijo TMSU,2024-08-05,TASA_MAXIMO,0020132419,00010,Mantto en Aire acondicionado TDF #4,TMSU,1680,PEN,448.24,TMM1,MANTTO PLA,2024-08-05,2024-08-14,2047725925,O C INGENIERIA Y SERVICIOS LOGISTIC,255,TASA_MAXIMO,MAXIMO TASA,0000-00-00,PLANTA,T02,617007,617009,TMSU,MPA,12,TMSU0202-0704,Equipos de aire acondicionado TDF 4,0000000000000000400032266,Equipo AA 60000 BTU,05,,,3,Liberado Total,2024-08-05,M2,EMORE,2024-08-05,X,,,0000-00-00,,,,0000-00-00,,5010179895,00010,2047725925,O C INGENIERIA Y SERVICIOS LOG,2024-08-12,2024-08-14,T84,1,UA,1680,PEN,450.28,,8,Liberado total Exsa,2024-08-14,LT,JHDELGADO,2024-08-14,X,GM,EDELASCASAS,2024-08-14,X,,,0000-00-00,,,,0000-00-00,,,,0000-00-00,,,,0000-00-00,,,,0000-00-00,,,,0000-00-00,,1001873799,Aceptada,,Mantto en Aire acondicionado TDF #4,,1680,PEN,1680,PEN,2024-08-21,TASA_MAXIMO,1,100,2024-05-08,2024-05-09,Malabrigo,PCOLONNA,OLEARYS AL,090,DE 81% A 90 % DE CUMPLIMIENTO,090,DE 81% A 90 % DE CUMPLIMIENTO,090,DE 81% A 90 % DE CUMPLIMIENTO,1047317,PM,TCURO,2024-08-21,X,,,0000-00-00,,5105628259,2024,2024-09-12,01-0E001-0001540,1982.4,302.4,PEN,
600,M617011     ,000001,ZMAX,se necesita la  fabricación de espárrago,F2A24/10-T425-EPPM06SACO,CTEC MOVM,KS,3023120014,Tasa 425 (Bravo 9) F,2024-09-02,TASA_MAXIMO,0020134541,00010,se necesita la  fabricación de espárrago,TCHI,750,PEN,200,TMF2,MANTTO IPR,2024-09-02,2024-09-30,,,255,TASA_MAXIMO,MAXIMO TASA,0000-00-00,PESCA,T66,617011,617012,T425,MPA,07,TF01425-0710,Sistema De Enfriamiento Motores/hidrauli,0000000000000000300040556,Box Cooler Camisas enfriamiento motor,05,,,3,Liberado Total,2024-09-03,JE,EMORE,2024-09-03,X,,,0000-00-00,,,,0000-00-00,,5010182396,00010,2053192351,RICARDO ORDINOLA CARMEN E.I.R.,2024-09-05,2024-09-30,T62,1,UA,750,PEN,197.52,,8,Liberado total Exsa,2024-09-09,GL,FTHORNE,2024-09-05,X,GM,EDELASCASAS,2024-09-09,X,,,0000-00-00,,,,0000-00-00,,,,0000-00-00,,,,0000-00-00,,,,0000-00-00,,,,0000-00-00,,1001919827,Aceptada,,se necesita la  fabricación de espárrago,,750,PEN,750,PEN,2024-09-24,TASA_MAXIMO,1,100,2024-08-03,2024-08-05,TASA 425,DATORRES,RORDINOLA,090,DE 81% A 90 % DE CUMPLIMIENTO,090,DE 81% A 90 % DE CUMPLIMIENTO,090,DE 81% A 90 % DE CUMPLIMIENTO,1048873,PM,TCURO,2024-09-24,X,,,0000-00-00,,5105640498,2024,2024-10-07,01-0E001-0000220,3296.92,502.92,PEN,
600,M617013     ,000001,ZMAX,TMSU_Balanceo Dinamico por condicion de,PMP24/02-TMSU-02-07-CO,CTEC MOVM,KS,3032102001,HyP Fijo TMSU,2024-08-05,TASA_MAXIMO,0020132417,00010,Balanceo Dinamico por condicion de equip,TMSU,1050,USD,1050,TMM1,MANTTO PLA,2024-08-05,2024-08-09,2054165722,LIV CONTRATISTAS GENERALES S.A.C.,255,TASA_MAXIMO,MAXIMO TASA,0000-00-00,PLANTA,T66,617013,617014,TMSU,COND,07,TMSU0107-0101,MOLINO SECO #1,0000000000000000000000000,,05,,,3,Liberado Total,2024-08-05,M2,EMORE,2024-08-05,X,,,0000-00-00,,,,0000-00-00,,5010179534,00010,2054165722,LIV CONTRATISTAS GENERALES S.A,2024-08-08,2024-08-09,T73,1,UA,1050,USD,1050,,8,Liberado total Exsa,2024-08-09,LT,JHDELGADO,2024-08-08,X,GM,EDELASCASAS,2024-08-09,X,,,0000-00-00,,,,0000-00-00,,,,0000-00-00,,,,0000-00-00,,,,0000-00-00,,,,0000-00-00,,1001863666,Aceptada,,Balanceo Dinamico por condicion de equip,,1050,USD,1050,USD,2024-08-13,TASA_MAXIMO,1,100,2024-08-05,2024-08-05,Malabrigo,PCOLONNA,LUIS CHIMO,090,DE 81% A 90 % DE CUMPLIMIENTO,090,DE 81% A 90 % DE CUMPLIMIENTO,090,DE 81% A 90 % DE CUMPLIMIENTO,1047315,PM,TCURO,2024-08-13,X,,,0000-00-00,,5105613283,2024,2024-08-14,01-0E001-0000023,1239,189,USD,
600,M617022     ,000001,ZMAX,TMAT CAMBIO EJE TH EXTRACTOR POZA N°01 B,PMP24/03-TMAT-01-02,CTEC MOVM,KS,3032182001,HyP Fijo TMAT,2024-08-05,TASA_MAXIMO,0020132430,00010,TMAT CAMBIO EJE TH EXTRACTOR POZA N°01 B,TMAT,1340,PEN,357.52,TMR4,MANTTO COR,2024-08-05,2024-07-28,2060530174,SERGEZUBE E.I.R.L.,255,TASA_MAXIMO,MAXIMO TASA,0000-00-00,PLANTA,T66,617022,617023,TMAT,EM,02,TMAT0102-0501,Transportador de Poza de Pescado #1,0000000000000000300009333,"TRANSP.HELIC. Ø18""X18""PASOX10000LG SS",05,,,3,Liberado Total,2024-08-12,BG,EDWPEREZ,2024-08-12,X,,,0000-00-00,,,,0000-00-00,,5010179990,00020,2060530174,SERGEZUBE E.I.R.L.,2024-08-13,2024-07-28,T54,1,UA,1340,PEN,357.62,,8,Liberado total Exsa,2024-08-13,LT,JHDELGADO,2024-08-13,X,GM,EDELASCASAS,2024-08-13,X,,,0000-00-00,,,,0000-00-00,,,,0000-00-00,,,,0000-00-00,,,,0000-00-00,,,,0000-00-00,,1001870839,Aceptada,,TMAT CAMBIO EJE TH EXTRACTOR POZA N°01 B,,1340,PEN,1340,PEN,2024-08-19,TASA_MAXIMO,1,100,2024-08-02,2024-08-05,Matarani - Mollendo,YSAMBRANO,A. Salas,090,DE 81% A 90 % DE CUMPLIMIENTO,100,MUY SATISFECHO,090,DE 81% A 90 % DE CUMPLIMIENTO,1047318,SR,EMARENGO,2024-08-19,X,,,0000-00-00,,5105616308,2024,2024-08-20,01-0E001-0000641,2737.6,417.6,PEN,
600,M617026     ,000001,ZMAX,TMAT MANTTO  VALVULA REGULAD PETROLEO CA,PMP24/03-TMAT-01-11,CTEC MOVM,KS,3032182001,HyP Fijo TMAT,2024-08-05,TASA_MAXIMO,0020132431,00010,TMAT MANTTO  VALVULA REGULAD PETROLEO CA,TMAT,850,USD,850,TMR4,MANTTO COR,2024-08-05,2024-07-11,2061042382,EQUIPOS INDUSTRIALES & CALDERAS S.A,255,TASA_MAXIMO,MAXIMO TASA,0000-00-00,PLANTA,T66,617026,617033,TMAT,MCP,11,TMAT0201-0116,Caldero #6,0000000000000000300009687,CALDERA DE VAPOR 900BHP,05,,,3,Liberado Total,2024-08-07,BG,EDWPEREZ,2024-08-07,X,,,0000-00-00,,,,0000-00-00,,5010179935,00010,2061042382,EQUIPOS INDUSTRIALES & CALDERA,2024-08-12,2024-07-11,T84,1,UA,850,USD,850,,8,Liberado total Exsa,2024-08-15,LT,JHDELGADO,2024-08-15,X,GM,EDELASCASAS,2024-08-15,X,,,0000-00-00,,,,0000-00-00,,,,0000-00-00,,,,0000-00-00,,,,0000-00-00,,,,0000-00-00,,1001870813,Aceptada,,TMAT MANTTO  VALVULA REGULAD PETROLEO CA,,850,USD,850,USD,2024-08-19,TASA_MAXIMO,1,100,2024-07-13,2024-07-15,Matarani - Mollendo,YSAMBRANO,LUZGARDO,090,DE 81% A 90 % DE CUMPLIMIENTO,100,MUY SATISFECHO,090,DE 81% A 90 % DE CUMPLIMIENTO,1047319,SR,EMARENGO,2024-08-19,X,,,0000-00-00,,5105615664,2024,2024-08-19,01-0E001-0000041,1003,153,USD,
600,M617027     ,000001,ZMAX,TMAT CAMBIO TUB PURGA CONDENSADO COCINA,PMP24/03-TMAT-01-04,CTEC MOVM,KS,3032182001,HyP Fijo TMAT,2024-08-05,TASA_MAXIMO,0020132433,00010,TMAT CAMBIO TUB PURGA CONDENSADO COCINA,TMAT,800,PEN,213.45,TMR4,MANTTO COR,2024-08-05,2024-08-05,2060530174,SERGEZUBE E.I.R.L.,255,TASA_MAXIMO,MAXIMO TASA,0000-00-00,PLANTA,T68,617027,617028,TMAT,MCP,04,TMAT0104-0204,Cocina #3,0000000000000000000000000,,05,,,3,Liberado Total,2024-08-12,BG,EDWPEREZ,2024-08-12,X,,,0000-00-00,,,,0000-00-00,,5010179990,00030,2060530174,SERGEZUBE E.I.R.L.,2024-08-13,2024-08-05,T54,1,UA,800,PEN,213.5,,8,Liberado total Exsa,2024-08-13,LT,JHDELGADO,2024-08-13,X,GM,EDELASCASAS,2024-08-13,X,,,0000-00-00,,,,0000-00-00,,,,0000-00-00,,,,0000-00-00,,,,0000-00-00,,,,0000-00-00,,1001870815,Aceptada,,TMAT CAMBIO TUB PURGA CONDENSADO COCINA,,800,PEN,800,PEN,2024-08-19,TASA_MAXIMO,1,100,2024-07-31,2024-07-31,Matarani - Mollendo,YSAMBRANO,M. Flores,090,DE 81% A 90 % DE CUMPLIMIENTO,100,MUY SATISFECHO,090,DE 81% A 90 % DE CUMPLIMIENTO,1047321,SR,EMARENGO,2024-08-19,X,,,0000-00-00,,5105623481,2024,2024-09-04,01-0E001-0000651,944,144,PEN,
600,M617039     ,000001,ZMAX,TCNO_Mantto 02 valvula de control,PMP24/03-TCNO-02-05-CO,CTEC MOVM,KS,3032142001,HyP Fijo TCNO,2024-08-05,TASA_MAXIMO,0020132432,00010,TCNO_Mantto 02 valvula de control,TCNO,1550,USD,1550,TMD1,MANTTO PLA,2024-08-05,2024-08-19,,,255,TASA_MAXIMO,MAXIMO TASA,0000-00-00,PLANTA,T66,617039,617040,TCNO,COND,05,TCNO0105-0201,Secador Rotadisco #1,0000000000000000300023904,SECADOR ROTADISCO 7500KG/HR,05,,,3,Liberado Total,2024-08-05,M2,EMORE,2024-08-05,X,,,0000-00-00,,,,0000-00-00,,5010179564,00010,2050463842,TERMODINAMICA SOCIEDAD ANONIMA,2024-08-08,2024-08-19,T73,1,UA,1550,USD,1550,,8,Liberado total Exsa,2024-08-09,LT,JHDELGADO,2024-08-08,X,GM,EDELASCASAS,2024-08-09,X,,,0000-00-00,,,,0000-00-00,,,,0000-00-00,,,,0000-00-00,,,,0000-00-00,,,,0000-00-00,,1001898619,Aceptada,,TCNO_Mantto 02 valvula de control,,1550,USD,1550,USD,2024-09-09,TASA_MAXIMO,1,100,2024-08-05,2024-08-20,Callao Norte,AOCROSPOMA,Jorge Balc,080,SATISFECHO,080,SATISFECHO,080,SATISFECHO,1047320,PM,TCURO,2024-09-09,X,,,0000-00-00,,5105626720,2024,2024-09-10,01-0E001-0002433,1829,279,USD,
600,M617041     ,000001,ZMAX,TMAT CAMBIO CONTROL NIVEL AUXILIAR CALDE,PMP24/03-TMAT-01-11,CTEC MOVM,KS,3032182001,HyP Fijo TMAT,2024-08-05,TASA_MAXIMO,0020132434,00010,TMAT CAMBIO CONTROL NIVEL AUXILIAR C-3,TMAT,4190,USD,4190,TMR4,MANTTO COR,2024-08-05,2024-08-05,2061042382,EQUIPOS INDUSTRIALES & CALDERAS S.A,255,TASA_MAXIMO,MAXIMO TASA,0000-00-00,PLANTA,T66,617041,617042,TMAT,MCP,11,TMAT0201-0107,Caldero #3,0000000000000000300020747,CALDERA DE VAPOR 1000BHP,05,,,3,Liberado Total,2024-08-21,BG,EDWPEREZ,2024-08-21,X,,,0000-00-00,,,,0000-00-00,,5010181114,00010,2061042382,EQUIPOS INDUSTRIALES & CALDERA,2024-08-22,2024-08-05,T54,1,UA,4190,USD,4190,,8,Liberado total Exsa,2024-08-23,LT,JHDELGADO,2024-08-23,X,GM,EDELASCASAS,2024-08-23,X,,,0000-00-00,,,,0000-00-00,,,,0000-00-00,,,,0000-00-00,,,,0000-00-00,,,,0000-00-00,,1001880872,Aceptada,,TMAT CAMBIO CONTROL NIVEL AUXILIAR CALDE,,4190,USD,4190,USD,2024-08-26,TASA_MAXIMO,1,100,2024-07-17,2024-07-21,Matarani - Mollendo,YSAMBRANO,LUZGARDO,090,DE 81% A 90 % DE CUMPLIMIENTO,100,MUY SATISFECHO,100,MUY SATISFECHO,1047322,SR,EMARENGO,2024-08-26,X,,,0000-00-00,,5105621011,2024,2024-08-27,01-0E001-0000043,9888.4,1508.4,USD,
600,M617044     ,000001,ZMAX,TMAT CAMBIO CONTROL NIVEL AUXILIAR CALDE,PMP24/03-TMAT-01-11,CTEC MOVM,KS,3032182001,HyP Fijo TMAT,2024-08-05,TASA_MAXIMO,0020132435,00010,TMAT CAMBIO CONTROL NIVEL AUXILIAR C-6,TMAT,4190,USD,4190,TMR4,MANTTO COR,2024-08-05,2024-08-05,2061042382,EQUIPOS INDUSTRIALES & CALDERAS S.A,255,TASA_MAXIMO,MAXIMO TASA,0000-00-00,PLANTA,T66,617044,617045,TMAT,MCP,11,TMAT0201-0116,Caldero #6,0000000000000000300009687,CALDERA DE VAPOR 900BHP,05,,,3,Liberado Total,2024-08-21,BG,EDWPEREZ,2024-08-21,X,,,0000-00-00,,,,0000-00-00,,5010181114,00020,2061042382,EQUIPOS INDUSTRIALES & CALDERA,2024-08-22,2024-08-05,T54,1,UA,4190,USD,4190,,8,Liberado total Exsa,2024-08-23,LT,JHDELGADO,2024-08-23,X,GM,EDELASCASAS,2024-08-23,X,,,0000-00-00,,,,0000-00-00,,,,0000-00-00,,,,0000-00-00,,,,0000-00-00,,,,0000-00-00,,1001880873,Aceptada,,TMAT CAMBIO CONTROL NIVEL AUXILIAR CALDE,,4190,USD,4190,USD,2024-08-26,TASA_MAXIMO,1,100,2024-07-22,2024-07-26,Matarani - Mollendo,YSAMBRANO,LUZGARDO,090,DE 81% A 90 % DE CUMPLIMIENTO,100,MUY SATISFECHO,090,DE 81% A 90 % DE CUMPLIMIENTO,1047323,SR,EMARENGO,2024-08-26,X,,,0000-00-00,,5105621011,2024,2024-08-27,01-0E001-0000043,9888.4,1508.4,USD,
600,M617046     ,000001,ZMAX,T427 SA Desmon/Mant/Mont. Tuberías achiq,F4A24/03-T427-EPPM06SACO,CTEC MOVM,KS,3023140014,Tasa 427 (Esther 7),2024-08-05,TASA_MAXIMO,0020132437,00010,T427 SA Desmon/Mant/Mont. Tuberías achiq,TCNO,12750,PEN,3401.81,TMF2,MANTTO IPR,2024-08-05,2024-08-12,,,255,TASA_MAXIMO,MAXIMO TASA,0000-00-00,PESCA,T66,617046,617047,T427,COND,07,TF01427-0701-01,Tuberias/Manifold y valvulas,0000000000000000000000000,,05,,,3,Liberado Total,2024-08-05,JE,EMORE,2024-08-05,X,,,0000-00-00,,,,0000-00-00,,5010179325,00010,0000004852,REPARACIONES NAVALES EMANUEL E,2024-08-05,2024-08-12,T62,1,UA,12750,PEN,3401.81,,8,Liberado total Exsa,2024-08-06,GL,FTHORNE,2024-08-06,X,GM,EDELASCASAS,2024-08-06,X,,,0000-00-00,,,,0000-00-00,,,,0000-00-00,,,,0000-00-00,,,,0000-00-00,,,,0000-00-00,,1001876648,Aceptada,,T427 SA Desmon/Mant/Mont. Tuberías achiq,,12750,PEN,12750,PEN,2024-08-22,TASA_MAXIMO,1,100,2024-08-05,2024-08-17,TASA 427,JLOPEZ,RONALD,080,SATISFECHO,080,SATISFECHO,080,SATISFECHO,1047325,PM,TCURO,2024-08-22,X,,,0000-00-00,,5105619670,2024,2024-08-26,01-0E001-0000228,16166,2466,PEN,
600,M617050     ,000001,ZMAX,TMAT CALIBRACION COLORIMETRO LN DESCARGA,PMP24/03-TMAT-01-02,CTEC MOVM,KS,3032182001,HyP Fijo TMAT,2024-08-05,TASA_MAXIMO,0020132438,00010,TMAT CALIBRACION COLORIMETRO LN DESCARGA,TMAT,1080,USD,1080,TMR4,MANTTO COR,2024-08-05,2024-07-20,2054161239,CORPORACION HORUS MAR S.A.C.,255,TASA_MAXIMO,MAXIMO TASA,0000-00-00,PLANTA,T66,617050,617051,TMAT,MCP,02,TMAT0102-0102,Desaguador Rotativo #2,0000000000000000300009309,DESAGUADOR ROTATIVO 300TN/HR,05,,,3,Liberado Total,2024-12-12,BG,EDWPEREZ,2024-12-12,X,,,0000-00-00,,,,0000-00-00,,5010195453,00010,2054161239,CORPORACION HORUS MAR S.A.C.,2024-12-13,2024-07-20,T84,1,UA,1080,USD,1080,,8,Liberado total Exsa,2024-12-16,LT,JHDELGADO,2024-12-16,X,GM,EDELASCASAS,2024-12-16,X,,,0000-00-00,,,,0000-00-00,,,,0000-00-00,,,,0000-00-00,,,,0000-00-00,,,,0000-00-00,,1002050621,Aceptada,,TMAT CALIBRACION COLORIMETRO LN DESCARGA,,1080,USD,1080,USD,2024-12-16,TASA_MAXIMO,1,100,2024-07-20,2024-07-20,Matarani - Mollendo,YSAMBRANO,R.Cueva,090,DE 81% A 90 % DE CUMPLIMIENTO,090,DE 81% A 90 % DE CUMPLIMIENTO,090,DE 81% A 90 % DE CUMPLIMIENTO,1047326,SR,EMARENGO,2024-12-16,X,,,0000-00-00,,5105682623,2024,2024-12-22,01-0E001-0001000,1274.4,194.4,USD,
600,M617052     ,000001,ZMAX,P061 SE Adic. sistema electrico,F5A24/10-P061-PAPM06SECO,CTEC MOVM,KS,3023120012,Tasa 61 F,2024-08-05,TASA_MAXIMO,0020132439,00010,P061 SE Adic. sistema electrico,TCHI,1659,PEN,442.64,TMF2,MANTTO IPR,2024-08-05,2024-07-22,2060650981,MULTISERVICIOS Y FABRICACIONES GENE,255,TASA_MAXIMO,MAXIMO TASA,0000-00-00,PESCA,T79,617052,617055,P061,MPA,04,TF0561-04,SISTEMAS ELECTRICOS,0000000000000000000000000,,05,,,3,Liberado Total,2024-08-05,JE,EMORE,2024-08-05,X,,,0000-00-00,,,,0000-00-00,,5010179603,00010,2060650981,MULTISERVICIOS Y FABRICACIONES,2024-08-08,2024-07-22,T76,1,UA,1659,PEN,443.58,,8,Liberado total Exsa,2024-08-09,LT,JHDELGADO,2024-08-09,X,GM,EDELASCASAS,2024-08-09,X,,,0000-00-00,,,,0000-00-00,,,,0000-00-00,,,,0000-00-00,,,,0000-00-00,,,,0000-00-00,,1001921301,Aceptada,,P061 SE Adic. sistema electrico,,1659,PEN,1659,PEN,2024-09-25,TASA_MAXIMO,1,100,2024-08-07,2024-08-08,Panga T061,JOSESANCHEZ,ALDO MEJIL,090,DE 81% A 90 % DE CUMPLIMIENTO,100,MUY SATISFECHO,090,DE 81% A 90 % DE CUMPLIMIENTO,1047327,PM,TCURO,2024-09-25,X,,,0000-00-00,,5105635765,2024,2024-09-26,01-0E001-0000769,1957.62,298.62,PEN,
600,M617056     ,000001,ZMAX,TMAT CAMBIO DE INYECTORES GG.EE. N°06,PMP24/03-TMAT-01-12,CTEC MOVM,KS,3032182001,HyP Fijo TMAT,2024-08-05,TASA_MAXIMO,0020132442,00010,TMAT CAMBIO DE INYECTORES GG.EE. N°06,TMAT,2450,USD,2450,TMR4,MANTTO COR,2024-08-05,2024-08-05,2022622064,EMPRESA DE SERVICIOS MULTIPLES SERM,255,TASA_MAXIMO,MAXIMO TASA,0000-00-00,PLANTA,T76,617056,617057,TMAT,MCP,12,TMAT0202-0304,Grupo Electrógeno #6,0000000000000000300009737,MOTOR DIESEL 825 KVA/660 KW 1800 RPM,05,,,3,Liberado Total,2024-08-21,BG,EDWPEREZ,2024-08-21,X,,,0000-00-00,,,,0000-00-00,,5010181094,00010,2022622064,EMPRESA DE SERVICIOS MULTIPLES,2024-08-22,2024-08-05,T54,1,UA,2450,USD,2450,,8,Liberado total Exsa,2024-08-23,LT,JHDELGADO,2024-08-23,X,GM,EDELASCASAS,2024-08-23,X,,,0000-00-00,,,,0000-00-00,,,,0000-00-00,,,,0000-00-00,,,,0000-00-00,,,,0000-00-00,,1001880861,Aceptada,,TMAT CAMBIO DE INYECTORES GG.EE. N°06,,2450,USD,2450,USD,2024-08-26,TASA_MAXIMO,1,100,2024-08-08,2024-08-08,Matarani - Mollendo,YSAMBRANO,SEGUNDO MO,090,DE 81% A 90 % DE CUMPLIMIENTO,100,MUY SATISFECHO,090,DE 81% A 90 % DE CUMPLIMIENTO,1047330,SR,EMARENGO,2024-08-26,X,,,0000-00-00,,5105620661,2024,2024-08-27,01-0FFF1-0000708,2891,441,USD,
600,M617058     ,000001,ZMAX,TMAT CAMBIO BOMBA AGUA GG.EE. N°01,PMP24/03-TMAT-01-12,CTEC MOVM,KS,3032182001,HyP Fijo TMAT,2024-08-05,TASA_MAXIMO,0020132443,00010,TMAT CAMBIO BOMBA AGUA GG.EE. N°01,TMAT,1750,USD,1750,TMR4,MANTTO COR,2024-08-05,2024-08-05,2022622064,EMPRESA DE SERVICIOS MULTIPLES SERM,255,TASA_MAXIMO,MAXIMO TASA,0000-00-00,PLANTA,T76,617058,617059,TMAT,MCP,12,TMAT0202-0301,Grupo Electrógeno #1,0000000000000000300007532,MOTOR DIESEL 825 KVA/660 KW 1800 RPM,05,,,3,Liberado Total,2024-08-21,BG,EDWPEREZ,2024-08-21,X,,,0000-00-00,,,,0000-00-00,,5010180975,00010,2022622064,EMPRESA DE SERVICIOS MULTIPLES,2024-08-21,2024-08-05,T54,1,UA,1750,USD,1750,,8,Liberado total Exsa,2024-08-23,LT,JHDELGADO,2024-08-23,X,GM,EDELASCASAS,2024-08-23,X,,,0000-00-00,,,,0000-00-00,,,,0000-00-00,,,,0000-00-00,,,,0000-00-00,,,,0000-00-00,,1001880864,Aceptada,,TMAT CAMBIO BOMBA AGUA GG.EE. N°01,,1750,USD,1750,USD,2024-08-26,TASA_MAXIMO,1,100,2024-08-08,2024-08-08,Matarani - Mollendo,YSAMBRANO,SEGUNDO BE,090,DE 81% A 90 % DE CUMPLIMIENTO,100,MUY SATISFECHO,090,DE 81% A 90 % DE CUMPLIMIENTO,1047331,SR,EMARENGO,2024-08-26,X,,,0000-00-00,,5105620653,2024,2024-08-27,01-0FFF1-0000707,2065,315,USD,
600,M617064     ,000001,ZMAX,T057 SH Desembarque instalación NS,F4A24/03-T057-EPPM06SHCO,CTEC MOVM,KS,3023140008,Tasa 57 (Copetsa 4),2024-08-05,TASA_MAXIMO,0020132440,00010,T057 SH Embarque instalación NS,TCNO,12816,PEN,3419.42,TMF2,MANTTO IPR,2024-08-05,2024-08-12,,,255,TASA_MAXIMO,MAXIMO TASA,0000-00-00,PESCA,T67,617064,617065,T057,MPA,06,TF01057-06,SISTEMAS HIDRAULICOS,0000000000000000000000000,,03,1,X,1,Pend.liberac.AREA,0000-00-00,99,,0000-00-00,,,,0000-00-00,,,,0000-00-00,,,00000,,,0000-00-00,0000-00-00,,0,,0,,0,,,,0000-00-00,,,0000-00-00,,,,0000-00-00,,,,0000-00-00,,,,0000-00-00,,,,0000-00-00,,,,0000-00-00,,,,0000-00-00,,,,0000-00-00,,,,,,,0,,0,,0000-00-00,,0,0,0000-00-00,0000-00-00,,,,000,,000,,000,,,,,0000-00-00,,,,0000-00-00,,,0000,0000-00-00,,0,0,,
600,M617066     ,000001,ZMAX,T057 SH Desembarque  NS,F4A24/03-T057-EPPM06SHCO,CTEC MOVM,KS,3023140008,Tasa 57 (Copetsa 4),2024-08-05,TASA_MAXIMO,0020132441,00010,T057 SH Desembarque  NS,TCNO,5884,PEN,1569.9,TMF2,MANTTO IPR,2024-08-05,2024-08-12,,,255,TASA_MAXIMO,MAXIMO TASA,0000-00-00,PESCA,T67,617066,617067,T057,MPA,06,TF01057-06,SISTEMAS HIDRAULICOS,0000000000000000000000000,,03,1,X,1,Pend.liberac.AREA,0000-00-00,99,,0000-00-00,,,,0000-00-00,,,,0000-00-00,,,00000,,,0000-00-00,0000-00-00,,0,,0,,0,,,,0000-00-00,,,0000-00-00,,,,0000-00-00,,,,0000-00-00,,,,0000-00-00,,,,0000-00-00,,,,0000-00-00,,,,0000-00-00,,,,0000-00-00,,,,,,,0,,0,,0000-00-00,,0,0,0000-00-00,0000-00-00,,,,000,,000,,000,,,,,0000-00-00,,,,0000-00-00,,,0000,0000-00-00,,0,0,,
600,M617070     ,000001,ZMAX,P055 CA Montaje Cambio Enjaretado,F5A24/10-P055-PAPM06CACO,CTEC MOVM,KS,3023140005,Tasa 55 F,2024-08-14,TASA_MAXIMO,0020133120,00010,P055 CA Montaje madera recuperada,TCHI,1520,PEN,405.33,TMF2,MANTTO IPR,2024-08-14,2024-08-12,2044573571,REPRESENTACIONES GENERALES CHUPILLO,255,TASA_MAXIMO,MAXIMO TASA,0000-00-00,PESCA,T80,617070,617071,P055,MPA,01,TF0555-01,CASCO,0000000000000000300003414,CASCO PANGA,05,,,3,Liberado Total,2024-08-15,JE,EMORE,2024-08-15,X,,,0000-00-00,,,,0000-00-00,,5060064982,00010,2044573571,REPRESENTACIONES GENERALES CHU,2024-08-15,2024-08-12,T71,1,UA,1520,PEN,405.98,,8,Liberado total Exsa,2024-08-16,L2,RGAMBINI,2024-08-16,X,GM,EDELASCASAS,2024-08-16,X,,,0000-00-00,,,,0000-00-00,,,,0000-00-00,,,,0000-00-00,,,,0000-00-00,,,,0000-00-00,,1001974307,Aceptada,,P055 CA Montaje madera recuperada,,1520,PEN,1520,PEN,2024-11-03,TASA_MAXIMO,1,100,2024-09-04,2024-09-30,Panga T055,PESTRADA,EZUÑIGA,080,SATISFECHO,080,SATISFECHO,090,DE 81% A 90 % DE CUMPLIMIENTO,1047877,PM,TCURO,2024-11-03,X,,,0000-00-00,,5105654943,2024,2024-11-07,01-0E001-0000204,9345.6,1425.6,PEN,
600,M617070     ,000002,ZMAX,P055 CA Montaje Cambio Enjaretado,F5A24/10-P055-PAPM06CACO,CTEC MOVM,KS,3023140005,Tasa 55 F,2024-08-14,TASA_MAXIMO,0020133120,00020,P055 CA Madera nueva,TCHI,1600,PEN,426.67,TMF2,MANTTO IPR,2024-08-14,2024-08-12,2044573571,REPRESENTACIONES GENERALES CHUPILLO,255,TASA_MAXIMO,MAXIMO TASA,0000-00-00,PESCA,T80,617070,617072,P055,MPA,01,TF0555-01,CASCO,0000000000000000300003414,CASCO PANGA,05,,,3,Liberado Total,2024-08-15,JE,EMORE,2024-08-15,X,,,0000-00-00,,,,0000-00-00,,5060064982,00020,2044573571,REPRESENTACIONES GENERALES CHU,2024-08-15,2024-08-12,T71,1,UA,1600,PEN,427.35,,8,Liberado total Exsa,2024-08-16,L2,RGAMBINI,2024-08-16,X,GM,EDELASCASAS,2024-08-16,X,,,0000-00-00,,,,0000-00-00,,,,0000-00-00,,,,0000-00-00,,,,0000-00-00,,,,0000-00-00,,1001974306,Aceptada,,P055 CA Madera nueva,,1600,PEN,1600,PEN,2024-11-03,TASA_MAXIMO,1,100,2024-09-04,2024-09-29,Panga T055,PESTRADA,JZIÑIGA,080,SATISFECHO,080,SATISFECHO,090,DE 81% A 90 % DE CUMPLIMIENTO,1047878,PM,TCURO,2024-11-03,X,,,0000-00-00,,5105654943,2024,2024-11-07,01-0E001-0000204,9345.6,1425.6,PEN,
600,M617070     ,000003,ZMAX,P055 CA Montaje Cambio Enjaretado,F5A24/10-P055-PAPM06CACO,CTEC MOVM,KS,3023140005,Tasa 55 F,2024-08-14,TASA_MAXIMO,0020133120,00030,P055 CA Mantenimiento de caja de motor,TCHI,1760,PEN,469.33,TMF2,MANTTO IPR,2024-08-14,2024-08-12,2044573571,REPRESENTACIONES GENERALES CHUPILLO,255,TASA_MAXIMO,MAXIMO TASA,0000-00-00,PESCA,T80,617070,617073,P055,MPA,01,TF0555-01,CASCO,0000000000000000300003414,CASCO PANGA,05,,,3,Liberado Total,2024-08-15,JE,EMORE,2024-08-15,X,,,0000-00-00,,,,0000-00-00,,5010180343,00010,2044573571,REPRESENTACIONES GENERALES CHU,2024-08-15,2024-08-12,T71,1,UA,1760,PEN,470.09,,8,Liberado total Exsa,2024-08-16,L2,RGAMBINI,2024-08-16,X,GM,EDELASCASAS,2024-08-16,X,,,0000-00-00,,,,0000-00-00,,,,0000-00-00,,,,0000-00-00,,,,0000-00-00,,,,0000-00-00,,1001974305,Aceptada,,P055 CA Mantenimiento de caja de motor,,1760,PEN,1760,PEN,2024-11-03,TASA_MAXIMO,1,100,2024-09-04,2024-09-28,Panga T055,PESTRADA,JZUÑIGA,080,SATISFECHO,080,SATISFECHO,090,DE 81% A 90 % DE CUMPLIMIENTO,1047879,PM,TCURO,2024-11-03,X,,,0000-00-00,,5105653753,2024,2024-11-05,01-0E001-0000203,7273.52,1109.52,PEN,
600,M617078     ,000001,ZMAX,TMAT MANTO CORRECTIVO X OSCILACION PESO,PMP24/03-TMAT-01-08,CTEC MOVM,KS,3032182001,HyP Fijo TMAT,2024-08-05,TASA_MAXIMO,0020132450,00010,TMAT MANTO CORRECTIVO X OSCILACION PESO,TMAT,500,USD,500,TMR4,MANTTO COR,2024-08-05,2024-07-10,2054427069,TECNOLOGIA INTEGRAL DE PESAJE PERU,255,TASA_MAXIMO,MAXIMO TASA,0000-00-00,PLANTA,T66,617078,617079,TMAT,MCP,08,TMAT0108-0201,Balanza de Pesaje y Ensaque #1,0000000000000000300009574,BALANZA DE PESAJE 8SACOS/MIN,05,,,3,Liberado Total,2024-08-07,BG,EDWPEREZ,2024-08-07,X,,,0000-00-00,,,,0000-00-00,,5010179922,00040,2054427069,TECNOLOGIA INTEGRAL DE PESAJE,2024-08-12,2024-07-10,T84,1,UA,500,USD,500,,8,Liberado total Exsa,2024-08-14,LT,JHDELGADO,2024-08-14,X,GM,EDELASCASAS,2024-08-14,X,,,0000-00-00,,,,0000-00-00,,,,0000-00-00,,,,0000-00-00,,,,0000-00-00,,,,0000-00-00,,1001880874,Aceptada,,TMAT MANTO CORRECTIVO X OSCILACION PESO,,500,USD,500,USD,2024-08-26,TASA_MAXIMO,1,100,2024-08-07,2024-08-07,Matarani - Mollendo,YSAMBRANO,Jefferson,090,DE 81% A 90 % DE CUMPLIMIENTO,100,MUY SATISFECHO,090,DE 81% A 90 % DE CUMPLIMIENTO,1047338,SR,EMARENGO,2024-08-26,X,,,0000-00-00,,5105620678,2024,2024-08-27,01-0FA01-0004941,1038.4,158.4,USD,
600,M617080     ,000001,ZMAX,PM T055 Adic. Sistema guia cable sup e i,F4A24/10-T055-EPPM06SHCA,CTEC MOVM,KS,3023140005,Tasa 55 F,2024-08-05,TASA_MAXIMO,0020132444,00010,PM T055 Adic. Sistema guia cable sup e i,TCHI,6220,USD,6220,TMF2,MANTTO IPR,2024-08-05,2024-08-05,2048433898,BRYC S.A.C.,255,TASA_MAXIMO,MAXIMO TASA,0000-00-00,PESCA,T67,617080,617081,T055,MPA,06,TF0155-0601,Winche Principal,0000000000000000300003350,Winche de Combinación IT-35,05,,,3,Liberado Total,2024-08-05,JE,EMORE,2024-08-05,X,,,0000-00-00,,,,0000-00-00,,5010179362,00030,2048433898,BRYC S.A.C.,2024-08-06,2024-08-05,T76,1,UA,23312.56,PEN,6210.06,,8,Liberado total Exsa,2024-08-17,LT,JHDELGADO,2024-08-15,X,GL,FTHORNE,2024-08-16,X,GM,EDELASCASAS,2024-08-16,X,GO,LMARSANO,2024-08-17,X,,,0000-00-00,,,,0000-00-00,,,,0000-00-00,,,,0000-00-00,,1001896522,Aceptada,,PM T055 Adic. Sistema guia cable sup e i,,23312.56,PEN,23312.56,PEN,2024-09-06,TASA_MAXIMO,1,100,2024-07-15,2024-08-19,CHIMBOTE,NCOLLAZOS,WSANDOVAL,080,SATISFECHO,080,SATISFECHO,090,DE 81% A 90 % DE CUMPLIMIENTO,1047332,PM,TCURO,2024-09-06,X,,,0000-00-00,,5105626135,2024,2024-09-09,01-0FF01-0000066,27508.82,4196.26,PEN,
600,M617085     ,000001,ZMAX,PM T055 Adic Sist frenos carretes,F4A24/10-T055-EPPM06SHCA,CTEC MOVM,KS,3023140005,Tasa 55 F,2024-08-05,TASA_MAXIMO,0020132445,00010,PM T055 Adic Sist frenos carretes,TCHI,4950,USD,4950,TMF2,MANTTO IPR,2024-08-05,2024-08-05,2048433898,BRYC S.A.C.,255,TASA_MAXIMO,MAXIMO TASA,0000-00-00,PESCA,T67,617085,617086,T055,MPA,06,TF0155-0601,Winche Principal,0000000000000000300003350,Winche de Combinación IT-35,05,,,3,Liberado Total,2024-08-05,JE,EMORE,2024-08-05,X,,,0000-00-00,,,,0000-00-00,,5010179362,00010,2048433898,BRYC S.A.C.,2024-08-06,2024-08-05,T76,1,UA,18552.6,PEN,4942.09,,8,Liberado total Exsa,2024-08-17,LT,JHDELGADO,2024-08-15,X,GL,FTHORNE,2024-08-16,X,GM,EDELASCASAS,2024-08-16,X,GO,LMARSANO,2024-08-17,X,,,0000-00-00,,,,0000-00-00,,,,0000-00-00,,,,0000-00-00,,1001878057,Aceptada,,PM T055 Adic Sist frenos carretes,,18552.6,PEN,18552.6,PEN,2024-08-23,TASA_MAXIMO,1,100,2024-07-15,2024-08-19,TASA 55,PESTRADA,WSANDOVAL,080,SATISFECHO,080,SATISFECHO,090,DE 81% A 90 % DE CUMPLIMIENTO,1047333,PM,TCURO,2024-08-23,X,,,0000-00-00,,5105624297,2024,2024-09-05,01-0FF01-0000065,94742.3,14452.21,PEN,
600,M617087     ,000001,ZMAX,PM T055 Adic valvulas y conexiones,F4A24/10-T055-EPPM06SHCA,CTEC MOVM,KS,3023140005,Tasa 55 F,2024-08-05,TASA_MAXIMO,0020132447,00010,PM T055 Adic valvulas y conexiones,TCHI,3770,USD,3770,TMF2,MANTTO IPR,2024-08-05,2024-08-05,2048433898,BRYC S.A.C.,255,TASA_MAXIMO,MAXIMO TASA,0000-00-00,PESCA,T67,617087,617088,T055,MPA,06,TF0155-0601,Winche Principal,0000000000000000300003350,Winche de Combinación IT-35,05,,,3,Liberado Total,2024-08-05,JE,EMORE,2024-08-05,X,,,0000-00-00,,,,0000-00-00,,5010179362,00040,2048433898,BRYC S.A.C.,2024-08-06,2024-08-05,T76,1,UA,14129.96,PEN,3763.97,,8,Liberado total Exsa,2024-08-17,LT,JHDELGADO,2024-08-15,X,GL,FTHORNE,2024-08-16,X,GM,EDELASCASAS,2024-08-16,X,GO,LMARSANO,2024-08-17,X,,,0000-00-00,,,,0000-00-00,,,,0000-00-00,,,,0000-00-00,,1001878056,Aceptada,,PM T055 Adic valvulas y conexiones,,14129.96,PEN,14129.96,PEN,2024-08-23,TASA_MAXIMO,1,100,2024-07-15,2024-08-19,TASA 55,PESTRADA,WSANDOVAL,080,SATISFECHO,080,SATISFECHO,090,DE 81% A 90 % DE CUMPLIMIENTO,1047335,PM,TCURO,2024-08-23,X,,,0000-00-00,,5105624297,2024,2024-09-05,01-0FF01-0000065,94742.3,14452.21,PEN,
600,M617091     ,000001,ZMAX,TMAT CORRECCION LISTA EMBARCACIONES TOLV,PMP24/03-TMAT-01-02,CTEC MOVM,KS,3032182001,HyP Fijo TMAT,2024-08-05,TASA_MAXIMO,0020132451,00010,TMAT CORRECCION LISTA EMBARCACIONES TOLV,TMAT,380,USD,380,TMR4,MANTTO COR,2024-08-05,2024-08-05,2054427069,TECNOLOGIA INTEGRAL DE PESAJE PERU,255,TASA_MAXIMO,MAXIMO TASA,0000-00-00,PLANTA,T66,617091,617092,TMAT,MCP,02,TMAT0102-0302,Tolva de Pesaje #2,0000000000000000300009326,TOLVA DE PESAJE 2000KG,05,,,3,Liberado Total,2024-08-07,BG,EDWPEREZ,2024-08-07,X,,,0000-00-00,,,,0000-00-00,,5010179922,00030,2054427069,TECNOLOGIA INTEGRAL DE PESAJE,2024-08-12,2024-08-05,T84,1,UA,380,USD,380,,8,Liberado total Exsa,2024-08-14,LT,JHDELGADO,2024-08-14,X,GM,EDELASCASAS,2024-08-14,X,,,0000-00-00,,,,0000-00-00,,,,0000-00-00,,,,0000-00-00,,,,0000-00-00,,,,0000-00-00,,1001880876,Aceptada,,TMAT CORRECCION LISTA EMBARCACIONES TOLV,,380,USD,380,USD,2024-08-26,TASA_MAXIMO,1,100,2024-07-18,2024-07-18,Matarani - Mollendo,YSAMBRANO,Jefferson,090,DE 81% A 90 % DE CUMPLIMIENTO,100,MUY SATISFECHO,090,DE 81% A 90 % DE CUMPLIMIENTO,1047339,SR,EMARENGO,2024-08-26,X,,,0000-00-00,,5105620678,2024,2024-08-27,01-0FA01-0004941,1038.4,158.4,USD,
600,M617093     ,000001,ZMAX,PM T055 SH Adic Reparacion carrete super,F4A24/10-T055-EPPM06SHCA,CTEC,KS,3023140005,Tasa 55 F,2024-08-05,TASA_MAXIMO,0020132448,00010,PM T055 SH Adic Reparacion carrete super,TCHI,5815,USD,5815,TMF2,MANTTO IPR,2024-08-05,2024-08-05,2048433898,BRYC S.A.C.,255,TASA_MAXIMO,MAXIMO TASA,0000-00-00,PESCA,T67,617093,617094,T055,MPA,06,TF0155-0601,Winche Principal,0000000000000000300003350,Winche de Combinación IT-35,03,,X,1,Pend.liberac.AREA,0000-00-00,JE,,0000-00-00,,,,0000-00-00,,,,0000-00-00,,,00000,,,0000-00-00,0000-00-00,,0,,0,,0,,,,0000-00-00,,,0000-00-00,,,,0000-00-00,,,,0000-00-00,,,,0000-00-00,,,,0000-00-00,,,,0000-00-00,,,,0000-00-00,,,,0000-00-00,,,,,,,0,,0,,0000-00-00,,0,0,0000-00-00,0000-00-00,,,,000,,000,,000,,,,,0000-00-00,,,,0000-00-00,,,0000,0000-00-00,,0,0,,
600,M617095     ,000001,ZMAX,PM T055 SH Adic Reparacion carrete super,F4A24/10-T055-EPPM06SHCA,CTEC MOVM,KS,3023140005,Tasa 55 F,2024-08-05,TASA_MAXIMO,0020132449,00010,PM T055 SH Adic Reparacion carrete super,TCHI,5815,USD,5815,TMF2,MANTTO IPR,2024-08-05,2024-08-05,2048433898,BRYC S.A.C.,255,TASA_MAXIMO,MAXIMO TASA,0000-00-00,PESCA,T67,617095,617096,T055,MPA,06,TF0155-0601,Winche Principal,0000000000000000300003350,Winche de Combinación IT-35,05,,,3,Liberado Total,2024-08-05,JE,EMORE,2024-08-05,X,,,0000-00-00,,,,0000-00-00,,5010179362,00050,2048433898,BRYC S.A.C.,2024-08-06,2024-08-05,T76,1,UA,21794.62,PEN,5805.71,,8,Liberado total Exsa,2024-08-17,LT,JHDELGADO,2024-08-15,X,GL,FTHORNE,2024-08-16,X,GM,EDELASCASAS,2024-08-16,X,GO,LMARSANO,2024-08-17,X,,,0000-00-00,,,,0000-00-00,,,,0000-00-00,,,,0000-00-00,,1001878055,Aceptada,,PM T055 SH Adic Reparacion carrete super,,21794.62,PEN,21794.62,PEN,2024-08-23,TASA_MAXIMO,1,100,2024-06-20,2024-08-01,TASA 55,PESTRADA,WSANDOVAL,080,SATISFECHO,080,SATISFECHO,090,DE 81% A 90 % DE CUMPLIMIENTO,1047337,PM,TCURO,2024-08-23,X,,,0000-00-00,,5105624297,2024,2024-09-05,01-0FF01-0000065,94742.3,14452.21,PEN,
600,M617101     ,000001,ZMAX,SB180 material para adecuación red,F2P24/T043-RE-BL-01-RA,LIB. MOVM,KS,3023120002,Tasa 43 F,2024-08-05,TASA_MAXIMO,,00000,,,0,,0,,,0000-00-00,0000-00-00,,,000,TASA_MAXIMO,,0000-00-00,,,,,,,,,,0000000000000000000000000,,,,,,,0000-00-00,,,0000-00-00,,,,0000-00-00,,,,0000-00-00,,5060065910,00010,0000000696,BADINOTTI PERU S.A.,2024-09-06,2024-11-01,T02,105.4,KG,8.28,USD,8.28,,8,Liberado total Exsa,2024-09-10,GB,ESCHWARTZ,2024-09-10,X,,,0000-00-00,,,,0000-00-00,,,,0000-00-00,,,,0000-00-00,,,,0000-00-00,,,,0000-00-00,,,,0000-00-00,,,,,,,0,,0,,0000-00-00,,0,0,0000-00-00,0000-00-00,,,,000,,000,,000,,,,,0000-00-00,,,,0000-00-00,,5105638356,2024,2024-10-02,01-0F100-0007501,4904,748.07,USD,
600,M617101     ,000002,ZMAX,SB180 material para adecuación red,F2P24/T043-RE-BL-01-RA,LIB. MOVM,KS,3023120002,Tasa 43 F,2024-08-05,TASA_MAXIMO,,00000,,,0,,0,,,0000-00-00,0000-00-00,,,000,TASA_MAXIMO,,0000-00-00,,,,,,,,,,0000000000000000000000000,,,,,,,0000-00-00,,,0000-00-00,,,,0000-00-00,,,,0000-00-00,,5060065910,00070,0000000696,BADINOTTI PERU S.A.,2024-09-06,2024-11-01,T02,20,KG,7.08,USD,8.28,,8,Liberado total Exsa,2024-09-10,GB,ESCHWARTZ,2024-09-10,X,,,0000-00-00,,,,0000-00-00,,,,0000-00-00,,,,0000-00-00,,,,0000-00-00,,,,0000-00-00,,,,0000-00-00,,,,,,,0,,0,,0000-00-00,,0,0,0000-00-00,0000-00-00,,,,000,,000,,000,,,,,0000-00-00,,,,0000-00-00,,5105638356,2024,2024-10-02,01-0F100-0007501,4904,748.07,USD,
600,M617105     ,000001,ZMAX,PM T425 Adic CARRETE LOCO IT,F2A24/10-T425-EPPM06SHCA,CTEC MOVM,KS,3023120014,Tasa 425 (Bravo 9) F,2024-08-05,TASA_MAXIMO,0020132453,00010,PM T425 Adic CARRETE LOCO IT,TCHI,4077,USD,4077,TMF2,MANTTO IPR,2024-08-05,2024-08-05,2060338925,HYDRAULIC SUPPLY COMPANY S.A.C.,255,TASA_MAXIMO,MAXIMO TASA,0000-00-00,PESCA,T67,617105,617106,T425,MPA,06,TF01425-0606,Sistema de Izaje de Red,0000000000000000300021546,Carrete Loco,05,,,3,Liberado Total,2024-08-05,JE,EMORE,2024-08-05,X,,,0000-00-00,,,,0000-00-00,,5010179366,00010,2060338925,HYDRAULIC SUPPLY COMPANY S.A.C,2024-08-06,2024-08-05,T76,1,UA,15280.6,PEN,4070.48,,8,Liberado total Exsa,2024-08-20,LT,JHDELGADO,2024-08-07,X,GM,EDELASCASAS,2024-08-20,X,GO,LMARSANO,2024-08-20,X,,,0000-00-00,,,,0000-00-00,,,,0000-00-00,,,,0000-00-00,,,,0000-00-00,,1001909311,Aceptada,,PM T425 Adic CARRETE LOCO IT,,15280.6,PEN,15280.6,PEN,2024-09-17,TASA_MAXIMO,1,100,2024-08-20,2024-08-26,TASA 425,DATORRES,CASAHUAMAN,090,DE 81% A 90 % DE CUMPLIMIENTO,090,DE 81% A 90 % DE CUMPLIMIENTO,090,DE 81% A 90 % DE CUMPLIMIENTO,1047341,PM,TCURO,2024-09-17,X,,,0000-00-00,,5105631320,2024,2024-09-18,01-0F003-0001127,18031.11,2750.51,PEN,
600,M617109     ,000001,ZMAX,PM T417 SH Adic WINCHE COMBINACIÓN,F2A24/10-T417-EPPM06SHCA,CTEC MOVM,KS,3023120005,Tasa 417 (Inansa) F,2024-08-05,TASA_MAXIMO,0020132454,00010,PM T417 SH Adic WINCHE COMBINACIÓN,TCHI,5344,USD,5344,TMF2,MANTTO IPR,2024-08-05,2024-08-05,2060338925,HYDRAULIC SUPPLY COMPANY S.A.C.,255,TASA_MAXIMO,MAXIMO TASA,0000-00-00,PESCA,T67,617109,617110,T417,MPA,06,TF01417-0601,Winche Principal,0000000000000000300041576,WINCHE DE COMBINACION DE PESCA,05,,,3,Liberado Total,2024-08-05,JE,EMORE,2024-08-05,X,,,0000-00-00,,,,0000-00-00,,5010179366,00020,2060338925,HYDRAULIC SUPPLY COMPANY S.A.C,2024-08-06,2024-08-05,T76,1,UA,20029.31,PEN,5335.46,,8,Liberado total Exsa,2024-08-20,LT,JHDELGADO,2024-08-07,X,GM,EDELASCASAS,2024-08-20,X,GO,LMARSANO,2024-08-20,X,,,0000-00-00,,,,0000-00-00,,,,0000-00-00,,,,0000-00-00,,,,0000-00-00,,1001972640,Aceptada,,PM T417 SH Adic WINCHE COMBINACIÓN,,20029.31,PEN,20029.31,PEN,2024-11-01,TASA_MAXIMO,1,100,2024-09-10,2024-09-16,TASA 417,FSANTOYO,CASAHUAMAN,090,DE 81% A 90 % DE CUMPLIMIENTO,090,DE 81% A 90 % DE CUMPLIMIENTO,090,DE 81% A 90 % DE CUMPLIMIENTO,1047343,PM,TCURO,2024-11-01,X,,,0000-00-00,,5105653451,2024,2024-11-05,01-0F003-0001142,32444.49,4949.16,PEN,
600,M617113     ,000001,ZMAX,"Cambio de valvula de 1/2"" en linea de dr",PMP24/01-TPUC-01-18,CTEC MOVM,KS,3002000001,Mantenimiento Omega,2024-08-05,TASA_MAXIMO,0020132455,00010,"Cambio de valvula de 1/2"" en linea de dr",TPUC,900,PEN,240.13,TMO5,MANTTO_COR,2024-08-05,2024-08-05,2052463424,PROYECTOS FABRICACIONES Y SERVICIOS,255,TASA_MAXIMO,MAXIMO TASA,0000-00-00,PLANTA,T68,617113,617114,TPUC,MCP,TO-18,TPUC0801-0802,Scrubber PTAR,0000000000000000000000000,,05,,,3,Liberado Total,2024-08-19,BG,EDWPEREZ,2024-08-19,X,,,0000-00-00,,,,0000-00-00,,5010180818,00020,2052463424,PROYECTOS FABRICACIONES Y SERV,2024-08-20,2024-08-05,T76,1,UA,900,PEN,240.64,,8,Liberado total Exsa,2024-08-21,LT,JHDELGADO,2024-08-21,X,GM,EDELASCASAS,2024-08-21,X,,,0000-00-00,,,,0000-00-00,,,,0000-00-00,,,,0000-00-00,,,,0000-00-00,,,,0000-00-00,,1001877216,Aceptada,,"Cambio de valvula de 1/2"" en linea de dr",,900,PEN,900,PEN,2024-08-23,TASA_MAXIMO,1,100,2024-07-03,2024-07-03,Pucusana Planta Omeg,WALBA,J.MANTILLA,100,MUY SATISFECHO,100,MUY SATISFECHO,100,MUY SATISFECHO,1047344,SO,MCARRILLO,2024-08-23,X,,,0000-00-00,,5105620296,2024,2024-08-26,01-0E001-0000860,1062,162,PEN,
600,M617116     ,000001,ZMAX,PM T417 SH Cambio de polea y bba V20 Gob,F2A24/10-T417-EPPM06SHCA,CTEC MOVM,KS,3023120005,Tasa 417 (Inansa) F,2024-08-05,TASA_MAXIMO,0020132456,00010,PM T417 SH Cambio de polea y bba V20 Gob,TCHI,1992,USD,1992,TMF2,MANTTO IPR,2024-08-05,2024-08-05,2060338925,HYDRAULIC SUPPLY COMPANY S.A.C.,255,TASA_MAXIMO,MAXIMO TASA,0000-00-00,PESCA,T67,617116,617117,T417,MPA,06,TF01417-0613,Sistema de Gobierno Hidraulico,0000000000000000300011893,Unidad de Gobierno,05,,,3,Liberado Total,2024-08-05,JE,EMORE,2024-08-05,X,,,0000-00-00,,,,0000-00-00,,5010179366,00030,2060338925,HYDRAULIC SUPPLY COMPANY S.A.C,2024-08-06,2024-08-05,T76,1,UA,7466.02,PEN,1988.82,,8,Liberado total Exsa,2024-08-20,LT,JHDELGADO,2024-08-07,X,GM,EDELASCASAS,2024-08-20,X,GO,LMARSANO,2024-08-20,X,,,0000-00-00,,,,0000-00-00,,,,0000-00-00,,,,0000-00-00,,,,0000-00-00,,1001972639,Aceptada,,PM T417 SH Cambio de polea y bba V20 Gob,,7466.02,PEN,7466.02,PEN,2024-11-01,TASA_MAXIMO,1,100,2024-08-06,2024-08-08,TASA 417,FSANTOYO,CASAHUAMAN,090,DE 81% A 90 % DE CUMPLIMIENTO,090,DE 81% A 90 % DE CUMPLIMIENTO,090,DE 81% A 90 % DE CUMPLIMIENTO,1047345,PM,TCURO,2024-11-01,X,,,0000-00-00,,5105653451,2024,2024-11-05,01-0F003-0001142,32444.49,4949.16,PEN,
600,M617120     ,000001,ZMAX,PM T417 SH Adic UNIDAD GOBIERNO IT 180,F2A24/10-T417-EPPM06SHCA,CTEC MOVM,KS,3023120005,Tasa 417 (Inansa) F,2024-08-05,TASA_MAXIMO,0020132458,00010,PM T417 SH Adic UNIDAD GOBIERNO IT 180,TCHI,4997,USD,4997,TMF2,MANTTO IPR,2024-08-05,2024-08-05,2060338925,HYDRAULIC SUPPLY COMPANY S.A.C.,255,TASA_MAXIMO,MAXIMO TASA,0000-00-00,PESCA,T67,617120,617121,T417,MPA,06,TF01417-0613,Sistema de Gobierno Hidraulico,0000000000000000300011893,Unidad de Gobierno,05,,,3,Liberado Total,2024-08-05,JE,EMORE,2024-08-05,X,,,0000-00-00,,,,0000-00-00,,5010179366,00040,2060338925,HYDRAULIC SUPPLY COMPANY S.A.C,2024-08-06,2024-08-05,T76,1,UA,18728.76,PEN,4989.01,,8,Liberado total Exsa,2024-08-20,LT,JHDELGADO,2024-08-07,X,GM,EDELASCASAS,2024-08-20,X,GO,LMARSANO,2024-08-20,X,,,0000-00-00,,,,0000-00-00,,,,0000-00-00,,,,0000-00-00,,,,0000-00-00,,1001977331,Aceptada,,PM T417 SH Adic UNIDAD GOBIERNO IT 180,,18728.76,PEN,18728.76,PEN,2024-11-05,TASA_MAXIMO,1,100,2024-08-13,2024-08-22,TASA 417,FSANTOYO,CASAHUAMAN,090,DE 81% A 90 % DE CUMPLIMIENTO,080,SATISFECHO,090,DE 81% A 90 % DE CUMPLIMIENTO,1047347,PM,TCURO,2024-11-05,X,,,0000-00-00,,5105654492,2024,2024-11-06,01-0F003-0001145,22099.94,3371.18,PEN,
600,M617124     ,000001,ZMAX,Tub picada Línea agua salada_ lavado cad,F3A24/03-T032-EPBL01SA,CTEC MOVM,KS,3023130009,Tasa 32 F,2024-08-05,TASA_MAXIMO,0020132457,00010,Tub picada Línea agua salada_ lavado cad,TCNO,1273,PEN,339.65,TMF1,MANTTO CCC,2024-08-05,2024-08-05,2054002955,GRUPO CONSTRUCTOR EL MARAÑON E.I.R.,255,TASA_MAXIMO,MAXIMO TASA,0000-00-00,PESCA,T68,617124,617125,T032,MCP,07,TF0132-0708,Sistema Agua Salada,0000000000000000000000000,,05,,,3,Liberado Total,2024-08-19,SA,JURAMOS,2024-08-19,X,,,0000-00-00,,,,0000-00-00,,5010181112,00010,2054002955,GRUPO CONSTRUCTOR EL MARAÑON E,2024-08-22,2024-08-05,T54,1,UA,1273,PEN,340.01,,8,Liberado total Exsa,2024-08-23,LT,JHDELGADO,2024-08-23,X,GM,EDELASCASAS,2024-08-23,X,,,0000-00-00,,,,0000-00-00,,,,0000-00-00,,,,0000-00-00,,,,0000-00-00,,,,0000-00-00,,1001877702,Aceptada,,Tub picada Línea agua salada_ lavado cad,,1273,PEN,1273,PEN,2024-08-23,TASA_MAXIMO,1,100,2024-04-15,2024-04-15,TASA 32,MAPEREZ,argomedo,090,DE 81% A 90 % DE CUMPLIMIENTO,090,DE 81% A 90 % DE CUMPLIMIENTO,090,DE 81% A 90 % DE CUMPLIMIENTO,1047346,01,,2024-08-23,X,,,0000-00-00,,5105620281,2024,2024-08-26,01-0E001-0000059,1502.14,229.14,PEN,
600,M617128     ,000001,ZMAX,T425 Adic. Insp/Ajust bridas tuberías RS,F2A24/10-T425-EPPM06SFCO,CTEC MOVM,KS,3023120014,Tasa 425 (Bravo 9) F,2024-08-05,TASA_MAXIMO,0020132462,00010,T425 Adic. Insp/Ajust bridas tuberías RS,TCHI,11293,PEN,3013.07,TMF2,MANTTO IPR,2024-08-05,2024-07-15,,,255,TASA_MAXIMO,MAXIMO TASA,0000-00-00,PESCA,T68,617128,617129,T425,MPA,08,TF01425-08,SISTEMA DE FRIO RSW,0000000000000000000000000,,05,,,3,Liberado Total,2024-08-05,JE,EMORE,2024-08-05,X,,,0000-00-00,,,,0000-00-00,,5010179899,00010,0000004852,REPARACIONES NAVALES EMANUEL E,2024-08-12,2024-07-15,T67,1,UA,11250,PEN,3015.28,,8,Liberado total Exsa,2024-08-14,LT,JHDELGADO,2024-08-14,X,GM,EDELASCASAS,2024-08-14,X,,,0000-00-00,,,,0000-00-00,,,,0000-00-00,,,,0000-00-00,,,,0000-00-00,,,,0000-00-00,,1001867631,Aceptada,,T425 Adic. Insp/Ajust bridas tuberías RS,,11250,PEN,11250,PEN,2024-08-16,TASA_MAXIMO,1,100,2024-06-26,2024-07-01,TASA 425,DATORRES,RONALD,090,DE 81% A 90 % DE CUMPLIMIENTO,090,DE 81% A 90 % DE CUMPLIMIENTO,090,DE 81% A 90 % DE CUMPLIMIENTO,1047351,PM,TCURO,2024-08-16,X,,,0000-00-00,,5105615109,2024,2024-08-19,01-0E001-0000226,18408,2808,PEN,
600,M617130     ,000001,ZMAX,REG T53 SA Mantto de motoboma C.I,F4A24/10-T053-EPPM06SACO,CTEC MOVM,KS,3023140009,Tasa 53 F,2024-08-05,TASA_MAXIMO,0020132461,00010,REG T53 SA Mantto de motoboma C.I,TCHI,3082.35,PEN,822.4,TMF2,MANTTO IPR,2024-08-05,2024-07-15,2053805337,FIREMED SOCIEDAD ANONIMA CERRADA,255,TASA_MAXIMO,MAXIMO TASA,0000-00-00,PESCA,T66,617130,617132,T053,MPA,07,TF0153-0705-02,Electrobombas De Aguas Sucias,0000000000000000300019504,Electrobomba de Agua Sucias,05,,,3,Liberado Total,2024-08-05,JE,EMORE,2024-08-05,X,,,0000-00-00,,,,0000-00-00,,5010179632,00010,2053805337,FIREMED SOCIEDAD ANONIMA CERRA,2024-08-09,2024-07-15,T84,1,UA,3082.35,PEN,825.92,,8,Liberado total Exsa,2024-08-09,LT,JHDELGADO,2024-08-09,X,GM,EDELASCASAS,2024-08-09,X,,,0000-00-00,,,,0000-00-00,,,,0000-00-00,,,,0000-00-00,,,,0000-00-00,,,,0000-00-00,,1002029613,Aceptada,,REG T53 SA Mantto de motoboma C.I,,3082.35,PEN,3082.35,PEN,2024-12-06,TASA_MAXIMO,1,100,2023-03-15,2023-04-21,TASA 53,JSENMACHE,JERSY TELL,090,DE 81% A 90 % DE CUMPLIMIENTO,090,DE 81% A 90 % DE CUMPLIMIENTO,090,DE 81% A 90 % DE CUMPLIMIENTO,1047350,PM,TCURO,2024-12-06,X,,,0000-00-00,,5105673084,2024,2024-12-09,01-0F002-0000879,3637.17,554.82,PEN,
600,M617133     ,000001,ZMAX,T210 PG Ad. Mantto a flote de sistema de,F3A24/10-T210-EPPM06PGCO,CTEC MOVM,KS,3023130003,Tasa 210 (Pizarro 10,2024-08-05,TASA_MAXIMO,0020132459,00010,T210 PG Ad. Mantto a flote de sistema de,TCHI,2600,PEN,693.7,TMF2,MANTTO IPR,2024-08-05,2024-06-17,2060206775,SERVICIOS MARPERU E.I.R.L.,255,TASA_MAXIMO,MAXIMO TASA,0000-00-00,PESCA,T75,617133,617134,T210,MPA,02,TF01210-0201,Propulsion Principal,0000000000000000300025841,PROPULSIÓN,05,,,3,Liberado Total,2024-08-05,JE,EMORE,2024-08-05,X,,,0000-00-00,,,,0000-00-00,,5010179893,00010,2060206775,SERVICIOS MARPERU E.I.R.L.,2024-08-12,2024-06-17,T84,1,UA,2600,PEN,696.86,,8,Liberado total Exsa,2024-08-14,LT,JHDELGADO,2024-08-14,X,GM,EDELASCASAS,2024-08-14,X,,,0000-00-00,,,,0000-00-00,,,,0000-00-00,,,,0000-00-00,,,,0000-00-00,,,,0000-00-00,,1001873123,Aceptada,,T210 PG Ad. Mantto a flote de sistema de,,2600,PEN,2600,PEN,2024-08-20,TASA_MAXIMO,1,100,2024-04-14,2024-04-18,TASA 210,LQUILCAT,JHONATAN P,090,DE 81% A 90 % DE CUMPLIMIENTO,090,DE 81% A 90 % DE CUMPLIMIENTO,090,DE 81% A 90 % DE CUMPLIMIENTO,1047348,PM,TCURO,2024-08-20,X,,,0000-00-00,,5105617446,2024,2024-08-21,01-0E001-0000025,7198,1098,PEN,
600,M617135     ,000001,ZMAX,T418 PG Ad. Reparación de prop a flote,F2A24/10-T418-EPPM06PGCO,CTEC MOVM,KS,3023120007,Tasa 418 (Independen,2024-08-05,TASA_MAXIMO,0020132460,00010,T418 PG Ad. Reparación de prop a flote,TCHI,2100,PEN,560.3,TMF2,MANTTO IPR,2024-08-05,2024-03-11,2060206775,SERVICIOS MARPERU E.I.R.L.,255,TASA_MAXIMO,MAXIMO TASA,0000-00-00,PESCA,T75,617135,617136,T418,MPA,02,TF01418-0201,Propulsion Principal,0000000000000000300030822,Propulsion,05,,,3,Liberado Total,2024-08-05,JE,EMORE,2024-08-05,X,,,0000-00-00,,,,0000-00-00,,5010179893,00020,2060206775,SERVICIOS MARPERU E.I.R.L.,2024-08-12,2024-03-11,T84,1,UA,2100,PEN,562.85,,8,Liberado total Exsa,2024-08-14,LT,JHDELGADO,2024-08-14,X,GM,EDELASCASAS,2024-08-14,X,,,0000-00-00,,,,0000-00-00,,,,0000-00-00,,,,0000-00-00,,,,0000-00-00,,,,0000-00-00,,1001873125,Aceptada,,T418 PG Ad. Reparación de prop a flote,,2100,PEN,2100,PEN,2024-08-20,TASA_MAXIMO,1,100,2024-04-13,2024-04-15,TASA 418,JHUAYANAY,JHONATAN P,090,DE 81% A 90 % DE CUMPLIMIENTO,090,DE 81% A 90 % DE CUMPLIMIENTO,090,DE 81% A 90 % DE CUMPLIMIENTO,1047349,PM,TCURO,2024-08-20,X,,,0000-00-00,,5105617446,2024,2024-08-21,01-0E001-0000025,7198,1098,PEN,
600,M617139     ,000001,ZMAX,PM T417 SH Adi WINCHE ANCLA SIMPLE,F2A24/10-T417-EPPM06SHCA,CTEC MOVM,KS,3023120005,Tasa 417 (Inansa) F,2024-08-05,TASA_MAXIMO,0020132463,00010,PM T417 SH Adi WINCHE ANCLA SIMPLE,TCHI,7983,USD,7983,TMF2,MANTTO IPR,2024-08-05,2024-08-05,2060338925,HYDRAULIC SUPPLY COMPANY S.A.C.,255,TASA_MAXIMO,MAXIMO TASA,0000-00-00,PESCA,T67,617139,617140,T417,MPA,06,TF01417-0608,Winche de Ancla,0000000000000000300011917,Winche de Ancla,05,,,3,Liberado Total,2024-08-07,JE,EMORE,2024-08-07,X,,,0000-00-00,,,,0000-00-00,,5010179485,00010,2060338925,HYDRAULIC SUPPLY COMPANY S.A.C,2024-08-08,2024-08-05,T76,1,UA,29920.28,PEN,8000.07,,8,Liberado total Exsa,2024-08-17,LT,JHDELGADO,2024-08-08,X,GL,FTHORNE,2024-08-16,X,GM,EDELASCASAS,2024-08-16,X,GO,LMARSANO,2024-08-17,X,,,0000-00-00,,,,0000-00-00,,,,0000-00-00,,,,0000-00-00,,1001972638,Aceptada,,PM T417 SH Adi WINCHE ANCLA SIMPLE,,29920.28,PEN,29920.28,PEN,2024-11-01,TASA_MAXIMO,1,100,2024-08-13,2024-09-17,TASA 417,FSANTOYO,CASAHUAMAN,090,DE 81% A 90 % DE CUMPLIMIENTO,080,SATISFECHO,090,DE 81% A 90 % DE CUMPLIMIENTO,1047352,PM,TCURO,2024-11-01,X,,,0000-00-00,,5105653300,2024,2024-11-05,01-0F003-0001143,73566.19,11221.96,PEN,
600,M617141     ,000001,ZMAX,T52 SF Camb. Contactores P.140,F4A24/03-T052-EPPM06SFCO,CTEC MOVM,KS,3023140012,Tasa 52 F,2024-08-05,TASA_MAXIMO,0020132464,00010,T52 SF Camb. Contactores P.140,TCNO,9770,PEN,2606.72,TMF2,MANTTO IPR,2024-08-05,2024-06-18,2054799624,CORPORACION VICTORIANO GARCIA COLLA,255,TASA_MAXIMO,MAXIMO TASA,0000-00-00,PESCA,T79,617141,617142,T052,COND,08,TF0152-0816,Controles  electrico  y  electronico,0000000000000000300028771,"TABLERO ARRANCADOR ELECTRICO KW:0.75,V:4",05,,,3,Liberado Total,2024-08-07,JE,EMORE,2024-08-07,X,,,0000-00-00,,,,0000-00-00,,5010180076,00010,2054799624,CORPORACION VICTORIANO GARCIA,2024-08-13,2024-06-18,T84,1,UA,9770,PEN,2607.42,,8,Liberado total Exsa,2024-08-14,LT,JHDELGADO,2024-08-14,X,GM,EDELASCASAS,2024-08-14,X,,,0000-00-00,,,,0000-00-00,,,,0000-00-00,,,,0000-00-00,,,,0000-00-00,,,,0000-00-00,,1001949370,Aceptada,,T52 SF Camb. Contactores P.140,,9770,PEN,9770,PEN,2024-10-16,TASA_MAXIMO,1,100,2024-09-05,2024-09-06,TASA 52,EFALCON,GCASTELO,090,DE 81% A 90 % DE CUMPLIMIENTO,090,DE 81% A 90 % DE CUMPLIMIENTO,080,SATISFECHO,1047353,PM,TCURO,2024-10-16,X,,,0000-00-00,,5105648976,2024,2024-10-24,01-0E001-0000466,44416.38,6775.38,PEN,