GJAHR,PERIO,WERKS,LGORT,BERID,MATNR,DIBER,MAKTX,NCENTRO,VERPR,PVPRS_2,MEINS,ATWRT_CLS_LG,ATWTB_CLS_LG,MTART,DISMM,PRDHA,BEZEI40_J,MSTAE,MTSTB,MMSTA,MTSTB_C,MINBE,EISBE,EISLO,BSTFE,DISLS,BSTMI,BSTMA,MABST,RDPRF,BSTRF,MAABC,FXHOR,DISPO,BESKZ,SOBSL,WEBAZ,PLIFZ,BZTEK,LGRAD,RWPRO,MTVFP,DISKZ,DISKT,LSOBS,LMINB,LBSTF,UO,ZLOCAL,MATKL,WGBEZ,DISGR,TEXT40,LOSFX,LAGPR,FHORI,ZONA,ESC_PLANIF,FECH_INI,FECH_FIN,FLG_ESC
2020,08,TMAT,L001,TMAT-PLANI,000000000031010847,X,"GRASERA RECTA 3/16""",MATARANI,0,0,ST,,,ZAUX,ND,,,,,,,0,0,0,0,,0,0,0,,0,,000,,F,,0,23,00,0,,02,,0,,0,0,Logística,,AUX-HER99,VARIOS-HERRAMIENTAS,BRT,,0,,,,,,,
2020,08,TMAT,L001,TMAT-PLANI,000000000031010652,X,FLUORESCENTE RECTO 18W 220V,MATARANI,0,0,ST,,,ZAUX,ND,,,,,,,0,0,0,0,,0,0,0,,0,,000,,F,,0,23,00,0,,02,,0,,0,0,Logística,,AUX-FER99,VARIOS-FERRETERIA,BRT,,0,,,,,,,
2020,08,TMAT,L001,TMAT-PLANI,000000000031010211,X,"ESLABON 1.1/8"" T/KENTER AC. G2",MATARANI,0,0,ST,,,ZAUX,ND,,,,,,,0,0,0,0,,0,0,0,,0,,000,,F,,0,23,00,0,,02,,0,,0,0,Logística,,AUX-HER05,HERRAM. ELEVACION,BRT,,0,,,,,,,
2020,08,TMAT,L001,TMAT-PLANI,000000000031009779,X,DESENGRASANTE  ELECTRICO / ELECTRONICO,MATARANI,0,0,ST,,,ZAUX,ND,,,,,,,0,0,0,0,,0,0,0,,0,,000,,F,,0,23,00,0,,02,,0,,0,0,Logística,,AUX-FER99,VARIOS-FERRETERIA,BRT,,0,,,,,,,
2020,08,TMAT,L001,TMAT-PLANI,000000000031009066,X,"BURIL RECTO INOX.  3/4""",MATARANI,0,0,ST,,,ZAUX,ND,,,,,,,0,0,0,0,,0,0,0,,0,,000,,F,,0,23,00,0,,02,,0,,0,0,Logística,,AUX-HER99,VARIOS-HERRAMIENTAS,BRT,,0,,,,,,,
2020,08,TMAT,L001,TMAT-PLANI,000000000034002923,X,MOTON DOBLE MADERA NO. 10,MATARANI,0,0,ST,,,ZRPE,ND,,,,,,,0,0,0,0,,0,0,0,,0,,000,,F,,0,23,00,0,,02,,0,,0,0,Logística,,RPE-TAS99,VARIOS TASA,BRT,,0,,,,,,,
2020,08,TMAT,L001,TMAT-PLANI,000000000033042391,X,FAJA V A-56,MATARANI,0,0,ST,,,ZRPG,ND,,,,,,,0,0,0,0,,0,0,0,,0,,000,,F,,0,23,00,0,,02,,0,,0,0,Logística,,RPG-MEC04,FAJAS Y ACCESORIOS,BRT,,0,,,,,,,
2020,08,TMAT,L001,TMAT-PLANI,000000000033040378,X,FILTRO DE PETROLEO RE532952,MATARANI,0,0,ST,,,ZRPG,ND,,,,,,,0,0,0,0,,0,0,0,,0,,000,,F,,0,23,00,0,,02,,0,,0,0,Logística,,RPG-MEC05,FILTROS,BRT,,0,,,,,,,
2020,08,TMAT,L001,TMAT-PLANI,000000000033038557,X,SHAFT EARTHING DOUBLE BRUSH KCS0032,MATARANI,0,0,ST,,,ZRPG,ND,,,,,,,0,0,0,0,,0,0,0,,0,,000,,F,,0,23,00,0,,02,,0,,0,0,Logística,,RPG-MEC02,ELEMENTOS TRANSMI.,BRT,,0,,,,,,,
2020,08,TMAT,L001,TMAT-PLANI,000000000033036081,X,PORTA FILTRO RACOR 2020SM 1000FH,MATARANI,0,0,ST,,,ZRPG,ND,,,,,,,0,0,0,0,,0,0,0,,0,,000,,F,,0,23,00,0,,02,,0,,0,0,Logística,,RPG-MEC05,FILTROS,BRT,,0,,,,,,,
2020,08,TMAT,L001,TMAT-PLANI,000000000033032972,X,FILTRO DE ACEITE RE557343,MATARANI,0,0,ST,,,ZRPG,ND,,,,,,,0,0,0,0,,0,0,0,,0,,000,,F,,0,23,00,0,,02,,0,,0,0,Logística,,RPG-MEC05,FILTROS,BRT,,0,,,,,,,
2020,08,TMAT,L001,TMAT-PLANI,000000000033032862,X,FILTRO ACEITE MAN B&W 1-2850-02-4 JG X 8,MATARANI,0,0,ST,,,ZRPG,ND,,,,,,,0,0,0,0,,0,0,0,,0,,000,,F,,0,23,00,0,,02,,0,,0,0,Logística,,RPG-MEC05,FILTROS,BRT,,0,,,,,,,
2020,08,TMAT,L001,TMAT-PLANI,000000000033032829,X,FILTRO ACEITE DONALDSON P554403,MATARANI,0,0,ST,,,ZRPG,ND,,,,,,,0,0,0,0,,0,0,0,,0,,000,,F,,0,23,00,0,,02,,0,,0,0,Logística,,RPG-MEC05,FILTROS,BRT,,0,,,,,,,
2020,08,TMAT,L001,TMAT-PLANI,000000000033032633,X,FAJA V B-40,MATARANI,0,0,ST,,,ZRPG,ND,,,,,,,0,0,0,0,,0,0,0,,0,,000,,F,,0,23,00,0,,02,,0,,0,0,Logística,,RPG-MEC04,FAJAS Y ACCESORIOS,BRT,,0,,,,,,,
2020,08,TMAT,L001,TMAT-PLANI,000000000033032008,X,ELEM. FILTRO PETR./SEP.AGUA RACOR 2020SM,MATARANI,0,0,ST,,,ZRPG,ND,,,,,,,0,0,0,0,,0,0,0,,0,,000,,F,,0,23,00,0,,02,,0,,0,0,Logística,,RPG-MEC05,FILTROS,BRT,,0,,,,,,,
2020,08,TMAT,L001,TMAT-PLANI,000000000032005514,X,"VENDA ELASTICA 6"" X 5 YDS.",MATARANI,0,0,ST,,,ZDIV,ND,,,,,,,0,0,0,0,,0,0,0,,0,,000,,F,,0,23,00,0,,02,,0,,0,0,Logística,,DIV-HAB05,MATERIAL MEDICO,BRT,,0,,,,,,,
2020,08,TMAT,L001,TMAT-PLANI,000000000032005147,X,SILVERDIAZINA CREMA X 30 GRS,MATARANI,0,0,ST,,,ZDIV,ND,,,,,,,0,0,0,0,,0,0,0,,0,,000,,F,,0,23,00,0,,02,,0,,0,0,Logística,,DIV-HAB05,MATERIAL MEDICO,BRT,,0,,,,,,,
2020,08,TMAT,L001,TMAT-PLANI,000000000032004968,X,POST IT BANDERITAS (COLORES),MATARANI,0,0,ST,,,ZDIV,ND,,,,,,,0,0,0,0,,0,0,0,,0,,000,,F,,0,23,00,0,,02,,0,,0,0,Logística,,DIV-OFI01,UTILES OFICINA,BRT,,0,,,,,,,
2020,08,TMAT,L001,TMAT-PLANI,000000000032004806,X,"PANTALON DRILL CAQUI C/LOGO ""38""",MATARANI,0,0,ST,,,ZDIV,ND,,,,,,,0,0,0,0,,0,0,0,,0,,000,,F,,0,23,00,0,,02,,0,,0,0,Logística,,DIV-SEG03,ROPA DE TRABAJO,BRT,,0,,,,,,,
2020,08,TMAT,L001,TMAT-PLANI,000000000032004786,X,"PANTALON DENIN AZUL P/DAMA ""32""",MATARANI,0,0,ST,,,ZDIV,ND,,,,,,,0,0,0,0,,0,0,0,,0,,000,,F,,0,23,00,0,,02,,0,,0,0,Logística,,DIV-SEG03,ROPA DE TRABAJO,BRT,,0,,,,,,,
2020,08,TMAT,L001,TMAT-PLANI,000000000032004630,X,"MAMELUCO DRILL BEIGE M/LARGA C/LOGO  ""S""",MATARANI,0,0,ST,,,ZDIV,ND,,,,,,,0,0,0,0,,0,0,0,,0,,000,,F,,0,23,00,0,,02,,0,,0,0,Logística,,DIV-SEG03,ROPA DE TRABAJO,BRT,,0,,,,,,,
2020,08,TMAT,L001,TMAT-PLANI,000000000032003963,X,"CHAQUETA POLYESTER BLANCA M/L VARON ""S",MATARANI,0,0,ST,,,ZDIV,ND,,,,,,,0,0,0,0,,0,0,0,,0,,000,,F,,0,23,00,0,,02,,0,,0,0,Logística,,DIV-SEG03,ROPA DE TRABAJO,BRT,,0,,,,,,,
2020,08,TMAT,L001,TMAT-PLANI,000000000032003958,X,"CHAQUETA POLYESTER BLANCA M/L DAMA ""L",MATARANI,0,0,ST,,,ZDIV,ND,,,,,,,0,0,0,0,,0,0,0,,0,,000,,F,,0,23,00,0,,02,,0,,0,0,Logística,,DIV-SEG03,ROPA DE TRABAJO,BRT,,0,,,,,,,
2020,08,TMAT,L001,TMAT-PLANI,000000000032003941,X,CHALECO SALVAVIDA,MATARANI,0,0,ST,,,ZDIV,ND,,,,,,,0,0,0,0,,0,0,0,,0,,000,,F,,0,23,00,0,,02,,0,,0,0,Logística,,DIV-SEG02,EPPS,BRT,,0,,,,,,,
2020,08,TMAT,L001,TMAT-PLANI,000000000032003811,X,"CAMISA OXFORD CELESTE M/LARGA T ""L""",MATARANI,0,0,ST,,,ZDIV,ND,,,,,,,0,0,0,0,,0,0,0,,0,,000,,F,,0,23,00,0,,02,,0,,0,0,Logística,,DIV-SEG03,ROPA DE TRABAJO,BRT,,0,,,,,,,
2020,08,TMAT,L001,TMAT-PLANI,000000000031013842,X,SILICONA BLANCA,MATARANI,0,0,ST,,,ZAUX,ND,,,,,,,0,0,0,0,,0,0,0,,0,,000,,F,,0,23,00,0,,02,,0,,0,0,Logística,,AUX-FER02,"ADHESIVOS,SELLA,CINT",BRT,,0,,,,,,,
2020,08,TMAT,L001,TMAT-PLANI,000000000031012628,X,"PERNO HEXAGONAL 5/8"" X 3.1/2"" FEN.",MATARANI,0,0,ST,,,ZAUX,ND,,,,,,,0,0,0,0,,0,0,0,,0,,000,,F,,0,23,00,0,,02,,0,,0,0,Logística,,AUX-FER06,"PERNO, TUERC Y ARAND",BRT,,0,,,,,,,
2020,08,TMAT,L001,TMAT-PLANI,000000000031011916,X,"NIPLE 3/8"" X 2"" SCH40",MATARANI,0,0,ST,,,ZAUX,ND,,,,,,,0,0,0,0,,0,0,0,,0,,000,,F,,0,23,00,0,,02,,0,,0,0,Logística,,AUX-FER12,TUBERIAS,BRT,,0,,,,,,,
2020,08,TMAT,L001,TMAT-PLANI,000000000031011278,X,"LLAVE 1/2"" P/LAVATORIO",MATARANI,0,0,ST,,,ZAUX,ND,,,,,,,0,0,0,0,,0,0,0,,0,,000,,F,,0,23,00,0,,02,,0,,0,0,Logística,,AUX-FER14,GRIFERIA Y ACCESORIO,BRT,,0,,,,,,,
2020,08,TMAT,L001,TMAT-PLANI,000000000031010957,X,HIGH DENSITY SILVER GRAPHITE BRU KCS0014,MATARANI,0,0,ST,,,ZAUX,ND,,,,,,,0,0,0,0,,0,0,0,,0,,000,,F,,0,23,00,0,,02,,0,,0,0,Logística,,AUX-FER99,VARIOS-FERRETERIA,BRT,,0,,,,,,,
2020,08,TMAT,L001,TMAT-PLANI,000000000031010875,X,"GRILLETE 1/2"" GALV. T/LIRA",MATARANI,0,0,ST,,,ZAUX,ND,,,,,,,0,0,0,0,,0,0,0,,0,,000,,F,,0,23,00,0,,02,,0,,0,0,Logística,,AUX-HER05,HERRAM. ELEVACION,BRT,,0,,,,,,,
2020,08,TMAT,L001,TMAT-PLANI,000000000031010672,X,FOCO INCANDESCENTE 220V X 75W,MATARANI,0,0,ST,,,ZAUX,ND,,,,,,,0,0,0,0,,0,0,0,,0,,000,,F,,0,23,00,0,,02,,0,,0,0,Logística,,AUX-FER99,VARIOS-FERRETERIA,BRT,,0,,,,,,,
2020,08,TMAT,L001,TMAT-PLANI,000000000031008630,X,ARRANCADOR P/FLUORESCENTE 20W 220V,MATARANI,0,0,ST,,,ZAUX,ND,,,,,,,0,0,0,0,,0,0,0,,0,,000,,F,,0,23,00,0,,02,,0,,0,0,Logística,,AUX-FER99,VARIOS-FERRETERIA,BRT,,0,,,,,,,
2020,08,TMAT,L001,TMAT-PLANI,000000000031008166,X,"ABRAZADERA REGULABLE INOX 3/4""",MATARANI,0,0,ST,,,ZAUX,ND,,,,,,,0,0,0,0,,0,0,0,,0,,000,,F,,0,23,00,0,,02,,0,,0,0,Logística,,AUX-FER11,"SUJETADORE, ABRAZ, C",BRT,,0,,,,,,,
2020,08,TCNO,L001,TCNO-PLANI,000000000033040357,X,FAJA V B-75,TASA CALLAO NORTE,0,0,ST,,,ZRPG,ND,,,,,,,0,0,0,0,,0,0,0,,0,,000,,F,,0,23,00,0,,02,,0,,0,0,Logística,,RPG-MEC04,FAJAS Y ACCESORIOS,BRT,,0,,,,,,,
2020,08,TCNO,L001,TCNO-PLANI,000000000033039767,X,"VALV. COMPUERTA 2"" NPT 125 PSI BCE.",TASA CALLAO NORTE,0,0,ST,,,ZRPG,ND,,,,,,,0,0,0,0,,0,0,0,,0,,000,,F,,0,23,00,0,,02,,0,,0,0,Logística,,RPG-MEC08,VALVULAS (RPTO.MEC.),BRT,,0,,,,,,,
2020,08,TCNO,L001,TCNO-PLANI,000000000033036908,X,RETEN 85 X 110 X 12 DOBLE LABIO,TASA CALLAO NORTE,0,0,ST,,,ZRPG,ND,,,,,,,0,0,0,0,,0,0,0,,0,,000,,F,,0,23,00,0,,02,,0,,0,0,Logística,,RPG-MEC03,"SELLOS , RETEN Y ANI",BRT,,0,,,,,,,
2020,08,TCNO,L001,TCNO-PLANI,000000000033035401,X,O'RING 1-1616-01-K3 VITON,TASA CALLAO NORTE,0,0,ST,,,ZRPG,ND,,,,,,,0,0,0,0,,0,0,0,,0,,000,,F,,0,23,00,0,,02,,0,,0,0,Logística,,RPG-MEC17,MOTORES DE EXPLOSIÓN,BRT,,0,,,,,,,
2020,08,TCNO,L001,TCNO-PLANI,000000000033032440,X,FAJA 5V950,TASA CALLAO NORTE,0,0,ST,,,ZRPG,ND,,,,,,,0,0,0,0,,0,0,0,,0,,000,,F,,0,23,00,0,,02,,0,,0,0,Logística,,RPG-MEC04,FAJAS Y ACCESORIOS,BRT,,0,,,,,,,
2020,08,TCNO,L001,TCNO-PLANI,000000000033029544,X,ACOPLAMIENTO OMEGA E5,TASA CALLAO NORTE,0,0,ST,,,ZRPG,ND,,,,,,,0,0,0,0,,0,0,0,,0,,000,,F,,0,23,00,0,,02,,0,,0,0,Logística,,RPG-MEC13,ACOPLES Y CRUCETAS,BRT,,0,,,,,,,
2020,08,TCNO,L001,TCNO-PLANI,000000000033032584,X,FAJA V 9.5 X 1175,TASA CALLAO NORTE,0,0,ST,,,ZRPG,ND,,,,,,,0,0,0,0,,0,0,0,,0,,000,,F,,0,23,00,0,,02,,0,,0,0,Logística,,RPG-MEC04,FAJAS Y ACCESORIOS,BRT,,0,,,,,,,
2020,08,TCNO,L001,TCNO-PLANI,000000000032005529,X,CD GRABABLE 650/700 MB.,TASA CALLAO NORTE,0,0,ST,,,ZDIV,ND,,,,,,,0,0,0,0,,0,0,0,,0,,000,,F,,0,23,00,0,,02,,0,,0,0,Logística,,DIV-OFI01,UTILES OFICINA,BRT,,0,,,,,,,
2020,08,TCNO,L001,TCNO-PLANI,000000000032005514,X,"VENDA ELASTICA 6"" X 5 YDS.",TASA CALLAO NORTE,0,0,ST,,,ZDIV,ND,,,,,,,0,0,0,0,,0,0,0,,0,,000,,F,,0,23,00,0,,02,,0,,0,0,Logística,,DIV-HAB05,MATERIAL MEDICO,BRT,,0,,,,,,,
2020,08,TCNO,L001,TCNO-PLANI,000000000032005271,X,TERMOMETRO CLINICO DE MERCURIO,TASA CALLAO NORTE,0,0,ST,,,ZDIV,ND,,,,,,,0,0,0,0,,0,0,0,,0,,000,,F,,0,23,00,0,,02,,0,,0,0,Logística,,DIV-HAB05,MATERIAL MEDICO,BRT,,0,,,,,,,
2020,08,TCNO,L001,TCNO-PLANI,000000000032005147,X,SILVERDIAZINA CREMA X 30 GRS,TASA CALLAO NORTE,0,0,ST,,,ZDIV,ND,,,,,,,0,0,0,0,,0,0,0,,0,,000,,F,,0,23,00,0,,02,,0,,0,0,Logística,,DIV-HAB05,MATERIAL MEDICO,BRT,,0,,,,,,,
2020,08,TCNO,L001,TCNO-PLANI,000000000032004968,X,POST IT BANDERITAS (COLORES),TASA CALLAO NORTE,0,0,ST,,,ZDIV,ND,,,,,,,0,0,0,0,,0,0,0,,0,,000,,F,,0,23,00,0,,02,,0,,0,0,Logística,,DIV-OFI01,UTILES OFICINA,BRT,,0,,,,,,,
2020,08,TCNO,L001,TCNO-PLANI,000000000032004630,X,"MAMELUCO DRILL BEIGE M/LARGA C/LOGO  ""S""",TASA CALLAO NORTE,0,0,ST,,,ZDIV,ND,,,,,,,0,0,0,0,,0,0,0,,0,,000,,F,,0,23,00,0,,02,,0,,0,0,Logística,,DIV-SEG03,ROPA DE TRABAJO,BRT,,0,,,,,,,
2020,08,TCNO,L001,TCNO-PLANI,000000000032004432,X,HIOSCINA BUTILBROMURO 10 MG,TASA CALLAO NORTE,0,0,ST,,,ZDIV,ND,,,,,,,0,0,0,0,,0,0,0,,0,,000,,F,,0,23,00,0,,02,,0,,0,0,Logística,,DIV-HAB05,MATERIAL MEDICO,BRT,,0,,,,,,,
2020,08,TCNO,L001,TCNO-PLANI,000000000032003565,X,BISMUTOL 262 MG. (TB MASTICABLES),TASA CALLAO NORTE,0,0,ST,,,ZDIV,ND,,,,,,,0,0,0,0,,0,0,0,,0,,000,,F,,0,23,00,0,,02,,0,,0,0,Logística,,DIV-HAB05,MATERIAL MEDICO,BRT,,0,,,,,,,
2020,08,TCNO,L001,TCNO-PLANI,000000000031014058,X,"TAPON MACHO 1/2"" GALV.",TASA CALLAO NORTE,0,0,ST,,,ZAUX,ND,,,,,,,0,0,0,0,,0,0,0,,0,,000,,F,,0,23,00,0,,02,,0,,0,0,Logística,,AUX-FER13,TAPONES,BRT,,0,,,,,,,