MANDT,VBELN,POSNR,GJAHR,BSTNK,ERDAT,VKORG,VTWEG,SPART,BROKER,COMPRA,INCO1,ZTERM,VTEXT,ARKTX,TOTAL,ATEND,PENDI,PREASIG,PORASIG,UEBTO,DATAB,DATBI,PTOEM,PAORI,DESTI,PADES,MATKL,WAERK,TEMPO,MATNR,KUNNR,BSTDK,LPRIO,DMERC,BROKER_C,COMPRA_C,DMERC_C,DFACT_C,DFACT
600,20001058  ,000010,2022,HPE-19-0154,20190909,TAVG,EX,HP,PROFISH TRADING SAC,KANEMATSU CORPORATION,CFR,ZCNC,,HARINA STEAM DRIED SUPER PRIME EG,100,100,0,0,0,5,20190909,20191130,Callao,Perú,Nagoya,Japón,FER-TAS01,USD,2019-I,000000000050003944,,20190930,00,KANEMATSU CORPORATION,0000027747,3000003015,3000003015,3000003015,KANEMATSU CORPORATION
600,20001058  ,000010,2023,HPE-19-0154,20190909,TAVG,EX,HP,PROFISH TRADING SAC,KANEMATSU CORPORATION,CFR,ZCNC,,HARINA STEAM DRIED SUPER PRIME EG,100,100,0,0,0,5,20190909,20191130,Callao,Perú,Nagoya,Japón,FER-TAS01,USD,2019-I,000000000050003944,,20190930,00,KANEMATSU CORPORATION,0000027747,3000003015,3000003015,3000003015,KANEMATSU CORPORATION
600,20001058  ,000010,2024,HPE-19-0154,20190909,TAVG,EX,HP,PROFISH TRADING SAC,KANEMATSU CORPORATION,CFR,ZCNC,,HARINA STEAM DRIED SUPER PRIME EG,100,100,0,0,0,5,20190909,20191130,Callao,Perú,Nagoya,Japón,FER-TAS01,USD,2019-I,000000000050003944,,20190930,00,KANEMATSU CORPORATION,0000027747,3000003015,3000003015,3000003015,KANEMATSU CORPORATION
600,20001058  ,000020,2022,HPE-19-0154,20190909,TAVG,EX,HP,PROFISH TRADING SAC,KANEMATSU CORPORATION,CFR,ZCNC,,HARINA STEAM DRIED SUPER PRIME EG,200,200,0,0,0,5,20190909,20191130,Callao,Perú,Nagoya,Japón,FER-TAS01,USD,2019-I,000000000050003944,,20191031,00,KANEMATSU CORPORATION,0000027747,3000003015,3000003015,3000003015,KANEMATSU CORPORATION
600,20001058  ,000020,2023,HPE-19-0154,20190909,TAVG,EX,HP,PROFISH TRADING SAC,KANEMATSU CORPORATION,CFR,ZCNC,,HARINA STEAM DRIED SUPER PRIME EG,200,200,0,0,0,5,20190909,20191130,Callao,Perú,Nagoya,Japón,FER-TAS01,USD,2019-I,000000000050003944,,20191031,00,KANEMATSU CORPORATION,0000027747,3000003015,3000003015,3000003015,KANEMATSU CORPORATION
600,20001058  ,000020,2024,HPE-19-0154,20190909,TAVG,EX,HP,PROFISH TRADING SAC,KANEMATSU CORPORATION,CFR,ZCNC,,HARINA STEAM DRIED SUPER PRIME EG,200,200,0,0,0,5,20190909,20191130,Callao,Perú,Nagoya,Japón,FER-TAS01,USD,2019-I,000000000050003944,,20191031,00,KANEMATSU CORPORATION,0000027747,3000003015,3000003015,3000003015,KANEMATSU CORPORATION
600,20001058  ,000030,2022,HPE-19-0154,20190909,TAVG,EX,HP,PROFISH TRADING SAC,KANEMATSU CORPORATION,CFR,ZCNC,,HARINA STEAM DRIED SUPER PRIME EG,100,100,0,0,0,5,20190909,20191130,Callao,Perú,Nagoya,Japón,FER-TAS01,USD,2019-I,000000000050003944,,20191130,00,KANEMATSU CORPORATION,0000027747,3000003015,3000003015,3000003015,KANEMATSU CORPORATION
600,20001058  ,000030,2023,HPE-19-0154,20190909,TAVG,EX,HP,PROFISH TRADING SAC,KANEMATSU CORPORATION,CFR,ZCNC,,HARINA STEAM DRIED SUPER PRIME EG,100,100,0,0,0,5,20190909,20191130,Callao,Perú,Nagoya,Japón,FER-TAS01,USD,2019-I,000000000050003944,,20191130,00,KANEMATSU CORPORATION,0000027747,3000003015,3000003015,3000003015,KANEMATSU CORPORATION
600,20001058  ,000030,2024,HPE-19-0154,20190909,TAVG,EX,HP,PROFISH TRADING SAC,KANEMATSU CORPORATION,CFR,ZCNC,,HARINA STEAM DRIED SUPER PRIME EG,100,100,0,0,0,5,20190909,20191130,Callao,Perú,Nagoya,Japón,FER-TAS01,USD,2019-I,000000000050003944,,20191130,00,KANEMATSU CORPORATION,0000027747,3000003015,3000003015,3000003015,KANEMATSU CORPORATION
600,20001059  ,000010,2022,HPE-19-0124,20190909,TAVG,EX,HP,DIRECTO,SKRETTING CO. LTD.,FOB,ZCDF,,HARINA STEAM DRIED PRIME,300,300,0,0,0,5,20190909,20190930,Callao,Perú,Japon,Japón,FER-TAS01,USD,2019-I,000000000050003937,,20190909,00,SKRETTING CO. LTD.,,3000003123,3000003123,3000003123,SKRETTING CO. LTD.
600,20001059  ,000010,2023,HPE-19-0124,20190909,TAVG,EX,HP,DIRECTO,SKRETTING CO. LTD.,FOB,ZCDF,,HARINA STEAM DRIED PRIME,300,300,0,0,0,5,20190909,20190930,Callao,Perú,Japon,Japón,FER-TAS01,USD,2019-I,000000000050003937,,20190909,00,SKRETTING CO. LTD.,,3000003123,3000003123,3000003123,SKRETTING CO. LTD.
600,20001059  ,000010,2024,HPE-19-0124,20190909,TAVG,EX,HP,DIRECTO,SKRETTING CO. LTD.,FOB,ZCDF,,HARINA STEAM DRIED PRIME,300,300,0,0,0,5,20190909,20190930,Callao,Perú,Japon,Japón,FER-TAS01,USD,2019-I,000000000050003937,,20190909,00,SKRETTING CO. LTD.,,3000003123,3000003123,3000003123,SKRETTING CO. LTD.
600,20001062  ,000010,2022,HPE-19-0139,20190910,TAVG,EX,HP,GROBEST GROUP LIMITED,PAN GROBEST TRADING CO. LTD.,CFR,Z030,,HARINA STEAM DRIED SUPER PRIME,1300,1300,0,0,0,5,20190910,20190930,Callao,Perú,China,China,FER-TAS01,USD,2019-I,000000000050003943,,20190910,00,PAN GROBEST TRADING CO. LTD.,3000003559,3000003066,3000003066,3000003066,PAN GROBEST TRADING CO. LTD.
600,20001062  ,000010,2023,HPE-19-0139,20190910,TAVG,EX,HP,GROBEST GROUP LIMITED,PAN GROBEST TRADING CO. LTD.,CFR,Z030,,HARINA STEAM DRIED SUPER PRIME,1300,1300,0,0,0,5,20190910,20190930,Callao,Perú,China,China,FER-TAS01,USD,2019-I,000000000050003943,,20190910,00,PAN GROBEST TRADING CO. LTD.,3000003559,3000003066,3000003066,3000003066,PAN GROBEST TRADING CO. LTD.
600,20001062  ,000010,2024,HPE-19-0139,20190910,TAVG,EX,HP,GROBEST GROUP LIMITED,GROBEST GROUP LIMITED,CFR,Z030,,HARINA STEAM DRIED SUPER PRIME,1300,1300,0,0,0,5,20190910,20190930,Callao,Perú,China,China,FER-TAS01,USD,2019-I,000000000050003943,,20190910,00,GROBEST GROUP LIMITED,3000003559,3000003066,3000003066,3000003066,GROBEST GROUP LIMITED
600,20001062  ,000020,2022,HPE-19-0139,20190910,TAVG,EX,HP,GROBEST GROUP LIMITED,PAN GROBEST TRADING CO. LTD.,CFR,Z030,,HARINA STEAM DRIED PRIME,800,800,0,0,0,5,20190910,20190930,Callao,Perú,China,China,FER-TAS01,USD,2019-I,000000000050003937,,20190910,00,PAN GROBEST TRADING CO. LTD.,3000003559,3000003066,3000003066,3000003066,PAN GROBEST TRADING CO. LTD.
600,20001062  ,000020,2023,HPE-19-0139,20190910,TAVG,EX,HP,GROBEST GROUP LIMITED,PAN GROBEST TRADING CO. LTD.,CFR,Z030,,HARINA STEAM DRIED PRIME,800,800,0,0,0,5,20190910,20190930,Callao,Perú,China,China,FER-TAS01,USD,2019-I,000000000050003937,,20190910,00,PAN GROBEST TRADING CO. LTD.,3000003559,3000003066,3000003066,3000003066,PAN GROBEST TRADING CO. LTD.
600,20001062  ,000020,2024,HPE-19-0139,20190910,TAVG,EX,HP,GROBEST GROUP LIMITED,GROBEST GROUP LIMITED,CFR,Z030,,HARINA STEAM DRIED PRIME,800,800,0,0,0,5,20190910,20190930,Callao,Perú,China,China,FER-TAS01,USD,2019-I,000000000050003937,,20190910,00,GROBEST GROUP LIMITED,3000003559,3000003066,3000003066,3000003066,GROBEST GROUP LIMITED
600,20001064  ,000010,2022,PFO-19-0069,20190415,TAVG,EX,AP,DIRECTO,TASA USA INC,DDP,Z120,,ACEITE REFINADO TG 1812,15.2,15.2,0,0,0,0,20190415,20190930,Callao,Perú,New York,EE.UU.,FER-TAS08,USD,,000000000050003848,,00000000,00,TASA USA INC,,3000003145,3000003145,3000003145,TASA USA INC
600,20001064  ,000010,2023,PFO-19-0069,20190415,TAVG,EX,AP,DIRECTO,TASA USA INC,DDP,Z120,,ACEITE REFINADO TG 1812,15.2,15.2,0,0,0,0,20190415,20190930,Callao,Perú,New York,EE.UU.,FER-TAS08,USD,,000000000050003848,,00000000,00,TASA USA INC,,3000003145,3000003145,3000003145,TASA USA INC
600,20001064  ,000010,2024,PFO-19-0069,20190415,TAVG,EX,AP,DIRECTO,TASA USA INC,DDP,Z120,,ACEITE REFINADO TG 1812,15.2,15.2,0,0,0,0,20190415,20190930,Callao,Perú,New York,EE.UU.,FER-TAS08,USD,,000000000050003848,,00000000,00,TASA USA INC,,3000003145,3000003145,3000003145,TASA USA INC
600,20001065  ,000030,2022,APN-19-0022,20190911,TAVG,LO,AP,DIRECTO,DSM MARINE LIPIDS PERU S.A.C.,EXW,C015,,ACEITE CRUDO OMEGA 18.12,570,570,0,0,0,5,20190911,20191130,,,,,FER-TAS02,USD,,000000000050003965,,00000000,00,DSM MARINE LIPIDS PERU S.A.C.,,2054612842,2054612842,2054612842,DSM MARINE LIPIDS PERU S.A.C.
600,20001065  ,000030,2023,APN-19-0022,20190911,TAVG,LO,AP,DIRECTO,DSM MARINE LIPIDS PERU S.A.C.,EXW,C015,,ACEITE CRUDO OMEGA 18.12,570,570,0,0,0,5,20190911,20191130,,,,,FER-TAS02,USD,,000000000050003965,,00000000,00,DSM MARINE LIPIDS PERU S.A.C.,,2054612842,2054612842,2054612842,DSM MARINE LIPIDS PERU S.A.C.
600,20001065  ,000030,2024,APN-19-0022,20190911,TAVG,LO,AP,DIRECTO,DSM MARINE LIPIDS PERU S.A.C.,EXW,C015,,ACEITE CRUDO OMEGA 18.12,570,570,0,0,0,5,20190911,20191130,,,,,FER-TAS02,USD,,000000000050003965,,00000000,00,DSM MARINE LIPIDS PERU S.A.C.,,2054612842,2054612842,2054612842,DSM MARINE LIPIDS PERU S.A.C.
600,20001065  ,000040,2022,APN-19-0022,20190911,TAVG,LO,AP,DIRECTO,DSM MARINE LIPIDS PERU S.A.C.,EXW,C015,,ACEITE CRUDO OMEGA ALTO DHA = 19%,350,350,0,0,0,5,20190911,20191130,,,,,FER-TAS02,USD,,000000000050003961,,00000000,00,DSM MARINE LIPIDS PERU S.A.C.,,2054612842,2054612842,2054612842,DSM MARINE LIPIDS PERU S.A.C.
600,20001065  ,000040,2023,APN-19-0022,20190911,TAVG,LO,AP,DIRECTO,DSM MARINE LIPIDS PERU S.A.C.,EXW,C015,,ACEITE CRUDO OMEGA ALTO DHA = 19%,350,350,0,0,0,5,20190911,20191130,,,,,FER-TAS02,USD,,000000000050003961,,00000000,00,DSM MARINE LIPIDS PERU S.A.C.,,2054612842,2054612842,2054612842,DSM MARINE LIPIDS PERU S.A.C.
600,20001065  ,000040,2024,APN-19-0022,20190911,TAVG,LO,AP,DIRECTO,DSM MARINE LIPIDS PERU S.A.C.,EXW,C015,,ACEITE CRUDO OMEGA ALTO DHA = 19%,350,350,0,0,0,5,20190911,20191130,,,,,FER-TAS02,USD,,000000000050003961,,00000000,00,DSM MARINE LIPIDS PERU S.A.C.,,2054612842,2054612842,2054612842,DSM MARINE LIPIDS PERU S.A.C.
600,20001066  ,000010,2022,PFO-19-0027,20190111,TAVG,EX,AP,DIRECTO,TASA USA INC,DDP,Z120,,ACEITE REFINADO TG 1812,15.2,30.4,0,0,0,0,20190911,20191231,Callao,Perú,New York,EE.UU.,FER-TAS08,USD,,000000000050003848,,00000000,00,TASA USA INC,,3000003145,3000003145,3000003145,TASA USA INC
600,20001066  ,000010,2023,PFO-19-0027,20190111,TAVG,EX,AP,DIRECTO,TASA USA INC,DDP,Z120,,ACEITE REFINADO TG 1812,15.2,30.4,0,0,0,0,20190911,20191231,Callao,Perú,New York,EE.UU.,FER-TAS08,USD,,000000000050003848,,00000000,00,TASA USA INC,,3000003145,3000003145,3000003145,TASA USA INC
600,20001066  ,000010,2024,PFO-19-0027,20190111,TAVG,EX,AP,DIRECTO,TASA USA INC,DDP,Z120,,ACEITE REFINADO TG 1812,15.2,30.4,0,0,0,0,20190911,20191231,Callao,Perú,New York,EE.UU.,FER-TAS08,USD,,000000000050003848,,00000000,00,TASA USA INC,,3000003145,3000003145,3000003145,TASA USA INC
600,20001067  ,000010,2022,HPE-19-0108,20190911,TAVG,EX,HP,PROFISH TRADING SAC,KANEMATSU CORPORATION,CFR,ZCNC,,HARINA STEAM DRIED PRIME,300,300,0,0,0,5,20190911,20191020,Callao,Perú,Shibushi,Japón,FER-TAS01,USD,2019-I,000000000050003937,,20190930,00,KANEMATSU CORPORATION,0000027747,3000003015,3000003015,3000003015,KANEMATSU CORPORATION
600,20001067  ,000010,2023,HPE-19-0108,20190911,TAVG,EX,HP,PROFISH TRADING SAC,KANEMATSU CORPORATION,CFR,ZCNC,,HARINA STEAM DRIED PRIME,300,300,0,0,0,5,20190911,20191020,Callao,Perú,Shibushi,Japón,FER-TAS01,USD,2019-I,000000000050003937,,20190930,00,KANEMATSU CORPORATION,0000027747,3000003015,3000003015,3000003015,KANEMATSU CORPORATION
600,20001067  ,000010,2024,HPE-19-0108,20190911,TAVG,EX,HP,PROFISH TRADING SAC,KANEMATSU CORPORATION,CFR,ZCNC,,HARINA STEAM DRIED PRIME,300,300,0,0,0,5,20190911,20191020,Callao,Perú,Shibushi,Japón,FER-TAS01,USD,2019-I,000000000050003937,,20190930,00,KANEMATSU CORPORATION,0000027747,3000003015,3000003015,3000003015,KANEMATSU CORPORATION
600,20001067  ,000020,2022,HPE-19-0108,20190911,TAVG,EX,HP,PROFISH TRADING SAC,KANEMATSU CORPORATION,CFR,ZCNC,,HARINA STEAM DRIED PRIME,300,300,0,0,0,5,20190911,20191020,Callao,Perú,Tokyo,Japón,FER-TAS01,USD,2019-I,000000000050003937,,20191015,00,KANEMATSU CORPORATION,0000027747,3000003015,3000003015,3000003015,KANEMATSU CORPORATION
600,20001067  ,000020,2023,HPE-19-0108,20190911,TAVG,EX,HP,PROFISH TRADING SAC,KANEMATSU CORPORATION,CFR,ZCNC,,HARINA STEAM DRIED PRIME,300,300,0,0,0,5,20190911,20191020,Callao,Perú,Tokyo,Japón,FER-TAS01,USD,2019-I,000000000050003937,,20191015,00,KANEMATSU CORPORATION,0000027747,3000003015,3000003015,3000003015,KANEMATSU CORPORATION
600,20001067  ,000020,2024,HPE-19-0108,20190911,TAVG,EX,HP,PROFISH TRADING SAC,KANEMATSU CORPORATION,CFR,ZCNC,,HARINA STEAM DRIED PRIME,300,300,0,0,0,5,20190911,20191020,Callao,Perú,Tokyo,Japón,FER-TAS01,USD,2019-I,000000000050003937,,20191015,00,KANEMATSU CORPORATION,0000027747,3000003015,3000003015,3000003015,KANEMATSU CORPORATION
600,20001067  ,000030,2022,HPE-19-0108,20190911,TAVG,EX,HP,PROFISH TRADING SAC,KANEMATSU CORPORATION,CFR,ZCNC,,HARINA STEAM DRIED PRIME,200,200,0,0,0,5,20190911,20191020,Callao,Perú,Tokyo,Japón,FER-TAS01,USD,2019-I,000000000050003937,,20190930,00,KANEMATSU CORPORATION,0000027747,3000003015,3000003015,3000003015,KANEMATSU CORPORATION
600,20001067  ,000030,2023,HPE-19-0108,20190911,TAVG,EX,HP,PROFISH TRADING SAC,KANEMATSU CORPORATION,CFR,ZCNC,,HARINA STEAM DRIED PRIME,200,200,0,0,0,5,20190911,20191020,Callao,Perú,Tokyo,Japón,FER-TAS01,USD,2019-I,000000000050003937,,20190930,00,KANEMATSU CORPORATION,0000027747,3000003015,3000003015,3000003015,KANEMATSU CORPORATION
600,20001067  ,000030,2024,HPE-19-0108,20190911,TAVG,EX,HP,PROFISH TRADING SAC,KANEMATSU CORPORATION,CFR,ZCNC,,HARINA STEAM DRIED PRIME,200,200,0,0,0,5,20190911,20191020,Callao,Perú,Tokyo,Japón,FER-TAS01,USD,2019-I,000000000050003937,,20190930,00,KANEMATSU CORPORATION,0000027747,3000003015,3000003015,3000003015,KANEMATSU CORPORATION
600,20001067  ,000040,2022,HPE-19-0108,20190911,TAVG,EX,HP,PROFISH TRADING SAC,KANEMATSU CORPORATION,CFR,ZCNC,,HARINA STEAM DRIED PRIME,200,200,0,0,0,5,20190911,20191020,Callao,Perú,Tokyo,Japón,FER-TAS01,USD,2019-I,000000000050003937,,20191006,00,KANEMATSU CORPORATION,0000027747,3000003015,3000003015,3000003015,KANEMATSU CORPORATION
600,20001067  ,000040,2023,HPE-19-0108,20190911,TAVG,EX,HP,PROFISH TRADING SAC,KANEMATSU CORPORATION,CFR,ZCNC,,HARINA STEAM DRIED PRIME,200,200,0,0,0,5,20190911,20191020,Callao,Perú,Tokyo,Japón,FER-TAS01,USD,2019-I,000000000050003937,,20191006,00,KANEMATSU CORPORATION,0000027747,3000003015,3000003015,3000003015,KANEMATSU CORPORATION
600,20001067  ,000040,2024,HPE-19-0108,20190911,TAVG,EX,HP,PROFISH TRADING SAC,KANEMATSU CORPORATION,CFR,ZCNC,,HARINA STEAM DRIED PRIME,200,200,0,0,0,5,20190911,20191020,Callao,Perú,Tokyo,Japón,FER-TAS01,USD,2019-I,000000000050003937,,20191006,00,KANEMATSU CORPORATION,0000027747,3000003015,3000003015,3000003015,KANEMATSU CORPORATION
600,20001067  ,000050,2022,HPE-19-0108,20190911,TAVG,EX,HP,PROFISH TRADING SAC,KANEMATSU CORPORATION,CFR,ZCNC,,HARINA STEAM DRIED STANDAR 66,250,250,0,0,0,5,20190911,20191020,Callao,Perú,Imari,Japón,FER-TAS01,USD,2019-I,000000000050003940,,20190930,00,KANEMATSU CORPORATION,0000027747,3000003015,3000003015,3000003015,KANEMATSU CORPORATION
600,20001067  ,000050,2023,HPE-19-0108,20190911,TAVG,EX,HP,PROFISH TRADING SAC,KANEMATSU CORPORATION,CFR,ZCNC,,HARINA STEAM DRIED STANDAR 66,250,250,0,0,0,5,20190911,20191020,Callao,Perú,Imari,Japón,FER-TAS01,USD,2019-I,000000000050003940,,20190930,00,KANEMATSU CORPORATION,0000027747,3000003015,3000003015,3000003015,KANEMATSU CORPORATION
600,20001067  ,000050,2024,HPE-19-0108,20190911,TAVG,EX,HP,PROFISH TRADING SAC,KANEMATSU CORPORATION,CFR,ZCNC,,HARINA STEAM DRIED STANDAR 66,250,250,0,0,0,5,20190911,20191020,Callao,Perú,Imari,Japón,FER-TAS01,USD,2019-I,000000000050003940,,20190930,00,KANEMATSU CORPORATION,0000027747,3000003015,3000003015,3000003015,KANEMATSU CORPORATION
600,20001067  ,000060,2022,HPE-19-0108,20190911,TAVG,EX,HP,PROFISH TRADING SAC,KANEMATSU CORPORATION,CFR,ZCNC,,HARINA STEAM DRIED STANDAR 66,500,500,0,0,0,5,20190911,20191020,Callao,Perú,Shibushi,Japón,FER-TAS01,USD,2019-I,000000000050003940,,20191010,00,KANEMATSU CORPORATION,0000027747,3000003015,3000003015,3000003015,KANEMATSU CORPORATION
600,20001067  ,000060,2023,HPE-19-0108,20190911,TAVG,EX,HP,PROFISH TRADING SAC,KANEMATSU CORPORATION,CFR,ZCNC,,HARINA STEAM DRIED STANDAR 66,500,500,0,0,0,5,20190911,20191020,Callao,Perú,Shibushi,Japón,FER-TAS01,USD,2019-I,000000000050003940,,20191010,00,KANEMATSU CORPORATION,0000027747,3000003015,3000003015,3000003015,KANEMATSU CORPORATION
600,20001067  ,000060,2024,HPE-19-0108,20190911,TAVG,EX,HP,PROFISH TRADING SAC,KANEMATSU CORPORATION,CFR,ZCNC,,HARINA STEAM DRIED STANDAR 66,500,500,0,0,0,5,20190911,20191020,Callao,Perú,Shibushi,Japón,FER-TAS01,USD,2019-I,000000000050003940,,20191010,00,KANEMATSU CORPORATION,0000027747,3000003015,3000003015,3000003015,KANEMATSU CORPORATION
600,20001068  ,000010,2022,PFO-19-0134,20190909,TAVG,EX,AP,DIRECTO,TASA USA INC,DDP,Z120,,CONCENTRADO OMEGA 3 EE 33/27,14.4,14.4,0,0,0,0,20190909,20191007,Callao,Perú,Los Angeles,EE.UU.,FER-TAS08,USD,,000000000050003856,,20191007,00,TASA USA INC,,3000003145,3000003145,3000003145,TASA USA INC
600,20001068  ,000010,2023,PFO-19-0134,20190909,TAVG,EX,AP,DIRECTO,TASA USA INC,DDP,Z120,,CONCENTRADO OMEGA 3 EE 33/27,14.4,14.4,0,0,0,0,20190909,20191007,Callao,Perú,Los Angeles,EE.UU.,FER-TAS08,USD,,000000000050003856,,20191007,00,TASA USA INC,,3000003145,3000003145,3000003145,TASA USA INC