MANDT,KOKRS,GJAHR,ID,CORREL,PERIO,KOSTL,KSTAR,RWAER,WKFBTR,WRFBTR,WOFBTR,WTFBTR,WKVBTR,WRVBTR,WOVBTR,WTVBTR,WRGBTR,WTGBTR,WOGBTR,OWAER,TWAER,MAT_TXT,MBGBTR,KWAER,WKGBTR,BLART,REFBN,BELNR,GKONT,OBJID,BLDAT,BUDAT,VRGNG,MATNR,USNAM,STOKZ,STFLG,EBELN,ZZASKTX,EBTXT,BLTXT,EBELP,WERKS,ORGVG,AWTYP,AWORG_REV,PBUKRS,BUKRS,REFBK,BELTP,UOB_TXT
600,1711,2019,2019110120191130,0000028547,011,3023310004,S6500PRD,USD,0,0,0,0,-8.11,-8.11,-27.22,-8.11,-8.11,-8.11,-27.22,PEN,USD,,0,USD,-8.11,,,1000018137,,3023310004,2019-12-04,2019-11-30,RKIU,,RYEPEZ,X,,,,,EM_FLO20190101Emisor Flota,00000,,,,,,,,1,
600,1711,2019,2019110120191130,0000028548,011,3023310004,S6500PRD,USD,0,0,0,0,-9.82,-9.82,-32.96,-9.82,-9.82,-9.82,-32.96,PEN,USD,,0,USD,-9.82,,,1000018137,,3023310004,2019-12-04,2019-11-30,RKIU,,RYEPEZ,X,,,,,EM_FLO20190101Emisor Flota,00000,,,,,,,,1,
600,1711,2019,2019110120191130,0000028549,011,3023310004,S6500PRD,USD,0,0,0,0,-8.01,-8.01,-26.9,-8.01,-8.01,-8.01,-26.9,PEN,USD,,0,USD,-8.01,,,1000018137,,3023310004,2019-12-04,2019-11-30,RKIU,,RYEPEZ,X,,,,,EM_FLO20190101Emisor Flota,00000,,,,,,,,1,
600,1711,2019,2019110120191130,0000028550,011,3023310004,S6500PRD,USD,0,0,0,0,-9.53,-9.53,-31.97,-9.53,-9.53,-9.53,-31.97,PEN,USD,,0,USD,-9.53,,,1000018137,,3023310004,2019-12-04,2019-11-30,RKIU,,RYEPEZ,X,,,,,EM_FLO20190101Emisor Flota,00000,,,,,,,,1,
600,1711,2019,2019110120191130,0000028551,011,3023310004,S6500PRD,USD,0,0,0,0,-9.68,-9.68,-32.5,-9.68,-9.68,-9.68,-32.5,PEN,USD,,0,USD,-9.68,,,1000018137,,3023310004,2019-12-04,2019-11-30,RKIU,,RYEPEZ,X,,,,,EM_FLO20190101Emisor Flota,00000,,,,,,,,1,
600,1711,2019,2019110120191130,0000028552,011,3023310004,S6500PRD,USD,0,0,0,0,-10.08,-10.08,-33.82,-10.08,-10.08,-10.08,-33.82,PEN,USD,,0,USD,-10.08,,,1000018137,,3023310004,2019-12-04,2019-11-30,RKIU,,RYEPEZ,X,,,,,EM_FLO20190101Emisor Flota,00000,,,,,,,,1,
600,1711,2019,2019110120191130,0000028553,011,3023310004,S6500PRD,USD,0,0,0,0,-11.2,-11.2,-37.57,-11.2,-11.2,-11.2,-37.57,PEN,USD,,0,USD,-11.2,,,1000018137,,3023310004,2019-12-04,2019-11-30,RKIU,,RYEPEZ,X,,,,,EM_FLO20190101Emisor Flota,00000,,,,,,,,1,
600,1711,2019,2019110120191130,0000028554,011,3023310004,S6500PRD,USD,0,0,0,0,-11.61,-11.61,-38.96,-11.61,-11.61,-11.61,-38.96,PEN,USD,,0,USD,-11.61,,,1000018137,,3023310004,2019-12-04,2019-11-30,RKIU,,RYEPEZ,X,,,,,EM_FLO20190101Emisor Flota,00000,,,,,,,,1,
600,1711,2019,2019110120191130,0000028555,011,3023310004,S6500PRD,USD,0,0,0,0,-11.63,-11.63,-39.02,-11.63,-11.63,-11.63,-39.02,PEN,USD,,0,USD,-11.63,,,1000018137,,3023310004,2019-12-04,2019-11-30,RKIU,,RYEPEZ,X,,,,,EM_FLO20190101Emisor Flota,00000,,,,,,,,1,
600,1711,2019,2019110120191130,0000028556,011,3023310004,S6500PRD,USD,0,0,0,0,-10.73,-10.73,-35.99,-10.73,-10.73,-10.73,-35.99,PEN,USD,,0,USD,-10.73,,,1000018137,,3023310004,2019-12-04,2019-11-30,RKIU,,RYEPEZ,X,,,,,EM_FLO20190101Emisor Flota,00000,,,,,,,,1,
600,1711,2019,2019110120191130,0000028557,011,3023310004,S6500PRD,USD,0,0,0,0,-11.35,-11.35,-38.1,-11.35,-11.35,-11.35,-38.1,PEN,USD,,0,USD,-11.35,,,1000018137,,3023310004,2019-12-04,2019-11-30,RKIU,,RYEPEZ,X,,,,,EM_FLO20190101Emisor Flota,00000,,,,,,,,1,
600,1711,2019,2019110120191130,0000028558,011,3023310004,S6500PRD,USD,0,0,0,0,-11.83,-11.83,-39.68,-11.83,-11.83,-11.83,-39.68,PEN,USD,,0,USD,-11.83,,,1000018137,,3023310004,2019-12-04,2019-11-30,RKIU,,RYEPEZ,X,,,,,EM_FLO20190101Emisor Flota,00000,,,,,,,,1,
600,1711,2019,2019110120191130,0000028559,011,3023310004,S6500PRD,USD,0,0,0,0,-11.88,-11.88,-39.88,-11.88,-11.88,-11.88,-39.88,PEN,USD,,0,USD,-11.88,,,1000018137,,3023310004,2019-12-04,2019-11-30,RKIU,,RYEPEZ,X,,,,,EM_FLO20190101Emisor Flota,00000,,,,,,,,1,
600,1711,2019,2019110120191130,0000028560,011,3023310004,S6500PRD,USD,0,0,0,0,-14.34,-14.34,-48.12,-14.34,-14.34,-14.34,-48.12,PEN,USD,,0,USD,-14.34,,,1000018137,,3023310004,2019-12-04,2019-11-30,RKIU,,RYEPEZ,X,,,,,EM_FLO20190101Emisor Flota,00000,,,,,,,,1,
600,1711,2019,2019110120191130,0000028561,011,3023310004,S6500PRD,USD,0,0,0,0,-8.71,-8.71,-29.08,-8.71,-8.71,-8.71,-29.08,PEN,USD,,0,USD,-8.71,,,1000018137,,3023310004,2019-12-04,2019-11-30,RKIU,,RYEPEZ,X,,,,,EM_FLO20190101Emisor Flota,00000,,,,,,,,1,
600,1711,2019,2019110120191130,0000028562,011,3023310004,S6800PRD,USD,0,0,0,0,-1.15,-1.15,-3.31,-1.15,-1.15,-1.15,-3.31,PEN,USD,,0,USD,-1.15,,,1000018137,,3023310004,2019-12-04,2019-11-30,RKIU,,RYEPEZ,X,,,,,EM_FLO20190101Emisor Flota,00000,,,,,,,,1,
600,1711,2019,2019110120191130,0000028563,011,3023310004,S6800PRD,USD,0,0,0,0,-1.28,-1.28,-3.7,-1.28,-1.28,-1.28,-3.7,PEN,USD,,0,USD,-1.28,,,1000018137,,3023310004,2019-12-04,2019-11-30,RKIU,,RYEPEZ,X,,,,,EM_FLO20190101Emisor Flota,00000,,,,,,,,1,
600,1711,2019,2019110120191130,0000028564,011,3023310004,S6800PRD,USD,0,0,0,0,-1.22,-1.22,-3.51,-1.22,-1.22,-1.22,-3.51,PEN,USD,,0,USD,-1.22,,,1000018137,,3023310004,2019-12-04,2019-11-30,RKIU,,RYEPEZ,X,,,,,EM_FLO20190101Emisor Flota,00000,,,,,,,,1,
600,1711,2019,2019110120191130,0000028565,011,3023310004,S6800PRD,USD,0,0,0,0,-2,-2,-5.78,-2,-2,-2,-5.78,PEN,USD,,0,USD,-2,,,1000018137,,3023310004,2019-12-04,2019-11-30,RKIU,,RYEPEZ,X,,,,,EM_FLO20190101Emisor Flota,00000,,,,,,,,1,
600,1711,2019,2019110120191130,0000028566,011,3023310004,S6800PRD,USD,0,0,0,0,-1.94,-1.94,-5.59,-1.94,-1.94,-1.94,-5.59,PEN,USD,,0,USD,-1.94,,,1000018137,,3023310004,2019-12-04,2019-11-30,RKIU,,RYEPEZ,X,,,,,EM_FLO20190101Emisor Flota,00000,,,,,,,,1,
600,1711,2019,2019110120191130,0000028567,011,3023310004,S6800PRD,USD,0,0,0,0,-2.07,-2.07,-5.97,-2.07,-2.07,-2.07,-5.97,PEN,USD,,0,USD,-2.07,,,1000018137,,3023310004,2019-12-04,2019-11-30,RKIU,,RYEPEZ,X,,,,,EM_FLO20190101Emisor Flota,00000,,,,,,,,1,
600,1711,2019,2019110120191130,0000028568,011,3023310004,S6800PRD,USD,0,0,0,0,-2.16,-2.16,-6.22,-2.16,-2.16,-2.16,-6.22,PEN,USD,,0,USD,-2.16,,,1000018137,,3023310004,2019-12-04,2019-11-30,RKIU,,RYEPEZ,X,,,,,EM_FLO20190101Emisor Flota,00000,,,,,,,,1,
600,1711,2019,2019110120191130,0000028569,011,3023310004,S6800PRD,USD,0,0,0,0,-1.13,-1.13,-3.27,-1.13,-1.13,-1.13,-3.27,PEN,USD,,0,USD,-1.13,,,1000018137,,3023310004,2019-12-04,2019-11-30,RKIU,,RYEPEZ,X,,,,,EM_FLO20190101Emisor Flota,00000,,,,,,,,1,
600,1711,2019,2019110120191130,0000028570,011,3023310004,S6800PRD,USD,0,0,0,0,-2.2,-2.2,-6.34,-2.2,-2.2,-2.2,-6.34,PEN,USD,,0,USD,-2.2,,,1000018137,,3023310004,2019-12-04,2019-11-30,RKIU,,RYEPEZ,X,,,,,EM_FLO20190101Emisor Flota,00000,,,,,,,,1,
600,1711,2019,2019110120191130,0000028571,011,3023310004,S6800PRD,USD,0,0,0,0,-2.41,-2.41,-6.95,-2.41,-2.41,-2.41,-6.95,PEN,USD,,0,USD,-2.41,,,1000018137,,3023310004,2019-12-04,2019-11-30,RKIU,,RYEPEZ,X,,,,,EM_FLO20190101Emisor Flota,00000,,,,,,,,1,
600,1711,2019,2019110120191130,0000028572,011,3023310004,S6800PRD,USD,0,0,0,0,-2.41,-2.41,-6.95,-2.41,-2.41,-2.41,-6.95,PEN,USD,,0,USD,-2.41,,,1000018137,,3023310004,2019-12-04,2019-11-30,RKIU,,RYEPEZ,X,,,,,EM_FLO20190101Emisor Flota,00000,,,,,,,,1,
600,1711,2019,2019110120191130,0000028573,011,3023310004,S6800PRD,USD,0,0,0,0,-2.54,-2.54,-7.32,-2.54,-2.54,-2.54,-7.32,PEN,USD,,0,USD,-2.54,,,1000018137,,3023310004,2019-12-04,2019-11-30,RKIU,,RYEPEZ,X,,,,,EM_FLO20190101Emisor Flota,00000,,,,,,,,1,
600,1711,2019,2019110120191130,0000028574,011,3023310004,S6800PRD,USD,0,0,0,0,-2.66,-2.66,-7.66,-2.66,-2.66,-2.66,-7.66,PEN,USD,,0,USD,-2.66,,,1000018137,,3023310004,2019-12-04,2019-11-30,RKIU,,RYEPEZ,X,,,,,EM_FLO20190101Emisor Flota,00000,,,,,,,,1,
600,1711,2019,2019110120191130,0000028575,011,3023310004,S6800PRD,USD,0,0,0,0,-2.62,-2.62,-7.56,-2.62,-2.62,-2.62,-7.56,PEN,USD,,0,USD,-2.62,,,1000018137,,3023310004,2019-12-04,2019-11-30,RKIU,,RYEPEZ,X,,,,,EM_FLO20190101Emisor Flota,00000,,,,,,,,1,
600,1711,2019,2019110120191130,0000028576,011,3023310004,S6800PRD,USD,0,0,0,0,-2.57,-2.57,-7.41,-2.57,-2.57,-2.57,-7.41,PEN,USD,,0,USD,-2.57,,,1000018137,,3023310004,2019-12-04,2019-11-30,RKIU,,RYEPEZ,X,,,,,EM_FLO20190101Emisor Flota,00000,,,,,,,,1,
600,1711,2019,2019110120191130,0000028577,011,3023310004,S6800PRD,USD,0,0,0,0,-2.68,-2.68,-7.73,-2.68,-2.68,-2.68,-7.73,PEN,USD,,0,USD,-2.68,,,1000018137,,3023310004,2019-12-04,2019-11-30,RKIU,,RYEPEZ,X,,,,,EM_FLO20190101Emisor Flota,00000,,,,,,,,1,
600,1711,2019,2019110120191130,0000028578,011,3023310004,S6800PRD,USD,0,0,0,0,-2.53,-2.53,-7.31,-2.53,-2.53,-2.53,-7.31,PEN,USD,,0,USD,-2.53,,,1000018137,,3023310004,2019-12-04,2019-11-30,RKIU,,RYEPEZ,X,,,,,EM_FLO20190101Emisor Flota,00000,,,,,,,,1,
600,1711,2019,2019110120191130,0000028579,011,3023310004,S6800PRD,USD,0,0,0,0,-2.42,-2.42,-6.97,-2.42,-2.42,-2.42,-6.97,PEN,USD,,0,USD,-2.42,,,1000018137,,3023310004,2019-12-04,2019-11-30,RKIU,,RYEPEZ,X,,,,,EM_FLO20190101Emisor Flota,00000,,,,,,,,1,
600,1711,2019,2019110120191130,0000028580,011,3023310004,S6800PRD,USD,0,0,0,0,-2.67,-2.67,-7.7,-2.67,-2.67,-2.67,-7.7,PEN,USD,,0,USD,-2.67,,,1000018137,,3023310004,2019-12-04,2019-11-30,RKIU,,RYEPEZ,X,,,,,EM_FLO20190101Emisor Flota,00000,,,,,,,,1,
600,1711,2019,2019110120191130,0000028581,011,3023310004,S6800PRD,USD,0,0,0,0,-3.56,-3.56,-10.26,-3.56,-3.56,-3.56,-10.26,PEN,USD,,0,USD,-3.56,,,1000018137,,3023310004,2019-12-04,2019-11-30,RKIU,,RYEPEZ,X,,,,,EM_FLO20190101Emisor Flota,00000,,,,,,,,1,
600,1711,2019,2019110120191130,0000028582,011,3023310004,S6800PRD,USD,0,0,0,0,-2.24,-2.24,-6.46,-2.24,-2.24,-2.24,-6.46,PEN,USD,,0,USD,-2.24,,,1000018137,,3023310004,2019-12-04,2019-11-30,RKIU,,RYEPEZ,X,,,,,EM_FLO20190101Emisor Flota,00000,,,,,,,,1,
600,1711,2019,2019110120191130,0000028583,011,3023310004,S6800PRD,USD,0,0,0,0,-2.43,-2.43,-7.02,-2.43,-2.43,-2.43,-7.02,PEN,USD,,0,USD,-2.43,,,1000018137,,3023310004,2019-12-04,2019-11-30,RKIU,,RYEPEZ,X,,,,,EM_FLO20190101Emisor Flota,00000,,,,,,,,1,
600,1711,2019,2019110120191130,0000028584,011,3023310004,S6800PRD,USD,0,0,0,0,-1.94,-1.94,-5.59,-1.94,-1.94,-1.94,-5.59,PEN,USD,,0,USD,-1.94,,,1000018137,,3023310004,2019-12-04,2019-11-30,RKIU,,RYEPEZ,X,,,,,EM_FLO20190101Emisor Flota,00000,,,,,,,,1,
600,1711,2019,2019110120191130,0000028585,011,3023310004,S6800PRD,USD,0,0,0,0,-1.94,-1.94,-5.59,-1.94,-1.94,-1.94,-5.59,PEN,USD,,0,USD,-1.94,,,1000018137,,3023310004,2019-12-04,2019-11-30,RKIU,,RYEPEZ,X,,,,,EM_FLO20190101Emisor Flota,00000,,,,,,,,1,
600,1711,2019,2019110120191130,0000028586,011,3023310004,S6800PRD,USD,0,0,0,0,-1.73,-1.73,-5,-1.73,-1.73,-1.73,-5,PEN,USD,,0,USD,-1.73,,,1000018137,,3023310004,2019-12-04,2019-11-30,RKIU,,RYEPEZ,X,,,,,EM_FLO20190101Emisor Flota,00000,,,,,,,,1,
600,1711,2019,2019110120191130,0000028587,011,3023310004,S6800PRD,USD,0,0,0,0,-1.94,-1.94,-5.59,-1.94,-1.94,-1.94,-5.59,PEN,USD,,0,USD,-1.94,,,1000018137,,3023310004,2019-12-04,2019-11-30,RKIU,,RYEPEZ,X,,,,,EM_FLO20190101Emisor Flota,00000,,,,,,,,1,
600,1711,2019,2019110120191130,0000028588,011,3023310004,S6800PRD,USD,0,0,0,0,-2.02,-2.02,-5.81,-2.02,-2.02,-2.02,-5.81,PEN,USD,,0,USD,-2.02,,,1000018137,,3023310004,2019-12-04,2019-11-30,RKIU,,RYEPEZ,X,,,,,EM_FLO20190101Emisor Flota,00000,,,,,,,,1,
600,1711,2019,2019110120191130,0000028589,011,3023310004,S6800PRD,USD,0,0,0,0,-1.94,-1.94,-5.59,-1.94,-1.94,-1.94,-5.59,PEN,USD,,0,USD,-1.94,,,1000018137,,3023310004,2019-12-04,2019-11-30,RKIU,,RYEPEZ,X,,,,,EM_FLO20190101Emisor Flota,00000,,,,,,,,1,
600,1711,2019,2019110120191130,0000028590,011,3023310004,S6800PRD,USD,0,0,0,0,-1.94,-1.94,-5.59,-1.94,-1.94,-1.94,-5.59,PEN,USD,,0,USD,-1.94,,,1000018137,,3023310004,2019-12-04,2019-11-30,RKIU,,RYEPEZ,X,,,,,EM_FLO20190101Emisor Flota,00000,,,,,,,,1,
600,1711,2019,2019110120191130,0000028591,011,3023310004,S6800PRD,USD,0,0,0,0,-1.93,-1.93,-5.58,-1.93,-1.93,-1.93,-5.58,PEN,USD,,0,USD,-1.93,,,1000018137,,3023310004,2019-12-04,2019-11-30,RKIU,,RYEPEZ,X,,,,,EM_FLO20190101Emisor Flota,00000,,,,,,,,1,
600,1711,2019,2019110120191130,0000028592,011,3023310004,S6800PRD,USD,0,0,0,0,-2.41,-2.41,-6.95,-2.41,-2.41,-2.41,-6.95,PEN,USD,,0,USD,-2.41,,,1000018137,,3023310004,2019-12-04,2019-11-30,RKIU,,RYEPEZ,X,,,,,EM_FLO20190101Emisor Flota,00000,,,,,,,,1,
600,1711,2019,2019110120191130,0000028593,011,3023310004,S6800PRD,USD,0,0,0,0,-2.4,-2.4,-6.92,-2.4,-2.4,-2.4,-6.92,PEN,USD,,0,USD,-2.4,,,1000018137,,3023310004,2019-12-04,2019-11-30,RKIU,,RYEPEZ,X,,,,,EM_FLO20190101Emisor Flota,00000,,,,,,,,1,
600,1711,2019,2019110120191130,0000028594,011,3023310004,S6800PRD,USD,0,0,0,0,-1.94,-1.94,-5.59,-1.94,-1.94,-1.94,-5.59,PEN,USD,,0,USD,-1.94,,,1000018137,,3023310004,2019-12-04,2019-11-30,RKIU,,RYEPEZ,X,,,,,EM_FLO20190101Emisor Flota,00000,,,,,,,,1,
600,1711,2019,2019110120191130,0000028595,011,3023310004,S6800PRD,USD,0,0,0,0,-2.43,-2.43,-7,-2.43,-2.43,-2.43,-7,PEN,USD,,0,USD,-2.43,,,1000018137,,3023310004,2019-12-04,2019-11-30,RKIU,,RYEPEZ,X,,,,,EM_FLO20190101Emisor Flota,00000,,,,,,,,1,
600,1711,2019,2019110120191130,0000028596,011,3023310004,S6800PRD,USD,0,0,0,0,-2.94,-2.94,-8.48,-2.94,-2.94,-2.94,-8.48,PEN,USD,,0,USD,-2.94,,,1000018137,,3023310004,2019-12-04,2019-11-30,RKIU,,RYEPEZ,X,,,,,EM_FLO20190101Emisor Flota,00000,,,,,,,,1,