MANDT,KOKRS,GJAHR,ID,CORREL,PERIO,BUDAT,KSTAR,MATNR,ZZASKTX,MBGBTR,MEINB,WRGBTR,WOGBTR,BLTXT,AUFNR,ZZLIFNR,REFBN,BELNR,STFLG,USNAM,VRGNG,BLDAT,CPUDT,WSDAT,RWAER,OWAER,KWAER,TWAER,AWREF_REV,WKGBTR,WKVBTR,WRVBTR,WOVBTR,WTVBTR,WTGBTR,VERSN,BUKRS,BLART,OBART
600,1711,2020,2020010120201231,0000000001,001,20200102,0065970101,,,0,,2.31,7.63,Gastos por San Pedrito -,000000900204,,0035000000,A001JEY700,,VCANTARA,COIN,20190625,20200102,20190625,USD,PEN,USD,PEN,0035000001,2.31,2.31,2.31,7.63,7.63,7.63,000,TA10,01,OR
600,1711,2020,2020010120201231,0000000002,001,20200102,0065970101,,,0,,-2.31,-7.63,ACCREV,000000900204,,0035000001,A001JEY800,X,VCANTARA,COIN,20190625,20200102,20190625,USD,PEN,USD,PEN,0035000000,-2.31,-2.31,-2.31,-7.63,-7.63,-7.63,000,TA10,01,OR
600,1711,2020,2020010120201231,0000000003,001,20200102,0061330115,000000000032004725,,1,ST,12.31,41.15,MARCO SILVA TORRES,000000900274,,4900000327,A001JFPV00,,FTRUJILLO,COIN,20200102,20200102,20200102,USD,PEN,USD,PEN,,12.31,12.31,12.31,41.15,41.15,41.15,000,TA10,WA,OR
600,1711,2020,2020010120201231,0000000004,001,20200102,0061330115,000000000031010771,,1,BOT,11.5,38.66,25842344 Hegusquiza Hecto,000000900275,,4900000717,A001JIQT00,,AVELASQUE,COIN,20200102,20200102,20200102,USD,PEN,USD,PEN,,11.5,11.5,11.5,38.66,38.66,38.66,000,TA10,WA,OR
600,1711,2020,2020010120201231,0000000005,001,20200102,0065940101,,,0,LE,-0.31,0,SUMINISTRO COMBUSTIBLE F0,000000900088,,5105672937,A001JIR000,,SPRADO,COIN,20191218,20200102,20191218,USD,PEN,USD,PEN,,-0.31,-0.31,-0.31,0,0,0,000,TA10,01,OR
600,1711,2020,2020010120201231,0000000006,001,20200102,0065940101,,,0,LE,-0.25,0,SUMINISTRO COMBUSTIBLE F0,000000900090,,5105672937,A001JIR000,,SPRADO,COIN,20191218,20200102,20191218,USD,PEN,USD,PEN,,-0.25,-0.25,-0.25,0,0,0,000,TA10,01,OR
600,1711,2020,2020010120201231,0000000007,001,20200102,0065940101,,,0,LE,-0.36,0,SUMINISTRO COMBUSTIBLE F0,000000900113,,5105672937,A001JIR000,,SPRADO,COIN,20191218,20200102,20191218,USD,PEN,USD,PEN,,-0.36,-0.36,-0.36,0,0,0,000,TA10,01,OR
600,1711,2020,2020010120201231,0000000008,001,20200102,0065940101,,,0,LE,-0.29,0,SUMINISTRO COMBUSTIBLE F0,000000900124,,5105672937,A001JIR000,,SPRADO,COIN,20191218,20200102,20191218,USD,PEN,USD,PEN,,-0.29,-0.29,-0.29,0,0,0,000,TA10,01,OR
600,1711,2020,2020010120201231,0000000009,001,20200102,0065940101,,,0,LE,-0.9,0,SUMINISTRO COMBUSTIBLE F0,000000900143,,5105672937,A001JIR000,,SPRADO,COIN,20191218,20200102,20191218,USD,PEN,USD,PEN,,-0.9,-0.9,-0.9,0,0,0,000,TA10,01,OR
600,1711,2020,2020010120201231,0000000010,001,20200102,0065940101,,,0,LE,-0.4,0,SUMINISTRO COMBUSTIBLE F0,000000900114,,5105672937,A001JIR000,,SPRADO,COIN,20191218,20200102,20191218,USD,PEN,USD,PEN,,-0.4,-0.4,-0.4,0,0,0,000,TA10,01,OR
600,1711,2020,2020010120201231,0000000011,001,20200102,0065940101,,,0,LE,-1.09,0,SUMINISTRO COMBUSTIBLE F0,000000900116,,5105672937,A001JIR000,,SPRADO,COIN,20191218,20200102,20191218,USD,PEN,USD,PEN,,-1.09,-1.09,-1.09,0,0,0,000,TA10,01,OR
600,1711,2020,2020010120201231,0000000012,001,20200102,0065940101,,,0,LE,-1.01,0,SUMINISTRO COMBUSTIBLE F0,000000900115,,5105672937,A001JIR000,,SPRADO,COIN,20191218,20200102,20191218,USD,PEN,USD,PEN,,-1.01,-1.01,-1.01,0,0,0,000,TA10,01,OR
600,1711,2020,2020010120201231,0000000013,001,20200102,0065940101,,,0,LE,-0.39,0,SUMINISTRO COMBUSTIBLE F0,000000900133,,5105672937,A001JIR000,,SPRADO,COIN,20191218,20200102,20191218,USD,PEN,USD,PEN,,-0.39,-0.39,-0.39,0,0,0,000,TA10,01,OR
600,1711,2020,2020010120201231,0000000014,001,20200102,0065940101,,,0,LE,-0.23,0,SUMINISTRO COMBUSTIBLE F0,000000900121,,5105672937,A001JIR000,,SPRADO,COIN,20191218,20200102,20191218,USD,PEN,USD,PEN,,-0.23,-0.23,-0.23,0,0,0,000,TA10,01,OR
600,1711,2020,2020010120201231,0000000015,001,20200102,0065940101,,,0,LE,-0.64,0,SUMINISTRO COMBUSTIBLE F0,000000900153,,5105672937,A001JIR000,,SPRADO,COIN,20191218,20200102,20191218,USD,PEN,USD,PEN,,-0.64,-0.64,-0.64,0,0,0,000,TA10,01,OR
600,1711,2020,2020010120201231,0000000016,001,20200102,0065940101,,,0,LE,-0.32,0,SUMINISTRO COMBUSTIBLE F0,000000900117,,5105672937,A001JIR000,,SPRADO,COIN,20191218,20200102,20191218,USD,PEN,USD,PEN,,-0.32,-0.32,-0.32,0,0,0,000,TA10,01,OR
600,1711,2020,2020010120201231,0000000017,001,20200102,0065940101,,,0,LE,-1.24,0,SUMINISTRO COMBUSTIBLE F0,000000900131,,5105672937,A001JIR000,,SPRADO,COIN,20191218,20200102,20191218,USD,PEN,USD,PEN,,-1.24,-1.24,-1.24,0,0,0,000,TA10,01,OR
600,1711,2020,2020010120201231,0000000018,001,20200102,0065940101,,,0,LE,-1.89,0,SUMINISTRO COMBUSTIBLE F0,000000900137,,5105672937,A001JIR000,,SPRADO,COIN,20191218,20200102,20191218,USD,PEN,USD,PEN,,-1.89,-1.89,-1.89,0,0,0,000,TA10,01,OR
600,1711,2020,2020010120201231,0000000019,001,20200102,0065940101,,,0,LE,-1.55,0,SUMINISTRO COMBUSTIBLE F0,000000900135,,5105672937,A001JIR000,,SPRADO,COIN,20191218,20200102,20191218,USD,PEN,USD,PEN,,-1.55,-1.55,-1.55,0,0,0,000,TA10,01,OR
600,1711,2020,2020010120201231,0000000020,001,20200102,0065940101,,,0,LE,-0.42,0,SUMINISTRO COMBUSTIBLE F0,000000900109,,5105672937,A001JIR000,,SPRADO,COIN,20191218,20200102,20191218,USD,PEN,USD,PEN,,-0.42,-0.42,-0.42,0,0,0,000,TA10,01,OR
600,1711,2020,2020010120201231,0000000021,001,20200102,0065940101,,,0,LE,-0.37,0,SUMINISTRO COMBUSTIBLE F0,000000900098,,5105672937,A001JIR000,,SPRADO,COIN,20191218,20200102,20191218,USD,PEN,USD,PEN,,-0.37,-0.37,-0.37,0,0,0,000,TA10,01,OR
600,1711,2020,2020010120201231,0000000022,001,20200102,0065940101,,,0,LE,-0.48,0,SUMINISTRO COMBUSTIBLE F0,000000900097,,5105672937,A001JIR000,,SPRADO,COIN,20191218,20200102,20191218,USD,PEN,USD,PEN,,-0.48,-0.48,-0.48,0,0,0,000,TA10,01,OR
600,1711,2020,2020010120201231,0000000023,001,20200102,0065940101,,,0,LE,-0.62,0,SUMINISTRO COMBUSTIBLE F0,000000900099,,5105672937,A001JIR000,,SPRADO,COIN,20191218,20200102,20191218,USD,PEN,USD,PEN,,-0.62,-0.62,-0.62,0,0,0,000,TA10,01,OR
600,1711,2020,2020010120201231,0000000024,001,20200102,0065940101,,,0,LE,-0.86,0,SUMINISTRO COMBUSTIBLE F0,000000900111,,5105672937,A001JIR000,,SPRADO,COIN,20191218,20200102,20191218,USD,PEN,USD,PEN,,-0.86,-0.86,-0.86,0,0,0,000,TA10,01,OR
600,1711,2020,2020010120201231,0000000025,001,20200102,0065940101,,,0,LE,-0.22,0,SUMINISTRO COMBUSTIBLE F0,000000900093,,5105672937,A001JIR000,,SPRADO,COIN,20191218,20200102,20191218,USD,PEN,USD,PEN,,-0.22,-0.22,-0.22,0,0,0,000,TA10,01,OR
600,1711,2020,2020010120201231,0000000026,001,20200102,0065940101,,,0,LE,-1.18,0,SUMINISTRO COMBUSTIBLE F0,000000900138,,5105672937,A001JIR000,,SPRADO,COIN,20191218,20200102,20191218,USD,PEN,USD,PEN,,-1.18,-1.18,-1.18,0,0,0,000,TA10,01,OR
600,1711,2020,2020010120201231,0000000027,001,20200102,0065940101,,,0,LE,-0.53,0,SUMINISTRO COMBUSTIBLE F0,000000900149,,5105672937,A001JIR000,,SPRADO,COIN,20191218,20200102,20191218,USD,PEN,USD,PEN,,-0.53,-0.53,-0.53,0,0,0,000,TA10,01,OR
600,1711,2020,2020010120201231,0000000028,001,20200102,0065940101,,,0,LE,-1,0,SUMINISTRO COMBUSTIBLE F0,000000900148,,5105672937,A001JIR000,,SPRADO,COIN,20191218,20200102,20191218,USD,PEN,USD,PEN,,-1,-1,-1,0,0,0,000,TA10,01,OR
600,1711,2020,2020010120201231,0000000029,001,20200102,0065940101,,,0,LE,-0.72,0,SUMINISTRO COMBUSTIBLE F0,000000900139,,5105672937,A001JIR000,,SPRADO,COIN,20191218,20200102,20191218,USD,PEN,USD,PEN,,-0.72,-0.72,-0.72,0,0,0,000,TA10,01,OR
600,1711,2020,2020010120201231,0000000030,001,20200102,0065940101,,,0,LE,-0.45,0,SUMINISTRO COMBUSTIBLE F0,000000900134,,5105672937,A001JIR000,,SPRADO,COIN,20191218,20200102,20191218,USD,PEN,USD,PEN,,-0.45,-0.45,-0.45,0,0,0,000,TA10,01,OR
600,1711,2020,2020010120201231,0000000031,001,20200102,0065940101,,,0,LE,-0.35,0,SUMINISTRO COMBUSTIBLE F0,000000900084,,5105672937,A001JIR000,,SPRADO,COIN,20191218,20200102,20191218,USD,PEN,USD,PEN,,-0.35,-0.35,-0.35,0,0,0,000,TA10,01,OR
600,1711,2020,2020010120201231,0000000032,001,20200102,0065940101,,,0,LE,-0.65,0,SUMINISTRO COMBUSTIBLE F0,000000900129,,5105672937,A001JIR000,,SPRADO,COIN,20191218,20200102,20191218,USD,PEN,USD,PEN,,-0.65,-0.65,-0.65,0,0,0,000,TA10,01,OR
600,1711,2020,2020010120201231,0000000033,001,20200102,0065940101,,,0,UA,-0.21,0,SUMINISTRO COMBUSTIBLE F4,000000900105,,5105672939,A001JIRO00,,SPRADO,COIN,20191217,20200102,20191217,USD,PEN,USD,PEN,,-0.21,-0.21,-0.21,0,0,0,000,TA10,01,OR
600,1711,2020,2020010120201231,0000000034,001,20200102,0065940101,,,0,UA,-0.3,0,SUMINISTRO COMBUSTIBLE F4,000000900082,,5105672939,A001JIRO00,,SPRADO,COIN,20191217,20200102,20191217,USD,PEN,USD,PEN,,-0.3,-0.3,-0.3,0,0,0,000,TA10,01,OR
600,1711,2020,2020010120201231,0000000035,001,20200102,0065940101,,,0,UA,-0.77,0,SUMINISTRO COMBUSTIBLE F4,000000900100,,5105672939,A001JIRO00,,SPRADO,COIN,20191217,20200102,20191217,USD,PEN,USD,PEN,,-0.77,-0.77,-0.77,0,0,0,000,TA10,01,OR
600,1711,2020,2020010120201231,0000000036,001,20200102,0065940101,,,0,UA,-0.27,0,SUMINISTRO COMBUSTIBLE F4,000000900119,,5105672939,A001JIRO00,,SPRADO,COIN,20191217,20200102,20191217,USD,PEN,USD,PEN,,-0.27,-0.27,-0.27,0,0,0,000,TA10,01,OR
600,1711,2020,2020010120201231,0000000037,001,20200102,0065940101,,,0,UA,-0.61,0,SUMINISTRO COMBUSTIBLE F4,000000900123,,5105672939,A001JIRO00,,SPRADO,COIN,20191217,20200102,20191217,USD,PEN,USD,PEN,,-0.61,-0.61,-0.61,0,0,0,000,TA10,01,OR
600,1711,2020,2020010120201231,0000000038,001,20200102,0065940101,,,0,UA,-1.08,0,SUMINISTRO COMBUSTIBLE F4,000000900091,,5105672939,A001JIRO00,,SPRADO,COIN,20191217,20200102,20191217,USD,PEN,USD,PEN,,-1.08,-1.08,-1.08,0,0,0,000,TA10,01,OR
600,1711,2020,2020010120201231,0000000039,001,20200102,0065940101,,,0,UA,-0.18,0,SUMINISTRO COMBUSTIBLE F4,000000900146,,5105672939,A001JIRO00,,SPRADO,COIN,20191217,20200102,20191217,USD,PEN,USD,PEN,,-0.18,-0.18,-0.18,0,0,0,000,TA10,01,OR
600,1711,2020,2020010120201231,0000000040,001,20200102,0065940101,,,0,UA,-0.43,0,SUMINISTRO COMBUSTIBLE F4,000000900113,,5105672939,A001JIRO00,,SPRADO,COIN,20191217,20200102,20191217,USD,PEN,USD,PEN,,-0.43,-0.43,-0.43,0,0,0,000,TA10,01,OR
600,1711,2020,2020010120201231,0000000041,001,20200102,0065940101,,,0,UA,-0.26,0,SUMINISTRO COMBUSTIBLE F4,000000900125,,5105672939,A001JIRO00,,SPRADO,COIN,20191217,20200102,20191217,USD,PEN,USD,PEN,,-0.26,-0.26,-0.26,0,0,0,000,TA10,01,OR
600,1711,2020,2020010120201231,0000000042,001,20200102,0065940101,,,0,UA,-0.37,0,SUMINISTRO COMBUSTIBLE F4,000000900124,,5105672939,A001JIRO00,,SPRADO,COIN,20191217,20200102,20191217,USD,PEN,USD,PEN,,-0.37,-0.37,-0.37,0,0,0,000,TA10,01,OR
600,1711,2020,2020010120201231,0000000043,001,20200102,0065940101,,,0,UA,-0.2,0,SUMINISTRO COMBUSTIBLE F4,000000900143,,5105672939,A001JIRO00,,SPRADO,COIN,20191217,20200102,20191217,USD,PEN,USD,PEN,,-0.2,-0.2,-0.2,0,0,0,000,TA10,01,OR
600,1711,2020,2020010120201231,0000000044,001,20200102,0065940101,,,0,UA,-0.27,0,SUMINISTRO COMBUSTIBLE F4,000000900126,,5105672939,A001JIRO00,,SPRADO,COIN,20191217,20200102,20191217,USD,PEN,USD,PEN,,-0.27,-0.27,-0.27,0,0,0,000,TA10,01,OR
600,1711,2020,2020010120201231,0000000045,001,20200102,0065940101,,,0,UA,-0.28,0,SUMINISTRO COMBUSTIBLE F4,000000900114,,5105672939,A001JIRO00,,SPRADO,COIN,20191217,20200102,20191217,USD,PEN,USD,PEN,,-0.28,-0.28,-0.28,0,0,0,000,TA10,01,OR
600,1711,2020,2020010120201231,0000000046,001,20200102,0065940101,,,0,UA,-0.25,0,SUMINISTRO COMBUSTIBLE F4,000000900122,,5105672939,A001JIRO00,,SPRADO,COIN,20191217,20200102,20191217,USD,PEN,USD,PEN,,-0.25,-0.25,-0.25,0,0,0,000,TA10,01,OR
600,1711,2020,2020010120201231,0000000047,001,20200102,0065940101,,,0,UA,-0.32,0,SUMINISTRO COMBUSTIBLE F4,000000900439,,5105672939,A001JIRO00,,SPRADO,COIN,20191217,20200102,20191217,USD,PEN,USD,PEN,,-0.32,-0.32,-0.32,0,0,0,000,TA10,01,OR
600,1711,2020,2020010120201231,0000000048,001,20200102,0065940101,,,0,UA,-1.05,0,SUMINISTRO COMBUSTIBLE F4,000000900120,,5105672939,A001JIRO00,,SPRADO,COIN,20191217,20200102,20191217,USD,PEN,USD,PEN,,-1.05,-1.05,-1.05,0,0,0,000,TA10,01,OR
600,1711,2020,2020010120201231,0000000049,001,20200102,0065940101,,,0,UA,-0.29,0,SUMINISTRO COMBUSTIBLE F4,000000900154,,5105672939,A001JIRO00,,SPRADO,COIN,20191217,20200102,20191217,USD,PEN,USD,PEN,,-0.29,-0.29,-0.29,0,0,0,000,TA10,01,OR
600,1711,2020,2020010120201231,0000000050,001,20200102,0065940101,,,0,UA,-0.45,0,SUMINISTRO COMBUSTIBLE F4,000000900107,,5105672939,A001JIRO00,,SPRADO,COIN,20191217,20200102,20191217,USD,PEN,USD,PEN,,-0.45,-0.45,-0.45,0,0,0,000,TA10,01,OR