MANDT,BANFN,BNFPO,COND_PRIO,COND_LAST,KEY_WEEK,PRG_WEEK,PLAN_DAT,AREA_ASG,ASG_DAT,PROG_DAT,PSTYP_TX,PSTYP,KNTTP,ERNAM_TX,PRIONAM_TX,RANG_DAT,SCORE_DAT,BADAT,FRGKZ,FECHA_LIBERACION,DIAS_LIBERACION,LFDAT,PRIO_URGTX,ZZPRIO_URGTX,FRGDT,DIFF_DAT1,ZZEMBAR,MATKL,MATKL_TX,ZZSISTEMA,SCORE_SIS,BSART_TX,ASGAREA_TX,SCORE_TOT,ABC_PRIO,ZZTMANT,SCORE_TMAN,ZZTMANT_TX,ZZCAT_TX,SCORE_CAT,ZZCOMPLEJIDAD,SCORE_COM,ZZRIESGO,SCORE_RIE,DISGR,DISGR_TX,MATNR,TXZ01,OMENG,MEINS,PREI2,VPREIS,VPREI2,SCORE_VAL,WERKS,WERKS_TX,LGORT,LGORT_TX,MFRPN,MFRNR,FABRICANTE,CATEG_PR,RI_WERKS,RI_LIFNR,RI_LNAME,RI_DATLB,RI_EBELN,RI_EBELP,RI_PEINH,RI_NETPR,RI_WAERS,RI_NETP2,RI_APLFZ,K_TFLAG,K_KONNR,K_KTPNR,K_LIFNR,K_LNAME,K_EKGRP,LIFNR,LIFNR_TX,FLIEF,FLIEF_TX,TIMTRA,PLIFZ,LEADTM,WEBAZ,RSNUM,RSPOS,XWAOK,RS_RELDAYS,ZAFNAM,ERNAM,AFNAM,AFNAM_TX,SCORE_AFN,BEDNR,AREA,UO,DEPART,ZZORDTR,ZZDSIST,ZZDESEM,ZZMETRI,ZZMEINS,F_AEDAT,F_EBELN,F_EBELP,F_PARTN,F_ERNAM,F_REJEC,F_STREL,ST_DET,ST_FIN,DIF_PRG,DIAS_ATEN,FECHA_ASING_COMP,CATEGORIA_ASIGN,FECHA_ASIGN_CATE,CC_CATEG,CC_FMLA,CC_SUBFMLA,USUARIO_SOLIC
600,0020159638,00010,PRIORIZADO,NUEVO,20251215,20251215,20251220,COMPRAS,Lunes,20251215,SERVICIO,F,F,RPA Tipo4 B,RPA Tipo4 B,Vencido,3,20250617,3,20251217,-183,20250611,01-Normal,,20250611,-187,P055,204,Serv. Mant. Motores,TF0555-03-MOTOR PRINCIPAL Y CAJA,0,NO PLANIFICADO,COMPRAS,1.5,C,EM,1,Correctivo Emergencia,T04-Regularización / Sin Coordinación Log.,5,,0,,0,,,,cañeria de combustible de la unidad 3 ro,1,UA,1611.02,5822.23,1611.02,0,TPSU,PISCO SUR,,,,,,,,,,00000000,,00000,0,0,,0,0,Sin Contrato,,00000,,,,2010002869,FERREYROS SOCIEDAD ANÓNIMA,,,3,0,3,0,0000000000,0000,,0,PSANCHEZ,TASA_MAXIMO,TMF1,MANTTO CCCM_PESCA,0,PESCA,MANTENIMIENTO,PESCA,,706775,MOTOR PRINCIPAL Y CAJA,MOTOR DIESEL 250 HP 1800 RPM,0,,00000000,,00000,,,,,PENDIENTE,PENDIENTE,0,-189,00000000,OPERACIONES DE COMPRAS,00000000,MANTENIMIENTO,SERVICIOS DE MANTENIMIENTO,MANTO DE MOTORES Y CAJAS,PSANCHEZ
600,0020159918,00010,PRIORIZADO,NUEVO,20251215,20251215,20251220,COMPRAS,Lunes,20251215,SERVICIO,F,F,Comp.DHinostroza,Comp.DHinostroza,Vencido,3,20250619,3,20251217,-181,20250619,01-Normal,,20250619,-179,T420,206,Serv. Equipos Hidráu,TF01420-0610-Sistema de Bombeo Hidráulico,0,NO PLANIFICADO,COMPRAS,1.5,C,MCP,2,Correctivo Programado,T04-Regularización / Sin Coordinación Log.,5,,0,,0,,,,T420 SH Tomafuerza IT SPN 318 reparacion,1,UA,2524.97,9100,2524.97,0,TSUP,SUPE,,,,,,,,,,00000000,,00000,0,0,,0,0,Sin Contrato,,00000,,,,2056299793,BAMEC E.I.R.L.,,,3,0,3,0,0000000000,0000,,0,APRICE,TASA_MAXIMO,TMF1,MANTTO CCCM_PESCA,0,PESCA,MANTENIMIENTO,PESCA,ADMIN.CENTRAL CALLAO,708994,Sistema de Bombeo Hidráulico,Tomafuerza,0,,00000000,,00000,,,,,PENDIENTE,PENDIENTE,0,-181,00000000,OPERACIONES DE COMPRAS,00000000,MANTENIMIENTO,SERVICIOS DE MANTENIMIENTO,MANTO DE EQUIPOS HIDRÁULICOS,APRICE
600,0020160496,00010,PRIORIZADO,NUEVO,20251215,20251215,20251220,COMPRAS,Lunes,20251215,SERVICIO,F,F,RPA Tipo4 B,RPA Tipo4 B,Vencido,3,20250625,3,20251217,-175,20250605,01-Normal,,20250605,-193,T425,204,Serv. Mant. Motores,TF01425-0301-Motor Principal,0,NO PLANIFICADO,COMPRAS,2.75,B,MCP,2,Correctivo Programado,T04-Regularización / Sin Coordinación Log.,5,,0,,0,,,,motor principal consumo de aceite -cambi,1,UA,5021.78,17982.99,5021.78,5,TPSU,PISCO SUR,,,,,,,,,,00000000,,00000,0,0,,0,0,Sin Contrato,,00000,,,,2010002869,FERREYROS SOCIEDAD ANÓNIMA,,,3,0,3,0,0000000000,0000,,0,PSANCHEZ,TASA_MAXIMO,TMF1,MANTTO CCCM_PESCA,0,PESCA,MANTENIMIENTO,PESCA,,704465,Motor Principal,,0,,00000000,,00000,,,,,PENDIENTE,PENDIENTE,0,-195,00000000,OPERACIONES DE COMPRAS,00000000,MANTENIMIENTO,SERVICIOS DE MANTENIMIENTO,MANTO DE MOTORES Y CAJAS,PSANCHEZ
600,0020161960,00010,PRIORIZADO,NUEVO,20251215,20251215,20251220,COMPRAS,Lunes,20251215,SERVICIO,F,F,Comp.DHinostroza,Comp.DHinostroza,Vencido,3,20250711,3,20251217,-159,20250616,01-Normal,,20250616,-182,T043,206,Serv. Equipos Hidráu,TF0143-0611-Controles y Líneas Hidráulicas,0,NO PLANIFICADO,COMPRAS,1.5,C,MCP,2,Correctivo Programado,T04-Regularización / Sin Coordinación Log.,5,,0,,0,,,,"valvula pilotaje doble , tiene pase de a",1,UA,2576.47,9164.5,2576.47,0,TPSU,PISCO SUR,,,,,,,,,,00000000,,00000,0,0,,0,0,Sin Contrato,,00000,,,,2060456781,GUIAL SOLUTIONS E.I.R.L.,,,3,0,3,0,0000000000,0000,,0,DSERAFIN,TASA_MAXIMO,TMF1,MANTTO CCCM_PESCA,0,PESCA,MANTENIMIENTO,PESCA,,707869,Controles y Líneas Hidráulicas,Consola de Pilotaje,0,,00000000,,00000,,,,,PENDIENTE,PENDIENTE,0,-184,00000000,OPERACIONES DE COMPRAS,00000000,MANTENIMIENTO,SERVICIOS DE MANTENIMIENTO,MANTO DE EQUIPOS HIDRÁULICOS,DSERAFIN
600,1038812122,00020,PRIORIZADO,NUEVO,20251215,20251215,20251220,COMPRAS,Lunes,20251215,BIEN,,,RPA Tipo4 B,RPA Tipo4 B,Vencido,3,20251204,3,20251204,0,20251215,02-Urgencia,,20251215,0,T038,RPG-MEC17,MOTORES DE EXPLOSIÓN,10380302-Caja Reductora,0,NO PLANIFICADO,COMPRAS,1.05,C,SIN,9,Siniestro,EST-Compra Estándar,1,,0,,0,UIN,Uso Inmediato,000000000033062818,DISCO EMBRAGUE INT.K022 2021501,1,ST,118.36,398.86,118.36,3,TCNO,TASA CALLAO NORTE,L001,Alm. Materiales,,,,,TCNO,2061339796,REINTJES PERU S.A.C.,20251204,5010246500,00020,1,107.8,USD,107.8,0,Sin Contrato,,00000,,,,,,,,3,0,3,0,0039039470,0002,X,0,NCOLLAZOS,ASOTO,TMF1,MANTTO CCCM_PESCA,0,PESCA,MANTENIMIENTO,PESCA,ADMIN.CENTRAL CALLAO,744459,Caja Reductora,CAJA REDUCTORA RATIO 3.955:1,0,,20251204,5010246500,00020,REINTJES PERU S.A.C.,MCORRALES,ón - 04.12.2025 20:40:42,8,PENDIENTE,PENDIENTE,0,11,00000000,MANTENIMIENTO,00000000,MANTENIMIENTO,REPUESTOS OEM,REPUESTOS DE MOTORES DE COMBUS,NCOLLAZOS
600,0030017312,00040,PRIORIZADO,NUEVO,20251215,20251215,20251220,COMPRAS,Lunes,20251215,SERVICIO,F,N,,,Vencido,3,20251212,3,20251215,-3,20251212,00-,,20251212,-3,,007,Activos Fijos,,0,NO PLANIFICADO,COMPRAS,1.05,C,,0,,T01-Estándar / Coordinado con Logística,1,,0,,0,,,,T56 SA Conexionado de motor compresor ai,1,ST,267.06,900,267.06,3,T056,TASA 56,,,,,,,,,,00000000,,00000,0,0,,0,0,Sin Contrato,,00000,,,,2060650981,MULTISERVICIOS Y FABRICACIONES GENE ORION S.A.C.,2060650981,MULTISERVICIOS Y FABRICACIONES GENERALESORION S.A.C.,3,0,3,0,0000000000,0000,,0,,FSUAREZ,T106,PROYECTOS_GERENCIA DE MANTENIMIENTO_PESC,0,PROYECTOS,,,,,,,0,,00000000,,00000,,,,,PENDIENTE,PENDIENTE,0,-3,00000000,MANTENIMIENTO,00000000,MANTENIMIENTO,SERVICIOS DE MANTENIMIENTO,MANTENIMIENTO ELÉCTRICO,FSUAREZ
600,0030019554,00080,PRIORIZADO,NUEVO,20251215,20251215,20251220,COMPRAS,Lunes,20251215,SERVICIO,F,N,Comp.RMiranda,Comp.RMiranda,Más de 20 días,1,20251205,3,20251211,-6,20260126,00-,,20260501,137,,234,Serv. Mant. Maquinar,,0,NO PLANIFICADO,COMPRAS,0.3,C,,0,,EST-Compra Estándar,1,,0,,0,,,,TCNO Mantto Bastidor SepSol#4 Alfa 934,1,ST,2500,8407.5,2500,0,TCNO,TASA CALLAO NORTE,,,,,,,,,,00000000,,00000,0,0,,0,0,Sin Contrato,,00000,,,,0000038907,TECNOLOGIAS DE SEPARACION SAC,0000038907,TECNOLOGIAS DE SEPARACION SAC,3,0,3,0,0000000000,0000,,0,,LUSANCHEZ,T101,PROYECTOS_GERENCIA DE MANTENIMIENTO_PLAN,0,MANTTO,PROYECTOS,PLANTA,,,,,0,,00000000,,00000,,,,,PENDIENTE,PENDIENTE,0,46,00000000,MANTENIMIENTO,00000000,MANTENIMIENTO,SERVICIOS DE MANTENIMIENTO,MANTO DE EQUIPOS MECÁNICOS,LUSANCHEZ
600,0020174130,00010,PRIORIZADO,NUEVO,20251215,20251215,20251220,COMPRAS,Lunes,20251215,SERVICIO,F,F,Comp.DHinostroza,Comp.DHinostroza,Vencido,3,20251208,3,20251209,-1,20251201,01-Normal,,20251201,-14,T056,206,Serv. Equipos Hidráu,TF0156-11-REDES,0,NO PLANIFICADO,COMPRAS,2.25,B,MP,3,Preventivo,T04-Regularización / Sin Coordinación Log.,5,,0,,0,,,,T56 Cambio de rodillo de red de proa del,1,UA,770,2594.13,770,3,TCNO,TASA CALLAO NORTE,,,,,,,,,,00000000,,00000,0,0,,0,0,Sin Contrato,,00000,,,,2045723011,REFRINS SERVICE S.R.L.,,,3,0,3,0,0000000000,0000,,0,MGOMEZ,TASA_MAXIMO,TMF3,MANTTO CAPIT_PESCA,0,PESCA,MANTENIMIENTO,PESCA,CENTRAL PESCA,752351,REDES,,0,,00000000,,00000,,,,,PENDIENTE,PENDIENTE,0,-8,00000000,OPERACIONES DE COMPRAS,00000000,MANTENIMIENTO,SERVICIOS DE MANTENIMIENTO,MANTO DE EQUIPOS HIDRÁULICOS,MGOMEZ
600,0020174166,00010,PRIORIZADO,NUEVO,20251215,20251215,20251220,COMPRAS,Lunes,20251215,SERVICIO,F,F,Comp.RMiranda,Comp.RMiranda,Del 14vo día al 20vo día,2,20251209,3,20251209,0,20260109,01-Normal,,20260109,25,T052,234,Serv. Mant. Maquinar,TF0152-0606-Sistema de Izaje de Red,0,NO PLANIFICADO,COMPRAS,1.05,C,MP,3,Preventivo,T01-Estándar / Coordinado con Logística,1,,0,,0,,,,PM T052 SH 175C CARRETE LOCO IT,1,UA,742.06,2500,742.06,3,TCHI,CHIMBOTE,,,,,,,,,,00000000,,00000,0,0,,0,0,Sin Contrato,,00000,,,,2048433898,BRYC S.A.C.,,,3,0,3,0,0000000000,0000,,0,MTAPIA,TASA_MAXIMO,TMF2,MANTTO IPRT_PESCA,0,PESCA,MANTENIMIENTO,PESCA,ADMIN.CENTRAL CALLAO,753266,Sistema de Izaje de Red,Carrete Loco,0,,00000000,,00000,,,,,PENDIENTE,PENDIENTE,0,31,00000000,MANTENIMIENTO,00000000,,,,MTAPIA
600,0030019606,00060,PRIORIZADO,NUEVO,20251215,20251215,20251220,COMPRAS,Lunes,20251215,SERVICIO,F,N,,,Más de 20 días,1,20251217,3,20251218,-1,20260126,00-,,20260126,42,,237,Serv. Fabric. Instal,,0,NO PLANIFICADO,COMPRAS,1.55,C,,0,,EST-Compra Estándar,1,,0,,0,,,,T52 MA1 OVERHAUL MOTOR AUXILIAR CAT C18,1,ST,75000,253050,75000,5,T052,TASA 52,,,,,,,,,,00000000,,00000,0,0,,0,0,Sin Contrato,,00000,,,,,,,,3,0,3,0,0000000000,0000,,0,,RORODRIGUEZ,T106,PROYECTOS_GERENCIA DE MANTENIMIENTO_PESC,0,MANTTO,,,ADMIN.CENTRAL CALLAO,,,,0,,00000000,,00000,,,,,PENDIENTE,PENDIENTE,0,39,00000000,"CALIDAD, SSOMA Y PROYECTOS",00000000,MANTENIMIENTO,SERVICIOS DE MANTENIMIENTO,MANTO DE MOTORES Y CAJAS,RORODRIGUEZ
600,0070233576,00010,PRIORIZADO,NUEVO,20251215,20251215,20251220,COMPRAS,Lunes,20251215,BIEN,,,RPA Tipo4 B,RPA Tipo4 B,Del 7mo día al 13vo día,3,20251208,3,20251209,-1,20260102,01-Normal,,20251210,-5,,RPG-MEC17,MOTORES DE EXPLOSIÓN,,0,PLANIFICADO,COMPRAS,0.75,B,,0,,-,0,,0,,0,ART,Alta Rotación,000000000033044716,O-RING VITON 1-1818-03-A3,6,ST,7.43,150.24,44.58,3,TCNO,TASA CALLAO NORTE,L001,Alm. Materiales,1-1818-03-A3,,,,TCNO,0000029809,Everllence Peru S.A.C.,20241224,5010197776,00020,1,6.45,USD,6.45,0,Sin Contrato,,00000,,,,,,,,3,23,26,0,0000000000,0000,,0,,T621,T621,PLANIF_T621,0,,REPOSICION ALMACEN,ALMACEN,,,,,0,,00000000,,00000,,,,,PENDIENTE,PENDIENTE,0,24,00000000,MANTENIMIENTO,00000000,MATERIALES DE OPERACIÓN,REPUESTOS GENERALES,REPUESTOS DE MOTORES,T621
600,0020174242,00010,PRIORIZADO,NUEVO,20251215,20251215,20251220,COMPRAS,Lunes,20251215,SERVICIO,F,F,Comp.RMiranda,Comp.RMiranda,Más de 20 días,1,20251210,3,20251210,0,20260110,01-Normal,,20260109,25,T057,234,Serv. Mant. Maquinar,TF01057-0606-Sistema de Izaje de Red,0,NO PLANIFICADO,COMPRAS,1.55,C,MP,3,Preventivo,T01-Estándar / Coordinado con Logística,1,,0,,0,,,,PM T057 SH 1050C ORDENADOR DE RED IT 48,1,UA,23033.54,77600,23033.54,5,TCHI,CHIMBOTE,,,,,,,,,,00000000,,00000,0,0,,0,0,Sin Contrato,,00000,,,,2060338925,HYDRAULIC SUPPLY COMPANY S.A.C.,,,3,0,3,0,0000000000,0000,,0,MTAPIA,TASA_MAXIMO,TMF2,MANTTO IPRT_PESCA,0,PESCA,MANTENIMIENTO,PESCA,ADMIN.CENTRAL CALLAO,753275,Sistema de Izaje de Red,Ordenador de Red IT-NS48,0,,00000000,,00000,,,,,PENDIENTE,PENDIENTE,0,31,00000000,MANTENIMIENTO,00000000,,,,MTAPIA
600,0020174337,00010,PRIORIZADO,NUEVO,20251215,20251215,20251220,COMPRAS,Lunes,20251215,SERVICIO,F,F,Comp.RMiranda,Comp.RMiranda,Vencido,3,20251210,3,20251215,-5,20251115,01-Normal,,20251114,-31,SFE4,234,Serv. Mant. Maquinar,SFE404-04-Bomba de Baldeo Chata FERROLES IV LN,0,NO PLANIFICADO,COMPRAS,2.25,B,MCP,2,Correctivo Programado,T04-Regularización / Sin Coordinación Log.,5,,0,,0,,,,MAQUINADO DE POLEA PARA NUEVA BOMBA DE B,1,UA,640.72,2158.6,640.72,3,TCHI,CHIMBOTE,,,,,,,,,,00000000,,00000,0,0,,0,0,Sin Contrato,,00000,,,,0000040104,SOLUCIONES DE MANTENIMIENTO E INGEN S.A.C.,,,3,0,3,0,0000000000,0000,,0,GROBLES,TASA_MAXIMO,TMB4,MANTTO CORREC _CHI_TCHI,0,PLANTA,MANTENIMIENTO,PLANTA,,755399,Bomba de Baldeo Chata FERROLES IV LN,BOMBA CENTRIFUGA DE AGUA D6 LADO NORTE,0,,00000000,,00000,,,,,PENDIENTE,PENDIENTE,0,-30,00000000,OPERACIONES DE COMPRAS,00000000,MANTENIMIENTO,SERVICIOS DE MANTENIMIENTO,MANTO DE EQUIPOS MECÁNICOS,GROBLES
600,0020174241,00010,PRIORIZADO,NUEVO,20251215,20251215,20251220,COMPRAS,Lunes,20251215,SERVICIO,F,F,Comp.RMiranda,Comp.RMiranda,Más de 20 días,1,20251210,3,20251210,0,20260110,01-Normal,,20260109,25,T057,234,Serv. Mant. Maquinar,TF01057-0606-Sistema de Izaje de Red,0,NO PLANIFICADO,COMPRAS,1.55,C,MP,3,Preventivo,T01-Estándar / Coordinado con Logística,1,,0,,0,,,,PM T057 SH 1050C HALLADOR DE RED IT 56,1,UA,17275.16,58200,17275.16,5,TCHI,CHIMBOTE,,,,,,,,,,00000000,,00000,0,0,,0,0,Sin Contrato,,00000,,,,2060338925,HYDRAULIC SUPPLY COMPANY S.A.C.,,,3,0,3,0,0000000000,0000,,0,MTAPIA,TASA_MAXIMO,TMF2,MANTTO IPRT_PESCA,0,PESCA,MANTENIMIENTO,PESCA,ADMIN.CENTRAL CALLAO,753273,Sistema de Izaje de Red,Halador de Red IT-NW56,0,,00000000,,00000,,,,,PENDIENTE,PENDIENTE,0,31,00000000,MANTENIMIENTO,00000000,,,,MTAPIA
600,0020175363,00010,PRIORIZADO,NUEVO,20251215,20251215,20251220,COMPRAS,Lunes,20251215,SERVICIO,F,F,Comp.DHinostroza,Comp.DHinostroza,Vencido,3,20251217,3,20251219,-2,20251211,01-Normal,,20251211,-4,T053,206,Serv. Equipos Hidráu,TF0153-0612-Sistema de Bombeo Auxiliar,0,NO PLANIFICADO,COMPRAS,2.25,B,EM,1,Correctivo Emergencia,T04-Regularización / Sin Coordinación Log.,5,,0,,0,,,,T053 SH Montaje de bomba triple RSW.-251,1,UA,525,1771.35,525,3,TMSU,MALABRIGO SUR,,,,,,,,,,00000000,,00000,0,0,,0,0,Sin Contrato,,00000,,,,2060543789,HYDRAULICA TECNICA MARINA S.A.C.,,,3,0,3,0,0000000000,0000,,0,JEREYNA,TASA_MAXIMO,TMF1,MANTTO CCCM_PESCA,0,PESCA,MANTENIMIENTO,PESCA,,758019,Sistema de Bombeo Auxiliar,Sistema de Bombeo Auxiliar,0,,00000000,,00000,,,,,PENDIENTE,PENDIENTE,0,-8,00000000,OPERACIONES DE COMPRAS,00000000,MANTENIMIENTO,SERVICIOS DE MANTENIMIENTO,MANTO DE EQUIPOS HIDRÁULICOS,JEREYNA
600,0020175416,00010,PRIORIZADO,NUEVO,20251215,20251215,20251220,COMPRAS,Lunes,20251215,SERVICIO,F,F,Comp.DHinostroza,Comp.DHinostroza,Vencido,3,20251217,3,20251219,-2,20251214,01-Normal,,20251212,-3,T218,206,Serv. Equipos Hidráu,TF01218-0701-07-Achique de Sala de máquinas (NO USAR),0,NO PLANIFICADO,COMPRAS,2.25,B,MCP,2,Correctivo Programado,T04-Regularización / Sin Coordinación Log.,5,,0,,0,,,,T218 Cambio válvula sist. achique,1,UA,121.52,410,121.52,3,TPSU,PISCO SUR,,,,,,,,,,00000000,,00000,0,0,,0,0,Sin Contrato,,00000,,,,2056299793,BAMEC E.I.R.L.,,,3,0,3,0,0000000000,0000,,0,VIHUAMAN,TASA_MAXIMO,TMF1,MANTTO CCCM_PESCA,0,PESCA,MANTENIMIENTO,PESCA,,756486,Achique de Sala de máquinas (NO USAR),,0,,00000000,,00000,,,,,PENDIENTE,PENDIENTE,0,-5,00000000,OPERACIONES DE COMPRAS,00000000,MANTENIMIENTO,SERVICIOS DE MANTENIMIENTO,MANTO DE EQUIPOS HIDRÁULICOS,VIHUAMAN
600,0020175227,00020,PRIORIZADO,NUEVO,20251215,20251215,20251220,COMPRAS,Lunes,20251215,SERVICIO,F,F,Comp.RMiranda,Comp.RMiranda,Más de 20 días,1,20251216,3,20251217,-1,20260208,01-Normal,,20260206,53,TMAT,234,Serv. Mant. Maquinar,TMAT0103-Recup. Trat. Agua de Bombeo,0,NO PLANIFICADO,COMPRAS,1.05,C,MP,3,Preventivo,T01-Estándar / Coordinado con Logística,1,,0,,0,,,,Calibrac.Inst.Analític Phmetro (6M),1,UA,662.94,2237.42,662.94,3,TMAT,MATARANI,,,,,,,,,,00000000,,00000,0,0,,0,0,Sin Contrato,,00000,,,,,,,,3,0,3,0,0000000000,0000,,0,FGARAY,TASA_MAXIMO,TMR1,MANTTO PLANIF_CHI_TMAT,0,PLANTA,MANTENIMIENTO,PLANTA,,757979,Recup. Trat. Agua de Bombeo,,0,,00000000,,00000,,,,,PENDIENTE,PENDIENTE,0,53,00000000,MANTENIMIENTO,00000000,,,,FGARAY
600,0020175441,00020,PRIORIZADO,NUEVO,20251215,20251215,20251220,COMPRAS,Lunes,20251215,SERVICIO,F,F,Comp.RMiranda,Comp.RMiranda,Vencido,3,20251217,3,20251219,-2,20251213,01-Normal,,20251212,-3,T427,234,Serv. Mant. Maquinar,TF01427-0707-Sistema de Aire Comprimido,0,NO PLANIFICADO,COMPRAS,2.25,B,MCP,2,Correctivo Programado,T04-Regularización / Sin Coordinación Log.,5,,0,,0,,,,T427 SA Suministro de acoplamiento de mo,1,UA,236.58,798.22,236.58,3,TCHI,CHIMBOTE,,,,,,,,,,00000000,,00000,0,0,,0,0,Sin Contrato,,00000,,,,2050356248,FACTORIA SANTA ISOLINA SOCIEDAD ANO CERRADA FACTORIA SANTA ISOLINA S.A.,,,3,0,3,0,0000000000,0000,,0,JEREYNA,TASA_MAXIMO,TMF1,MANTTO CCCM_PESCA,0,PESCA,MANTENIMIENTO,PESCA,,756258,Sistema de Aire Comprimido,,0,,00000000,,00000,,,,,PENDIENTE,PENDIENTE,0,-6,00000000,OPERACIONES DE COMPRAS,00000000,MANTENIMIENTO,SERVICIOS DE MANTENIMIENTO,MECANIZADO,JEREYNA
600,1038813543,00040,PRIORIZADO,NUEVO,20251215,20251215,20251220,PLANIFICACIÓN,Lunes,20251215,BIEN,,,,,Vencido,3,20251208,3,20251210,-2,20251207,03-Emergencia,,20251128,-17,TCHI,AUX-FER06,"PERNO, TUERC Y ARAND",1050605-Transp. Alimentador a Distrib. de Rotadi,0,NO PLANIFICADO,PLANIFICACIÓN,0,B,MCP,2,Correctivo Programado,REG-Regularización,0,,0,,0,UIN,Uso Inmediato,000000000031013522,"PRISIONERO ALLEN FEN.3/8""X1""",4,ST,0.13,1.76,0.52,0,TCHI,CHIMBOTE,L001,Alm. Materiales,,,,,TSAM,2052320186,INTERMETALS R & D S.A.C.,20250109,5060072222,00040,1,0.45,PEN,0.12,0,Con Contrato,5000000937,04020,2052320186,INTERMETALS R & D S.A.C.,T78,,,,,3,10,13,0,0039042368,0002,X,0,MLEZAMA,JADANAQUE,TMB4,MANTTO CORREC _CHI_TCHI,0,PLANTA,MANTENIMIENTO,PLANTA,,754466,Transp. Alimentador a Distrib. de Rotadi,,0,,00000000,,00000,,,,,PENDIENTE,PENDIENTE,0,-3,00000000,OPERACIONES DE COMPRAS,00000000,MATERIALES DE OPERACIÓN,FERRETERÍA,ELEMENTOS DE SUJECIÓN,MLEZAMA
600,0020174081,00010,PRIORIZADO,NUEVO,20251215,20251215,20251220,COMPRAS,Lunes,20251215,SERVICIO,F,F,Comp.DHinostroza,Comp.DHinostroza,Vencido,3,20251206,3,20251218,-12,20251206,01-Normal,,20251206,-9,T022,206,Serv. Equipos Hidráu,TF0122-0601-Winche Principal,0,NO PLANIFICADO,COMPRAS,2.25,B,MCP,2,Correctivo Programado,T04-Regularización / Sin Coordinación Log.,5,,0,,0,,,,perforar eje para punto de lubricación e,1,UA,644.11,2170,644.11,3,TCHI,CHIMBOTE,,,,,,,,,,00000000,,00000,0,0,,0,0,Sin Contrato,,00000,,,,0000012578,FMREM S.R.L.,,,3,0,3,0,0000000000,0000,,0,DDELGADO,TASA_MAXIMO,TMF1,MANTTO CCCM_PESCA,0,PESCA,MANTENIMIENTO,PESCA,ADMIN.CENTRAL CALLAO,754539,Winche Principal,Winche de Combinación IT-15,0,,00000000,,00000,,,,,PENDIENTE,PENDIENTE,0,-12,00000000,OPERACIONES DE COMPRAS,00000000,MANTENIMIENTO,SERVICIOS DE MANTENIMIENTO,MANTO DE EQUIPOS HIDRÁULICOS,DDELGADO
600,0020174169,00010,PRIORIZADO,NUEVO,20251215,20251215,20251220,COMPRAS,Lunes,20251215,SERVICIO,F,F,Comp.MMendoza,Comp.MMendoza,Vencido,3,20251209,3,20251218,-9,20251202,01-Normal,,20251202,-13,T510,211,Serv. Eléctricos,TF01510-0404-02-Tableros de Distribución de 220VAC,0,NO PLANIFICADO,COMPRAS,2.25,B,MCP,2,Correctivo Programado,T04-Regularización / Sin Coordinación Log.,5,,0,,0,,,,bajo aislamiento en tomacorriebte y term,1,UA,949.84,3200,949.84,3,TCNO,TASA CALLAO NORTE,,,,,,,,,,00000000,,00000,0,0,,0,0,Sin Contrato,,00000,,,,2054799624,CORPORACION VICTORIANO GARCIA COLLA S.A.C.,,,3,0,3,0,0000000000,0000,,0,FJAIMES,TASA_MAXIMO,TMF1,MANTTO CCCM_PESCA,0,PESCA,MANTENIMIENTO,PESCA,,752582,Tableros de Distribución de 220VAC,,0,,00000000,,00000,,,,,PENDIENTE,PENDIENTE,0,-16,00000000,OPERACIONES DE COMPRAS,00000000,,,,FJAIMES
600,1038813543,00050,PRIORIZADO,NUEVO,20251215,20251215,20251220,PLANIFICACIÓN,Lunes,20251215,BIEN,,,,,Vencido,3,20251208,3,20251210,-2,20251207,03-Emergencia,,20251128,-17,TCHI,AUX-FER06,"PERNO, TUERC Y ARAND",1050605-Transp. Alimentador a Distrib. de Rotadi,0,NO PLANIFICADO,PLANIFICACIÓN,0,A,MCP,2,Correctivo Programado,REG-Regularización,0,,0,,0,UIN,Uso Inmediato,000000000031014697,"TUERCA G8 3/4""",4,ST,0.18,2.44,0.72,0,TCHI,CHIMBOTE,L001,Alm. Materiales,,,,,TCHI,2060338925,HYDRAULIC SUPPLY COMPANY S.A.C.,20200521,5010019521,00070,1,0.9,PEN,0.26,0,Con Contrato,5000000937,04300,2052320186,INTERMETALS R & D S.A.C.,T78,,,,,3,10,13,0,0039042368,0004,X,0,MLEZAMA,JADANAQUE,TMB4,MANTTO CORREC _CHI_TCHI,0,PLANTA,MANTENIMIENTO,PLANTA,,754466,Transp. Alimentador a Distrib. de Rotadi,,0,,00000000,,00000,,,,,PENDIENTE,PENDIENTE,0,-3,00000000,OPERACIONES DE COMPRAS,00000000,MATERIALES DE OPERACIÓN,FERRETERÍA,ELEMENTOS DE SUJECIÓN,MLEZAMA
600,1038812793,00010,PRIORIZADO,NUEVO,20251215,20251215,20251220,COMPRAS,Lunes,20251215,BIEN,,,RPA Tipo4 B,RPA Tipo4 B,Del 2dor dia al 6to dia,5,20251205,3,20251210,-5,20251225,02-Urgencia,,20251205,-10,,DIV-HAB02,ARTICULOS LIMPIEZA,0,0,NO PLANIFICADO,COMPRAS,1.05,A,,0,,EST-Compra Estándar,1,,0,,0,UIN,Uso Inmediato,000000000032005435,DESINFECTANTE ORG.DESF FOG,3,GLL,44.12,445.11,132.36,3,TCNO,TASA CALLAO NORTE,L001,Alm. Materiales,,,,,TPSU,2051502051,S Y B INGENIEROS S.A.C.,20210623,5010063965,00020,1,40,USD,40,0,Sin Contrato,,00000,,,,,,,,3,23,26,0,0039040839,0002,X,0,,JDELACRUZ,T050,OPBAHIA_PESCA,0,,BAHIA,PESCA,PLANTA CALLAO NORTE,,,,0,,00000000,,00000,,,,,PENDIENTE,PENDIENTE,0,15,00000000,"LOGÍSTICA, ADMINISTRACIÓN Y PESCA",00000000,ADMINISTRATIVOS,MATERIALES ADMINISTRATIVOS,MATERIALES DE LIMPIEZA,JDELACRUZ
600,0020173577,00010,PRIORIZADO,NUEVO,20251215,20251215,20251220,COMPRAS,Lunes,20251215,SERVICIO,F,F,Libre C.Senior,Libre C.Senior,Vencido,3,20251202,3,20251203,-1,20251201,01-Normal,,20251201,-14,T428,215,Serv. Metalmecánica,TF01428-0708-01-Tuberias/Manifold y valvulas Agua salada,0,NO PLANIFICADO,COMPRAS,2.25,B,COND,0,,T04-Regularización / Sin Coordinación Log.,5,,0,,0,,,,T428 SA Cambio de linea de agua salada s,1,UA,1109.27,3746,1109.27,3,TCNO,TASA CALLAO NORTE,,,,,,,,,,00000000,,00000,0,0,,0,0,Sin Contrato,,00000,,,,2061067449,SERVICIOS GENERALES HERMANOS MEJIA E.I.R.L.,,,3,0,3,0,0000000000,0000,,0,FSUAREZ,TASA_MAXIMO,TMF2,MANTTO IPRT_PESCA,0,PESCA,MANTENIMIENTO,PESCA,,752246,Tuberias/Manifold y valvulas Agua salada,Líneas y Válvulas Agua Salada,0,,00000000,,00000,,,,,PENDIENTE,PENDIENTE,0,-2,00000000,OPERACIONES DE COMPRAS,00000000,MANTENIMIENTO,SERVICIOS DE MANTENIMIENTO,MANTENIMIENTO DE CALDEROS,FSUAREZ
600,1038812706,00010,PRIORIZADO,NUEVO,20251215,20251215,20251220,COMPRAS,Lunes,20251215,BIEN,,,Comp.DHinostroza,Comp.DHinostroza,Del 2dor dia al 6to dia,5,20251205,3,20251210,-5,20251225,02-Urgencia,,20251205,-10,TCNO,RPG-MEC13,ACOPLES Y CRUCETAS,1100102-BOMBA DE RECIRCULACION DE EFECTO #1,0,NO PLANIFICADO,COMPRAS,2.25,A,MCP,2,Correctivo Programado,T04-Regularización / Sin Coordinación Log.,5,,0,,0,UIN,Uso Inmediato,000000000033043822,ACOPL. RAPTOR E-10 DODGE,1,ST,220.17,740.44,220.17,3,TCNO,TASA CALLAO NORTE,L001,Alm. Materiales,,,,,TPSU,2051018257,FEQUSA INGS S.A.C.,20191120,5010005642,00010,1,219,PEN,64.77,0,Sin Contrato,,00000,,,,,,,,3,23,26,0,0039040806,0001,X,0,MCARHUAS,JDELACRUZ,TMP4,MANTTO CORREC _CHI_TCNO,0,PLANTA,MANTENIMIENTO,PLANTA,,753847,BOMBA DE RECIRCULACION DE EFECTO #1,"BOMBA CENTRIFUGA 5""X5"", _M3/HR",0,,00000000,,00000,,,,,PENDIENTE,PENDIENTE,0,15,00000000,OPERACIONES DE COMPRAS,00000000,,,,MCARHUAS
600,0020175335,00010,PRIORIZADO,NUEVO,20251215,20251215,20251220,COMPRAS,Lunes,20251215,SERVICIO,F,F,Comp.RMiranda,Comp.RMiranda,Más de 20 días,1,20251217,3,20251217,0,20260115,01-Normal,,20260115,31,T021,234,Serv. Mant. Maquinar,TF0121-0701-01-Tuberias/Manifold y valvulas,0,NO PLANIFICADO,COMPRAS,1.55,C,MP,3,Preventivo,T01-Estándar / Coordinado con Logística,1,,0,,0,,,,T21 SA_3A Mtto Tuberias/Valv. Sist.Aux.,1,UA,10526.67,35517,10526.67,5,TCHI,CHIMBOTE,,,,,,,,,,00000000,,00000,0,0,,0,0,Sin Contrato,,00000,,,,,,,,3,0,3,0,0000000000,0000,,0,FSUAREZ,TASA_MAXIMO,TMF2,MANTTO IPRT_PESCA,0,PESCA,MANTENIMIENTO,PESCA,,758297,Tuberias/Manifold y valvulas,Manifold de Recorrido de Válvulas,0,,00000000,,00000,,,,,PENDIENTE,PENDIENTE,0,29,00000000,MANTENIMIENTO,00000000,,,,FSUAREZ
600,0020173930,00010,PRIORIZADO,NUEVO,20251215,20251215,20251220,COMPRAS,Lunes,20251215,SERVICIO,F,F,Comp.DHinostroza,Comp.DHinostroza,Vencido,3,20251205,3,20251210,-5,20251212,01-Normal,,20251212,-3,T058,242,Serv. Asesoría y Con,TF01058-0101-Casco y Aditamentos,0,NO PLANIFICADO,COMPRAS,2.25,B,MPA,4,Preventivo Adicional,T04-Regularización / Sin Coordinación Log.,5,,0,,0,,,,T058-Toma de datos y plano del sistema d,1,UA,300,1008.9,300,3,TCHI,CHIMBOTE,,,,,,,,,,00000000,,00000,0,0,,0,0,Sin Contrato,,00000,,,,2056919554,DSSNP INGENIERIA S.A.C.,,,3,0,3,0,0000000000,0000,,0,EUCEDA,TASA_MAXIMO,TMF2,MANTTO IPRT_PESCA,0,PESCA,MANTENIMIENTO,PESCA,,754156,Casco y Aditamentos,,0,,00000000,,00000,,,,,PENDIENTE,PENDIENTE,0,2,00000000,OPERACIONES DE COMPRAS,00000000,PROYECTOS,PROYECTOS,INGENIERÍA Y OBRAS CIVILES,EUCEDA
600,0070216761,00010,PRIORIZADO,NUEVO,20251215,20251215,20251220,PLANIFICACIÓN,Lunes,20251215,BIEN,,,,,Vencido,3,20250601,3,20250602,-1,20250615,01-Normal,,20250613,-185,,DIV-SEG03,ROPA DE TRABAJO,,0,PLANIFICADO,PLANIFICACIÓN,0,A,,0,,-,0,,0,,0,INA,Inactivo,000000000032005055,ROPA AGUA CASAC.JEBE DOBL FAZ FLO T/L A:,50,ST,36.6,6647,1830,0,TCHI,CHIMBOTE,L001,Alm. Materiales,,,,,TCNO,2060492197,CLT IMPORTACIONES E.I.R.L.,20211020,5010073933,00050,1,36.5,USD,36.5,0,Con Contrato,5000001606,00080,0000041522,COINBISER S.R.L.,T79,,,0000041522,COINBISER S.R.L.,3,46,49,0,0000000000,0000,,0,,T621,T621,PLANIF_T621,0,,REPOSICION ALMACEN,ALMACEN,,,,,0,,00000000,,00000,,,,,PENDIENTE,PENDIENTE,0,13,00000000,"CALIDAD, SSOMA Y PROYECTOS",00000000,SSOMA,SEGURIDAD,UNIFORMES,T621
600,0020173929,00010,PRIORIZADO,NUEVO,20251215,20251215,20251220,COMPRAS,Lunes,20251215,SERVICIO,F,F,Comp.DHinostroza,Comp.DHinostroza,Vencido,3,20251205,3,20251210,-5,20251212,01-Normal,,20251212,-3,T057,242,Serv. Asesoría y Con,TF01057-0101-Casco y Aditamentos,0,NO PLANIFICADO,COMPRAS,2.25,B,MPA,4,Preventivo Adicional,T04-Regularización / Sin Coordinación Log.,5,,0,,0,,,,T057-Toma de datos e informe de áreas de,1,UA,700,2354.1,700,3,TCHI,CHIMBOTE,,,,,,,,,,00000000,,00000,0,0,,0,0,Sin Contrato,,00000,,,,2056919554,DSSNP INGENIERIA S.A.C.,,,3,0,3,0,0000000000,0000,,0,EUCEDA,TASA_MAXIMO,TMF2,MANTTO IPRT_PESCA,0,PESCA,MANTENIMIENTO,PESCA,,754149,Casco y Aditamentos,,0,,00000000,,00000,,,,,PENDIENTE,PENDIENTE,0,2,00000000,OPERACIONES DE COMPRAS,00000000,PROYECTOS,PROYECTOS,INGENIERÍA Y OBRAS CIVILES,EUCEDA
600,0020173928,00010,PRIORIZADO,NUEVO,20251215,20251215,20251220,COMPRAS,Lunes,20251215,SERVICIO,F,F,Comp.DHinostroza,Comp.DHinostroza,Vencido,3,20251205,3,20251210,-5,20251212,01-Normal,,20251212,-3,T057,242,Serv. Asesoría y Con,TF01057-0101-Casco y Aditamentos,0,NO PLANIFICADO,COMPRAS,2.25,B,MPA,4,Preventivo Adicional,T04-Regularización / Sin Coordinación Log.,5,,0,,0,,,,T057-Toma de datos y plano del sistema d,1,UA,300,1008.9,300,3,TCHI,CHIMBOTE,,,,,,,,,,00000000,,00000,0,0,,0,0,Sin Contrato,,00000,,,,2056919554,DSSNP INGENIERIA S.A.C.,,,3,0,3,0,0000000000,0000,,0,EUCEDA,TASA_MAXIMO,TMF2,MANTTO IPRT_PESCA,0,PESCA,MANTENIMIENTO,PESCA,,754147,Casco y Aditamentos,,0,,00000000,,00000,,,,,PENDIENTE,PENDIENTE,0,2,00000000,OPERACIONES DE COMPRAS,00000000,PROYECTOS,PROYECTOS,INGENIERÍA Y OBRAS CIVILES,EUCEDA
600,0020172683,00010,PRIORIZADO,NUEVO,20251215,20251215,20251220,COMPRAS,Lunes,20251215,SERVICIO,F,F,Comp.RMiranda,Comp.RMiranda,Vencido,3,20251129,3,20251215,-16,20251123,01-Normal,,20251121,-24,SFE4,234,Serv. Mant. Maquinar,SFE407-0206-Tubería de Petróleo Chata FERROLES IV,0,NO PLANIFICADO,COMPRAS,2.25,B,MCP,2,Correctivo Programado,T04-Regularización / Sin Coordinación Log.,5,,0,,0,,,,INOECCIÓN DE TUBERÍA DE PETROLEO CHATA F,1,UA,460.21,1550,460.21,3,TCHI,CHIMBOTE,,,,,,,,,,00000000,,00000,0,0,,0,0,Sin Contrato,,00000,,,,2038944282,NAUTILIUS SERVICE E.I.RL.,,,3,0,3,0,0000000000,0000,,0,GROBLES,TASA_MAXIMO,TMB4,MANTTO CORREC _CHI_TCHI,0,PLANTA,MANTENIMIENTO,PLANTA,,751571,Tubería de Petróleo Chata FERROLES IV,"TUBERIA DE PETROLEO Ø3.5""X1250MT, HDPE",0,,00000000,,00000,,,,,PENDIENTE,PENDIENTE,0,-22,00000000,OPERACIONES DE COMPRAS,00000000,MANTENIMIENTO,SERVICIOS DE MANTENIMIENTO,MANTO DE EP /SERV. D/ASTILLERO,GROBLES
600,1038812297,00020,PRIORIZADO,NUEVO,20251215,20251215,20251220,PLANIFICACIÓN,Lunes,20251215,BIEN,,,,,Del 7mo día al 13vo día,3,20251204,3,20251210,-6,20260102,01-Normal,,20260102,18,T052,RPG-MEC10,ACCESORIOS HIDRAULIC,1520610-Sistema de Bombeo Hidráulico,0,NO PLANIFICADO,PLANIFICACIÓN,1.05,A,MP,3,Preventivo,EST-Compra Estándar,1,,0,,0,UIN,Uso Inmediato,000000000033036745,RETEN 394974,4,ST,38.2,514.96,152.8,3,TCNO,TASA CALLAO NORTE,L001,Alm. Materiales,394974,3000004469,EATON FLUID POWER INDUSTRIAL AND MO,,TCNO,2056299793,BAMEC E.I.R.L.,20240624,5010174158,00070,1,162,PEN,42.56,0,Con Contrato,5000001127,00100,2010000653,MARCO PERUANA S A,T72,,,,,3,0,3,0,0039039929,0005,X,0,ACARDENAS,JDELACRUZ,TMF2,MANTTO IPRT_PESCA,0,PESCA,MANTENIMIENTO,PESCA,,753052,Sistema de Bombeo Hidráulico,Sistema de Bombeo Hidráulico,0,,00000000,,00000,,,,,PENDIENTE,PENDIENTE,0,23,00000000,MANTENIMIENTO,00000000,,,,ACARDENAS
600,0030019619,00010,PRIORIZADO,NUEVO,20251215,20251215,20251220,COMPRAS,Lunes,20251215,SERVICIO,F,N,,,Más de 20 días,1,20251216,3,20251218,-2,20260116,00-,,20260313,88,,237,Serv. Fabric. Instal,,0,NO PLANIFICADO,COMPRAS,1.55,C,,0,,EST-Compra Estándar,1,,0,,0,,,,T052 Overhaul winche principal,1,ST,55000,185625,55000,5,T052,TASA 52,,,,,,,,,,00000000,,00000,0,0,,0,0,Sin Contrato,,00000,,,,2048433898,BRYC S.A.C.,2048433898,BRYC S.A.C.,3,0,3,0,0000000000,0000,,0,,MTAPIA,T106,PROYECTOS_GERENCIA DE MANTENIMIENTO_PESC,0,,,,ADMIN.CENTRAL CALLAO,,,,0,,00000000,,00000,,,,,PENDIENTE,PENDIENTE,0,29,00000000,"CALIDAD, SSOMA Y PROYECTOS",00000000,,,,MTAPIA
600,0030019620,00010,PRIORIZADO,NUEVO,20251215,20251215,20251220,COMPRAS,Lunes,20251215,BIEN,,N,,,Más de 20 días,1,20251216,3,20251218,-2,20260126,00-,,20260126,42,,007,Activos Fijos,,0,NO PLANIFICADO,COMPRAS,1.55,Activo,,0,,EST-Compra Estándar,1,,0,,0,,,,MOTOR DIESEL 280 HP @ 2000 RPM,1,UA,28000,94500,28000,5,T414,TASA 414,,,,,,,,,,00000000,,00000,0,0,,0,0,Sin Contrato,,00000,,,,,,,,3,0,3,0,0000000000,0000,,0,,RORODRIGUEZ,T106,PROYECTOS_GERENCIA DE MANTENIMIENTO_PESC,0,PROYECTO,,,ADMIN.CENTRAL CALLAO,,,,0,,00000000,,00000,,,,,PENDIENTE,PENDIENTE,0,39,00000000,"CALIDAD, SSOMA Y PROYECTOS",00000000,,,,RORODRIGUEZ
600,0030019620,00020,PRIORIZADO,NUEVO,20251215,20251215,20251220,COMPRAS,Lunes,20251215,BIEN,,N,,,Más de 20 días,1,20251216,3,20251218,-2,20260126,00-,,20260126,42,,007,Activos Fijos,,0,NO PLANIFICADO,COMPRAS,1.55,Activo,,0,,EST-Compra Estándar,1,,0,,0,,,,CAJA REDUCTORA 4.50:1,1,UA,10000,33750,10000,5,T414,TASA 414,,,,,,,,,,00000000,,00000,0,0,,0,0,Sin Contrato,,00000,,,,,,,,3,0,3,0,0000000000,0000,,0,,RORODRIGUEZ,T106,PROYECTOS_GERENCIA DE MANTENIMIENTO_PESC,0,PROYECTO,,,ADMIN.CENTRAL CALLAO,,,,0,,00000000,,00000,,,,,PENDIENTE,PENDIENTE,0,39,00000000,"CALIDAD, SSOMA Y PROYECTOS",00000000,,,,RORODRIGUEZ
600,1039417528,00040,PRIORIZADO,NUEVO,20251215,20251215,20251220,COMPRAS,Lunes,20251215,BIEN,,,RPA Tipo4 B,RPA Tipo4 B,Del 7mo día al 13vo día,3,20251215,3,20251215,0,20251231,02-Urgencia,,20251215,0,T043,RPG-MEC17,MOTORES DE EXPLOSIÓN,14303-MOTOR PRINCIPAL Y CAJA,0,NO PLANIFICADO,COMPRAS,0.55,C,MON,7,Predictivo Monitoreo por,EST-Compra Estándar,1,,0,,0,BRT,Baja Rotación,000000000033039440,TUBE 1U-8757,1,ST,10.2,34.41,10.2,1,TCHI,CHIMBOTE,L001,Alm. Materiales,1U-8757,3000004260,CATERPILLAR INC.,,TVEG,2010002869,FERREYROS SOCIEDAD ANÓNIMA,20251123,5010243976,00010,1,10.02,USD,10.02,0,Sin Contrato,,00000,,,,,,,,3,23,26,0,0039056083,0002,X,0,CTAIPE,LRODRIGUEZT,TMF5,MANTTO IPRT_PESCA PRED,0,PESCA,,,,756567,MOTOR PRINCIPAL Y CAJA,,0,,00000000,,00000,,,,,PENDIENTE,PENDIENTE,0,16,00000000,MANTENIMIENTO,00000000,MANTENIMIENTO,REPUESTOS OEM,REP MOT D/COMB/GRP ELECTRÓGENO,CTAIPE
600,1039417528,00030,PRIORIZADO,NUEVO,20251215,20251215,20251220,COMPRAS,Lunes,20251215,BIEN,,,RPA Tipo4 B,RPA Tipo4 B,Del 7mo día al 13vo día,3,20251215,3,20251215,0,20251231,02-Urgencia,,20251215,0,T418,RPG-MEC17,MOTORES DE EXPLOSIÓN,141803-MOTOR PRINCIPAL Y CAJA,0,NO PLANIFICADO,COMPRAS,0.55,C,MON,7,Predictivo Monitoreo por,EST-Compra Estándar,1,,0,,0,BRT,Baja Rotación,000000000033039440,TUBE 1U-8757,1,ST,10.2,34.41,10.2,1,TCHI,CHIMBOTE,L001,Alm. Materiales,1U-8757,3000004260,CATERPILLAR INC.,,TVEG,2010002869,FERREYROS SOCIEDAD ANÓNIMA,20251123,5010243976,00010,1,10.02,USD,10.02,0,Sin Contrato,,00000,,,,,,,,3,23,26,0,0039056076,0002,X,0,CTAIPE,LRODRIGUEZT,TMF5,MANTTO IPRT_PESCA PRED,0,PESCA,,,,756551,MOTOR PRINCIPAL Y CAJA,,0,,00000000,,00000,,,,,PENDIENTE,PENDIENTE,0,16,00000000,MANTENIMIENTO,00000000,MANTENIMIENTO,REPUESTOS OEM,REP MOT D/COMB/GRP ELECTRÓGENO,CTAIPE
600,1038804011,00010,PRIORIZADO,NUEVO,20251215,20251215,20251220,COMPRAS,Lunes,20251215,BIEN,,,Comp.AMejia,Comp.AMejia,Vencido,3,20251202,3,20251203,-1,20251209,02-Urgencia,,20251205,-10,T061,RPG-MEC05,FILTROS,1610301-Motor Principal,0,NO PLANIFICADO,COMPRAS,1.05,C,MP,3,Preventivo,EST-Compra Estándar,1,,0,,0,BRT,Baja Rotación,000000000033059444,FUEL FILTER X51408300061,2,ST,283.09,1912,566.18,3,TCHI,CHIMBOTE,L001,Alm. Materiales,X51408300061,,,,TVEG,2060614249,DETROIT POWER SYSTEM PERU LIMITADA S.R.L.,20251124,5010244138,00010,1,286.07,USD,286.07,0,Sin Contrato,,00000,,,,,,,,3,0,3,0,0038895275,0004,X,0,HESPINOZA,LRODRIGUEZT,TMF2,MANTTO IPRT_PESCA,0,PESCA,MANTENIMIENTO,PESCA,,742108,Motor Principal,MOTOR DIESEL 1500 HP @ 1600 RPM,0,,00000000,,00000,,,,,PENDIENTE,PENDIENTE,0,6,00000000,MANTENIMIENTO,00000000,?,?,?,HESPINOZA
600,0030019446,00140,PRIORIZADO,NUEVO,20251215,20251215,20251220,COMPRAS,Lunes,20251215,SERVICIO,F,N,Libre C.Senior,Libre C.Senior,Vencido,3,20251127,3,20251217,-20,20251126,00-,,20251216,1,,215,Serv. Metalmecánica,,0,NO PLANIFICADO,COMPRAS,1.05,C,,0,,EST-Compra Estándar,1,,0,,0,,,,Mastielete de luces de navegación,1,ST,633.03,2133.93,633.03,3,TAST,ASTILLERO - CHIMBOTE,,,,,,,,,,00000000,,00000,0,0,,0,0,Sin Contrato,,00000,,,,2044566087,LARCAS S.R.L.,2044566087,LARCAS S.R.L.,3,0,3,0,0000000000,0000,,0,,JHUAMANP,T103,PROYECTOS_ASTILLERO,0,,PROYECTOS,ASTILLERO,,,,,0,,00000000,,00000,,,,,PENDIENTE,PENDIENTE,0,-21,00000000,MANTENIMIENTO,00000000,,,,JHUAMANP
600,0020173816,00010,PRIORIZADO,NUEVO,20251215,20251215,20251220,COMPRAS,Lunes,20251215,SERVICIO,F,F,Libre C.Senior,Libre C.Senior,Vencido,3,20251204,3,20251210,-6,20251204,01-Normal,,20251204,-11,T054,215,Serv. Metalmecánica,TF0154-0707-01-Compresores De Aire,0,NO PLANIFICADO,COMPRAS,2.25,B,MPA,4,Preventivo Adicional,T04-Regularización / Sin Coordinación Log.,5,,0,,0,,,,T054 SA Modificación de base de compreso,1,UA,949.55,3200,949.55,3,TCHI,CHIMBOTE,,,,,,,,,,00000000,,00000,0,0,,0,0,Sin Contrato,,00000,,,,,,,,3,0,3,0,0000000000,0000,,0,FSUAREZ,TASA_MAXIMO,TMF2,MANTTO IPRT_PESCA,0,PESCA,MANTENIMIENTO,PESCA,,753800,Compresores De Aire,Accesorios Tanque de Aire Compresor Supe,0,,00000000,,00000,,,,,PENDIENTE,PENDIENTE,0,-6,00000000,OPERACIONES DE COMPRAS,00000000,MANTENIMIENTO,SERVICIOS DE MANTENIMIENTO,MANTENIMIENTO DE CALDEROS,FSUAREZ
600,0020173812,00010,PRIORIZADO,NUEVO,20251215,20251215,20251220,COMPRAS,Lunes,20251215,SERVICIO,F,F,Comp.RMiranda,Comp.RMiranda,Del 14vo día al 20vo día,2,20251204,3,20251210,-6,20260105,01-Normal,,20260105,21,T022,234,Serv. Mant. Maquinar,TF0122-0608-Winche de Ancla,0,NO PLANIFICADO,COMPRAS,0.3,C,MP,3,Preventivo,T01-Estándar / Coordinado con Logística,1,,0,,0,,,,PM T022 SH 1050C WINCHE ANCLA SIMPLE,1,UA,4747.77,16000,4747.77,0,TCHI,CHIMBOTE,,,,,,,,,,00000000,,00000,0,0,,0,0,Sin Contrato,,00000,,,,2055243085,CORPORACION HIDRAULICA TECNICA S.A.,,,3,0,3,0,0000000000,0000,,0,MTAPIA,TASA_MAXIMO,TMF2,MANTTO IPRT_PESCA,0,PESCA,MANTENIMIENTO,PESCA,ADMIN.CENTRAL CALLAO,753229,Winche de Ancla,Winche de Ancla,0,,00000000,,00000,,,,,PENDIENTE,PENDIENTE,0,26,00000000,MANTENIMIENTO,00000000,,,,MTAPIA
600,1039417445,00150,PRIORIZADO,NUEVO,20251215,20251215,20251220,COMPRAS,Lunes,20251215,BIEN,,,RPA Tipo4 B,RPA Tipo4 B,Del 7mo día al 13vo día,3,20251215,3,20251215,0,20251231,02-Urgencia,,20251231,16,T052,RPG-MEC17,MOTORES DE EXPLOSIÓN,15203-MOTOR PRINCIPAL Y CAJA,0,NO PLANIFICADO,COMPRAS,1.05,C,MON,7,Predictivo Monitoreo por,EST-Compra Estándar,1,,0,,0,UIN,Uso Inmediato,000000000033051377,PUMP 590-7889,1,ST,47.95,161.73,47.95,3,TCNO,TASA CALLAO NORTE,L001,Alm. Materiales,590-7889,,,,TVEG,2010002869,FERREYROS SOCIEDAD ANÓNIMA,20251123,5010243976,00020,1,45.7,USD,45.7,0,Sin Contrato,,00000,,,,,,,,3,0,3,0,0039056085,0002,X,0,CTAIPE,JDELACRUZ,TMF5,MANTTO IPRT_PESCA PRED,0,PESCA,,,,756575,MOTOR PRINCIPAL Y CAJA,,0,,00000000,,00000,,,,,PENDIENTE,PENDIENTE,0,16,00000000,MANTENIMIENTO,00000000,MATERIALES DE OPERACIÓN,REPUESTOS GENERALES,REPUESTOS DE MOTORES,CTAIPE
600,0030019517,00020,PRIORIZADO,NUEVO,20251215,20251215,20251220,COMPRAS,Lunes,20251215,SERVICIO,F,N,Comp.RMiranda,Comp.RMiranda,Vencido,3,20251125,3,20251217,-22,20251215,00-,,20251216,1,,216,Serv. Arenado y Pint,,0,NO PLANIFICADO,COMPRAS,1.05,C,,0,,EST-Compra Estándar,1,,0,,0,,,,Pint 03 capas Casco OM (462m2),1,ST,299.21,1016.4,299.21,3,TAST,ASTILLERO - CHIMBOTE,,,,,,,,,,00000000,,00000,0,0,,0,0,Sin Contrato,,00000,,,,2040319042,SERVICIOS METAL MECANICA ARENADO Y PINTURA E.I.R.L. SERMMAP E.I.R.L.,2040319042,SERVICIOS METAL MECANICA ARENADO YPINTURA E.I.R.L. SERMMAP E.I.R.L.,3,0,3,0,0000000000,0000,,0,,JHUAMANP,T103,PROYECTOS_ASTILLERO,0,PROYECTOS,PROYECTOS,ASTILLERO,,,,,0,,00000000,,00000,,,,,PENDIENTE,PENDIENTE,0,-2,00000000,MANTENIMIENTO,00000000,,,,JHUAMANP
600,1038812706,00020,PRIORIZADO,NUEVO,20251215,20251215,20251220,COMPRAS,Lunes,20251215,BIEN,,,Comp.DHinostroza,Comp.DHinostroza,Del 2dor dia al 6to dia,5,20251205,3,20251210,-5,20251225,02-Urgencia,,20251224,9,TCNO,RPG-MEC13,ACOPLES Y CRUCETAS,1100102-BOMBA DE RECIRCULACION DE EFECTO #1,0,NO PLANIFICADO,COMPRAS,2.25,A,MCP,2,Correctivo Programado,T04-Regularización / Sin Coordinación Log.,5,,0,,0,UIN,Uso Inmediato,000000000033058525,ELEM. P/ACOPL. RAPTOR E4,1,ST,105.46,354.65,105.46,3,TCNO,TASA CALLAO NORTE,L001,Alm. Materiales,,,,,,,,00000000,,00000,0,0,,0,0,Sin Contrato,,00000,,,,,,,,3,0,3,0,0039040806,0002,X,0,MCARHUAS,JDELACRUZ,TMP4,MANTTO CORREC _CHI_TCNO,0,PLANTA,MANTENIMIENTO,PLANTA,,753847,BOMBA DE RECIRCULACION DE EFECTO #1,"BOMBA CENTRIFUGA 5""X5"", _M3/HR",0,,00000000,,00000,,,,,PENDIENTE,PENDIENTE,0,15,00000000,OPERACIONES DE COMPRAS,00000000,MANTENIMIENTO,REPUESTOS OEM,"REPUESTOS DE BOMBAS, COMPRESOR",MCARHUAS
600,0020175538,00120,PRIORIZADO,NUEVO,20251215,20251215,20251220,COMPRAS,Lunes,20251215,SERVICIO,,F,Compras Delegadas,Compras Delegadas,Más de 20 días,1,20251218,3,20251219,-1,20260209,01-Normal,,20260209,56,TMSU,RPE-TAS05,RPTOS.SEPARADOR CENT,TMSU0103-1004-Tricanter de Espuma #1 (Z62),0,NO PLANIFICADO,COMPRAS,1.05,A,MP,3,Preventivo,T01-Estándar / Coordinado con Logística,1,,0,,0,UIN,Uso Inmediato,000000000034003521,O-RING #1012.277.60,1,ST,31.93,107.67,31.93,3,TMSU,MALABRIGO SUR,,,1012.277.60,2060032222,FLOTTWEG PERU S.A.C.,,,,,00000000,,00000,0,0,,0,0,Sin Contrato,,00000,,,,2060832031,DECANDRIVE S.A.C.,,,3,0,3,0,0000000000,0000,,0,LUSANCHEZ,TASA_MAXIMO,TMM1,MANTTO PLANIF_CHI_TMSU,0,PLANTA,MANTENIMIENTO,PLANTA,,758560,Tricanter de Espuma #1 (Z62),TRICANTER Z62 #1,0,,00000000,,00000,,,,,PENDIENTE,PENDIENTE,0,52,00000000,POR REASIGNAR,00000000,,,,LUSANCHEZ
600,0020175538,00130,PRIORIZADO,NUEVO,20251215,20251215,20251220,PLANIFICACIÓN,Lunes,20251215,SERVICIO,,F,,,Más de 20 días,1,20251218,3,20251219,-1,20260209,01-Normal,,20251229,14,TMSU,RPE-TAS05,RPTOS.SEPARADOR CENT,TMSU0103-1004-Tricanter de Espuma #1 (Z62),0,NO PLANIFICADO,PLANIFICACIÓN,0.55,B,MP,3,Preventivo,T01-Estándar / Coordinado con Logística,1,,0,,0,UIN,Uso Inmediato,000000000034004204,O-RING #1012.278.60,1,ST,26.68,89.96,26.68,1,TMSU,MALABRIGO SUR,,,1012.278.60,2060032222,FLOTTWEG PERU S.A.C.,,TMSU,2060832031,DECANDRIVE S.A.C.,20250724,5060088614,00090,1,25.9,USD,25.9,51,Con Contrato,5000001044,00520,2060832031,DECANDRIVE S.A.C.,T71,2060832031,DECANDRIVE S.A.C.,,,3,42,45,0,0000000000,0000,,0,LUSANCHEZ,TASA_MAXIMO,TMM1,MANTTO PLANIF_CHI_TMSU,0,PLANTA,MANTENIMIENTO,PLANTA,,758560,Tricanter de Espuma #1 (Z62),TRICANTER Z62 #1,0,,00000000,,00000,,,,,PENDIENTE,PENDIENTE,0,52,00000000,MANTENIMIENTO,00000000,MANTENIMIENTO,REPUESTOS OEM,REP. DE SEPARADOR CENTRÍFUGO,LUSANCHEZ
600,1028385787,00010,PRIORIZADO,NUEVO,20251215,20251215,20251220,COMPRAS,Lunes,20251215,BIEN,,,Comp.ALopez,Comp.ALopez,Vencido,3,20250610,3,20250610,0,20250617,02-Urgencia,,20250617,-181,,DIV-OFI03,SUMINISTROS COMPUTO,0,0,NO PLANIFICADO,COMPRAS,1.05,A,,0,,T01-Estándar / Coordinado con Logística,1,,0,,0,UIN,Uso Inmediato,000000000032024505,ADAPT.CARGA RAPID.USB C/CAB.,7,ST,33.51,857.22,234.57,3,TCNO,TASA CALLAO NORTE,L001,Alm. Materiales,,,,,,,,00000000,,00000,0,0,,0,0,Sin Contrato,,00000,,,,,,,,3,0,3,0,0035877723,0001,X,-1,,AVELASQUE,T050,OPBAHIA_PESCA,0,,BAHIA,PESCA,PLANTA CALLAO NORTE,,,,0,,00000000,,00000,,,,,PENDIENTE,PENDIENTE,0,7,00000000,POR REASIGNAR,00000000,ADMINISTRATIVOS,MATERIALES ADMINISTRATIVOS,ECONOMATO,AVELASQUE
600,1039417532,00050,PRIORIZADO,NUEVO,20251215,20251215,20251220,COMPRAS,Lunes,20251215,BIEN,,,RPA Tipo4 B,RPA Tipo4 B,Del 7mo día al 13vo día,3,20251215,3,20251215,0,20251231,02-Urgencia,,20251231,16,T424,RPG-MEC17,MOTORES DE EXPLOSIÓN,142403-MOTOR PRINCIPAL Y CAJA,0,NO PLANIFICADO,COMPRAS,1.05,C,MON,7,Predictivo Monitoreo por,EST-Compra Estándar,1,,0,,0,UIN,Uso Inmediato,000000000033051377,PUMP 590-7889,1,ST,47.95,161.73,47.95,3,TCHI,CHIMBOTE,L001,Alm. Materiales,590-7889,,,,TVEG,2010002869,FERREYROS SOCIEDAD ANÓNIMA,20251123,5010243976,00020,1,45.7,USD,45.7,0,Sin Contrato,,00000,,,,,,,,3,0,3,0,0039056365,0002,X,0,CTAIPE,LRODRIGUEZT,TMF5,MANTTO IPRT_PESCA PRED,0,PESCA,,,,756559,MOTOR PRINCIPAL Y CAJA,,0,,00000000,,00000,,,,,PENDIENTE,PENDIENTE,0,16,00000000,MANTENIMIENTO,00000000,MATERIALES DE OPERACIÓN,REPUESTOS GENERALES,REPUESTOS DE MOTORES,CTAIPE
600,0020174101,00010,PRIORIZADO,NUEVO,20251215,20251215,20251220,COMPRAS,Lunes,20251215,SERVICIO,F,F,Comp.RMiranda,Comp.RMiranda,Más de 20 días,1,20251207,3,20251210,-3,20260111,01-Normal,,20260109,25,T414,281,Serv. Limpieza y San,TF01414-0101-Casco y Aditamentos,0,NO PLANIFICADO,COMPRAS,0.3,C,MP,3,Preventivo,T01-Estándar / Coordinado con Logística,1,,0,,0,,,,T414 CA Limp Sentina SM Inicial,1,UA,1482.64,4995,1482.64,0,TCHI,CHIMBOTE,,,,,,,,,,00000000,,00000,0,0,,0,0,Sin Contrato,,00000,,,,,,,,3,0,3,0,0000000000,0000,,0,ARADAS,TASA_MAXIMO,TMF2,MANTTO IPRT_PESCA,0,PESCA,MANTENIMIENTO,PESCA,,754234,Casco y Aditamentos,"CASCO ESTRELLA - EL:36.60, MG:8.60, PTL:",0,,00000000,,00000,,,,,PENDIENTE,PENDIENTE,0,32,00000000,MANTENIMIENTO,00000000,ADMINISTRATIVOS,FACILITY MANAGEMENT,LIMPIEZA DE EMBARCACIONES,ARADAS
600,0020174101,00020,PRIORIZADO,NUEVO,20251215,20251215,20251220,COMPRAS,Lunes,20251215,SERVICIO,F,F,Comp.RMiranda,Comp.RMiranda,Más de 20 días,1,20251207,3,20251210,-3,20260111,01-Normal,,20260109,25,T414,281,Serv. Limpieza y San,TF01414-0101-Casco y Aditamentos,0,NO PLANIFICADO,COMPRAS,0.3,C,MP,3,Preventivo,T01-Estándar / Coordinado con Logística,1,,0,,0,,,,T414 CA Limp Sentina SM Final,1,UA,1482.64,4995,1482.64,0,TCHI,CHIMBOTE,,,,,,,,,,00000000,,00000,0,0,,0,0,Sin Contrato,,00000,,,,,,,,3,0,3,0,0000000000,0000,,0,ARADAS,TASA_MAXIMO,TMF2,MANTTO IPRT_PESCA,0,PESCA,MANTENIMIENTO,PESCA,,754234,Casco y Aditamentos,"CASCO ESTRELLA - EL:36.60, MG:8.60, PTL:",0,,00000000,,00000,,,,,PENDIENTE,PENDIENTE,0,32,00000000,MANTENIMIENTO,00000000,ADMINISTRATIVOS,FACILITY MANAGEMENT,LIMPIEZA DE EMBARCACIONES,ARADAS