MANDT,EKGRP,EKNAM,EBELN,EBELP,PSTYP,AEDAT_C,AEDAT_D,BATXT,BEDAT,ANIO,MES,EKORG,LIFNR,NAMEL,NAME1,ANTICIPO,KNTTP,EPSTP,PTEXT,BKLAS,BKBEZ,MTART,MATNR,TXZ01,MENGE,MEINS,DISGR,EINDT,NETPR,WAERS,NETWR,WKURS,PEINH,BPRME,MATKL,WGBEZ,ZTAG1,EKGRP2,EKNAM2,KTWRT2,BUKRS,BUTXT,WERKS,LGORT,ERNAM,ZTERM,F_PAGO,ELIKZ,CANTEM,UO,LOCALIDAD,BEDNR,BANFN,BNFPO,BADAT,LFDAT,ZAFNAM,ERNAM_EBAN,WAERS_EBAN,PREIS,PREIS_USD,KBETR,KBETR_DESC,ZZPAIS_ORIG,ZZFECHA_EMBARQ,ZZFECHA_ARRIBO,SUBMI,ZZMEDIO_TRANSP,ZZAGENTE_CARGA,ZZNUMERO_DOC_EMB,ZZNUMERO_DUA,ZZAGENTE_ADUANA,ZZNUMERO_APL_SEG,ZZPEDIDO_CLIENTE,ZTIPANTIC,ZZTARIFA,TEXT_F23,ZZREASON_REJECT,ZZESTAPROV,ZZMOTREPROV,ZZAG_ADUANA_DESC,REVNO,ZZESTAPROV_DESC,ZZMOTREPROV_DESC,RETENIDO,MED_TRANSP,DESCUENTO_SERV,BRTWR,BRTWR2,FRGGR_S,FRGST,FRGXT_S,FRGKZ,FRGDT,AFNAM,INCO1,ZAHORRO,NETWR_DOL,BUDAT,ANIOEM,MESEM,FRGGR_P,FRGSX,FRGXT_P,COD_LIB,STATU,BSART,FRGC1_S,FRGC2_S,FRGC3_S,FRGC4_S,FRGC5_S,FRGC6_S,FRGC7_S,FRGC8_S,DLIB1_S,DLIB2_S,DLIB3_S,DLIB4_S,DLIB5_S,DLIB6_S,DLIB7_S,DLIB8_S,DLIB_S,FRGC1_P,LIBOC1,FRGC2_P,LIBOC2,FRGC3_P,LIBOC3,FRGC4_P,LIBOC4,FRGC5_P,LIBOC5,FRGC6_P,LIBOC6,FRGC7_P,LIBOC7,FRGC8_P,LIBOC8,FE_LIB1,DLIB1_P,DIAS_PEND,FE_LIB2,DLIB2_P,FE_LIB3,DLIB3_P,FE_LIB4,DLIB4_P,FE_LIB5,DLIB5_P,FE_LIB6,DLIB6_P,FE_LIB7,DLIB7_P,FE_LIB8,DLIB8_P,FE_LIBU,FRGET,DLIB_P,OBJID,EFFWR2,ABSGR_TXT,ABSGR,LOEKZ,OID_EXTBOL,KONNR,KTPNR,KDATB,KDATE,FRGKE,ZZREQCONT,ZZTIECONT,ZZNCONTRA,ZZFECINIC,ZZFECFIN,ZZDIASEST,ZZCONTPER,ZZRCAFI,ZZTCAFI,ZZIDCAR,ZZFEINI,ZZFEFIN,F_MAIL,H_MAIL,TXT_CB,TXT_PS,STAT_ENV,ZCATEGORIA,PROCSTAT,FECING,MENING,WRBTR,WRBTR2,WRBTR3
600,T81,Comp.JVallejos    ,5010249245,00010,,2025-12-20T00:00:00.000Z,2025-12-20T00:00:00.000Z,Pedido estándar,2025-12-20T00:00:00.000Z,2025,12,1400,2010024471,TECNIFAJAS S.A.,MATARANI,,,,Normal,3040,Repuestos,ZCOM,000000000030000780,GRASA LGHP 2 SKF CARTUCHO 400GR,35,ST,UIN,2026-01-04T00:00:00.000Z,21.23,USD,743.05,3.372,1,ST,COM-LUB02,GRASAS,090,T81,Comp.JVallejos,743.05,TA10,Tecnológica de Alimentos,TMAT,L001,ADMIJOB,Z090,Plazo 90  días,,0,,,PLANTA,1039441903,00010,2025-12-19T00:00:00.000Z,2025-12-26T00:00:00.000Z,BODAR,LRAFAEL,PEN,68.98,20.46,0,0,,0001-01-01T00:00:00.000Z,0001-01-01T00:00:00.000Z,12 MESES,,,,,,,,,,TMAT,,,,,,Pendiente,,,,0,743.05,743.05,TA,T9,TMAT_Mat Man Planif,3,0001-01-01T00:00:00.000Z,TMR1,,0,743.05,0001-01-01T00:00:00.000Z,0000,00,TJ,UQ,Op. Mant < 10K$,"L3,GM",9,NB,M2,,,,,,,,0,0,0,0,0,0,0,0,,L3,RDUFFOO,GM,EDELASCASAS,,,,,,,,,,,,,0001-01-01T00:00:00.000Z,0,0,0001-01-01T00:00:00.000Z,0,0001-01-01T00:00:00.000Z,0,0001-01-01T00:00:00.000Z,0,0001-01-01T00:00:00.000Z,0,0001-01-01T00:00:00.000Z,0,0001-01-01T00:00:00.000Z,0,0001-01-01T00:00:00.000Z,0,0001-01-01T00:00:00.000Z,Pendiente Liberación,,RDUFFOO,743.05,,00,,,,00000,0001-01-01T00:00:00.000Z,0001-01-01T00:00:00.000Z,0,,,,0001-01-01T00:00:00.000Z,0001-01-01T00:00:00.000Z,00000,,,,,0001-01-01T00:00:00.000Z,0001-01-01T00:00:00.000Z,0001-01-01T00:00:00.000Z,00:00:00,ENTREGAS: Enviar la respuesta a los siguientes cor,SOLICITADO POR EL ING. YONEL SAMBRANO RESERVA:3907,POR ENVIAR,T01-Estánd,03 - EN LIBERACIÓN,0001-01-01T00:00:00.000Z,0,0,0,0
600,T55,RPA Compras C TASA,5010249246,00010,,2025-12-20T00:00:00.000Z,2025-12-20T00:00:00.000Z,Pedido estándar,2025-12-20T00:00:00.000Z,2025,12,1400,2010045649,POLIMETALES S.A.C.,CHIMBOTE,,,,Normal,3070,Suministros diversos,ZAUX,000000000031014507,"TUBO FEN.SCH40 SOLD.2""X6MT",12,M,ART,2026-01-04T00:00:00.000Z,29.35,USD,58.7,3.372,6,M,AUX-FER12,TUBERIAS,060,T55,RPA Compras C TASA,234.8,TA10,Tecnológica de Alimentos,TCHI,L001,ADMIJOB,Z060,Plazo 60  días,,0,,,PESCA,1039441863,00020,2025-12-19T00:00:00.000Z,2026-01-15T00:00:00.000Z,FSUAREZ,JADANAQUE,PEN,24,7.12,0,0,,0001-01-01T00:00:00.000Z,0001-01-01T00:00:00.000Z,12 MESES,,,,,,,,,,T023 / T021 / T022 / T414,,,,,,Pendiente,,,,0,58.7,58.7,TA,F2,Flota Plan Mantto,3,0001-01-01T00:00:00.000Z,TMF2,,0,58.7,0001-01-01T00:00:00.000Z,0000,00,TJ,UQ,Op. Mant < 10K$,"L3,GM",9,NB,JE,,,,,,,,0,0,0,0,0,0,0,0,,L3,RDUFFOO,GM,EDELASCASAS,,,,,,,,,,,,,0001-01-01T00:00:00.000Z,0,0,0001-01-01T00:00:00.000Z,0,0001-01-01T00:00:00.000Z,0,0001-01-01T00:00:00.000Z,0,0001-01-01T00:00:00.000Z,0,0001-01-01T00:00:00.000Z,0,0001-01-01T00:00:00.000Z,0,0001-01-01T00:00:00.000Z,0,0001-01-01T00:00:00.000Z,Pendiente Liberación,,RDUFFOO,58.7,,00,,,,00000,0001-01-01T00:00:00.000Z,0001-01-01T00:00:00.000Z,0,,,,0001-01-01T00:00:00.000Z,0001-01-01T00:00:00.000Z,00000,,,,,0001-01-01T00:00:00.000Z,0001-01-01T00:00:00.000Z,0001-01-01T00:00:00.000Z,00:00:00,ENTREGAS: Enviar la respuesta a los siguientes cor,ODM:M758407-T23 SA_3A Mtto Sist. de Achique TUBO F,POR ENVIAR,T01-Estánd,03 - EN LIBERACIÓN,0001-01-01T00:00:00.000Z,0,0,0,0
600,T55,RPA Compras C TASA,5010249246,00020,,2025-12-20T00:00:00.000Z,2025-12-20T00:00:00.000Z,Pedido estándar,2025-12-20T00:00:00.000Z,2025,12,1400,2010045649,POLIMETALES S.A.C.,CHIMBOTE,,,,Normal,3070,Suministros diversos,ZAUX,000000000031014507,"TUBO FEN.SCH40 SOLD.2""X6MT",12,M,ART,2026-01-04T00:00:00.000Z,29.35,USD,58.7,3.372,6,M,AUX-FER12,TUBERIAS,060,T55,RPA Compras C TASA,0,TA10,Tecnológica de Alimentos,TCHI,L001,ADMIJOB,Z060,Plazo 60  días,,0,,,PESCA,1039441863,00040,2025-12-19T00:00:00.000Z,2026-01-15T00:00:00.000Z,FSUAREZ,JADANAQUE,PEN,24,7.12,0,0,,0001-01-01T00:00:00.000Z,0001-01-01T00:00:00.000Z,12 MESES,,,,,,,,,,T023 / T021 / T022 / T414,,,,,,Pendiente,,,,0,58.7,58.7,TA,F2,Flota Plan Mantto,3,0001-01-01T00:00:00.000Z,TMF2,,0,58.7,0001-01-01T00:00:00.000Z,0000,00,TJ,UQ,Op. Mant < 10K$,"L3,GM",9,NB,JE,,,,,,,,0,0,0,0,0,0,0,0,,L3,RDUFFOO,GM,EDELASCASAS,,,,,,,,,,,,,0001-01-01T00:00:00.000Z,0,0,0001-01-01T00:00:00.000Z,0,0001-01-01T00:00:00.000Z,0,0001-01-01T00:00:00.000Z,0,0001-01-01T00:00:00.000Z,0,0001-01-01T00:00:00.000Z,0,0001-01-01T00:00:00.000Z,0,0001-01-01T00:00:00.000Z,0,0001-01-01T00:00:00.000Z,Pendiente Liberación,,RDUFFOO,58.7,,00,,,,00000,0001-01-01T00:00:00.000Z,0001-01-01T00:00:00.000Z,0,,,,0001-01-01T00:00:00.000Z,0001-01-01T00:00:00.000Z,00000,,,,,0001-01-01T00:00:00.000Z,0001-01-01T00:00:00.000Z,0001-01-01T00:00:00.000Z,00:00:00,ENTREGAS: Enviar la respuesta a los siguientes cor,ODM:M758297-T21 SA_3A Mtto Sist. de Achique TUBO F,POR ENVIAR,T01-Estánd,03 - EN LIBERACIÓN,0001-01-01T00:00:00.000Z,0,0,0,0
600,T55,RPA Compras C TASA,5010249246,00030,,2025-12-20T00:00:00.000Z,2025-12-20T00:00:00.000Z,Pedido estándar,2025-12-20T00:00:00.000Z,2025,12,1400,2010045649,POLIMETALES S.A.C.,CHIMBOTE,,,,Normal,3070,Suministros diversos,ZAUX,000000000031014507,"TUBO FEN.SCH40 SOLD.2""X6MT",12,M,ART,2026-01-04T00:00:00.000Z,29.35,USD,58.7,3.372,6,M,AUX-FER12,TUBERIAS,060,T55,RPA Compras C TASA,0,TA10,Tecnológica de Alimentos,TCHI,L001,ADMIJOB,Z060,Plazo 60  días,,0,,,PESCA,1039441863,00060,2025-12-19T00:00:00.000Z,2026-01-15T00:00:00.000Z,FSUAREZ,JADANAQUE,PEN,24,7.12,0,0,,0001-01-01T00:00:00.000Z,0001-01-01T00:00:00.000Z,12 MESES,,,,,,,,,,T023 / T021 / T022 / T414,,,,,,Pendiente,,,,0,58.7,58.7,TA,F2,Flota Plan Mantto,3,0001-01-01T00:00:00.000Z,TMF2,,0,58.7,0001-01-01T00:00:00.000Z,0000,00,TJ,UQ,Op. Mant < 10K$,"L3,GM",9,NB,JE,,,,,,,,0,0,0,0,0,0,0,0,,L3,RDUFFOO,GM,EDELASCASAS,,,,,,,,,,,,,0001-01-01T00:00:00.000Z,0,0,0001-01-01T00:00:00.000Z,0,0001-01-01T00:00:00.000Z,0,0001-01-01T00:00:00.000Z,0,0001-01-01T00:00:00.000Z,0,0001-01-01T00:00:00.000Z,0,0001-01-01T00:00:00.000Z,0,0001-01-01T00:00:00.000Z,0,0001-01-01T00:00:00.000Z,Pendiente Liberación,,RDUFFOO,58.7,,00,,,,00000,0001-01-01T00:00:00.000Z,0001-01-01T00:00:00.000Z,0,,,,0001-01-01T00:00:00.000Z,0001-01-01T00:00:00.000Z,00000,,,,,0001-01-01T00:00:00.000Z,0001-01-01T00:00:00.000Z,0001-01-01T00:00:00.000Z,00:00:00,ENTREGAS: Enviar la respuesta a los siguientes cor,ODM:M758145-T22 SA_3A Mtto Sist. de Achique TUBO F,POR ENVIAR,T01-Estánd,03 - EN LIBERACIÓN,0001-01-01T00:00:00.000Z,0,0,0,0
600,T55,RPA Compras C TASA,5010249246,00040,,2025-12-20T00:00:00.000Z,2025-12-20T00:00:00.000Z,Pedido estándar,2025-12-20T00:00:00.000Z,2025,12,1400,2010045649,POLIMETALES S.A.C.,CHIMBOTE,,,,Normal,3070,Suministros diversos,ZAUX,000000000031014507,"TUBO FEN.SCH40 SOLD.2""X6MT",12,M,ART,2026-01-04T00:00:00.000Z,29.35,USD,58.7,3.372,6,M,AUX-FER12,TUBERIAS,060,T55,RPA Compras C TASA,0,TA10,Tecnológica de Alimentos,TCHI,L001,ADMIJOB,Z060,Plazo 60  días,,0,,,PESCA,1039441863,00080,2025-12-19T00:00:00.000Z,2026-01-15T00:00:00.000Z,FSUAREZ,JADANAQUE,PEN,24,7.12,0,0,,0001-01-01T00:00:00.000Z,0001-01-01T00:00:00.000Z,12 MESES,,,,,,,,,,T023 / T021 / T022 / T414,,,,,,Pendiente,,,,0,58.7,58.7,TA,F2,Flota Plan Mantto,3,0001-01-01T00:00:00.000Z,TMF2,,0,58.7,0001-01-01T00:00:00.000Z,0000,00,TJ,UQ,Op. Mant < 10K$,"L3,GM",9,NB,JE,,,,,,,,0,0,0,0,0,0,0,0,,L3,RDUFFOO,GM,EDELASCASAS,,,,,,,,,,,,,0001-01-01T00:00:00.000Z,0,0,0001-01-01T00:00:00.000Z,0,0001-01-01T00:00:00.000Z,0,0001-01-01T00:00:00.000Z,0,0001-01-01T00:00:00.000Z,0,0001-01-01T00:00:00.000Z,0,0001-01-01T00:00:00.000Z,0,0001-01-01T00:00:00.000Z,0,0001-01-01T00:00:00.000Z,Pendiente Liberación,,RDUFFOO,58.7,,00,,,,00000,0001-01-01T00:00:00.000Z,0001-01-01T00:00:00.000Z,0,,,,0001-01-01T00:00:00.000Z,0001-01-01T00:00:00.000Z,00000,,,,,0001-01-01T00:00:00.000Z,0001-01-01T00:00:00.000Z,0001-01-01T00:00:00.000Z,00:00:00,ENTREGAS: Enviar la respuesta a los siguientes cor,ODM:M757927-T414 SA_3A Mtto Sist. de Achique TUBO,POR ENVIAR,T01-Estánd,03 - EN LIBERACIÓN,0001-01-01T00:00:00.000Z,0,0,0,0
600,T75,Comp.GEscobar     ,5010249247,00010,,2025-12-20T00:00:00.000Z,2025-12-20T00:00:00.000Z,Pedido estándar,2025-12-20T00:00:00.000Z,2025,12,1400,2012771517,IMPORTADORA QUEIROLO E.I.R.L.,PISCO SUR,,,,Normal,3070,Suministros diversos,ZDIV,000000000032023640,GUANTE CUERO BADANA AS010 BLANCO T/9,10,PAR,BRT,2026-01-04T00:00:00.000Z,9.5,USD,95,3.372,1,PAR,DIV-SEG02,EPPS,020,T75,Comp.GEscobar,95,TA10,Tecnológica de Alimentos,TPSU,L001,ADMIJOB,Z020,Plazo 20  dias,,0,,,,0070234216,00010,2025-12-18T00:00:00.000Z,2025-12-19T00:00:00.000Z,,T621,PEN,26.74,7.93,0,0,,0001-01-01T00:00:00.000Z,0001-01-01T00:00:00.000Z,12 MESES,,,,,,,,,,T023 / T021 / T022 / T414,,,,,,Pendiente,,,,0,95,95,TA,I5,TPSU_Pis  PlanMat JA,3,0001-01-01T00:00:00.000Z,T621,,0,95,0001-01-01T00:00:00.000Z,0000,00,TJ,71,Logíst Sr.< 10K$,"L1,GL",9,NB,ZU,,,,,,,,1,0,0,0,0,0,0,0,,L1,AMEJIA,GL,FTHORNE,,,,,,,,,,,,,0001-01-01T00:00:00.000Z,0,0,0001-01-01T00:00:00.000Z,0,0001-01-01T00:00:00.000Z,0,0001-01-01T00:00:00.000Z,0,0001-01-01T00:00:00.000Z,0,0001-01-01T00:00:00.000Z,0,0001-01-01T00:00:00.000Z,0,0001-01-01T00:00:00.000Z,0,0001-01-01T00:00:00.000Z,Pendiente Liberación,,AMEJIA,95,,00,,,,00000,0001-01-01T00:00:00.000Z,0001-01-01T00:00:00.000Z,0,,,,0001-01-01T00:00:00.000Z,0001-01-01T00:00:00.000Z,00000,,,,,0001-01-01T00:00:00.000Z,0001-01-01T00:00:00.000Z,0001-01-01T00:00:00.000Z,00:00:00,ENTREGAS: Enviar la respuesta a los siguientes cor,,POR ENVIAR,T01-Estánd,03 - EN LIBERACIÓN,0001-01-01T00:00:00.000Z,0,0,0,0
600,T80,Comp.VUribe       ,5010249248,00010,,2025-12-20T00:00:00.000Z,2025-12-20T00:00:00.000Z,Pedido estándar,2025-12-20T00:00:00.000Z,2025,12,1400,2046725018,NPI PERU S.A.C.,CHIMBOTE,,,,Normal,3040,Repuestos,ZRPG,000000000033030687,CABLE P/SENSOR DE FLUJO TURCK (KB4T-2),3,ST,UIN,2026-01-04T00:00:00.000Z,20,USD,60,3.372,1,ST,RPG-ELC04,CABLES,007,T80,Comp.VUribe,60,TA10,Tecnológica de Alimentos,TCHI,L001,ADMIJOB,Z007,Plazo 7  días,,0,,,PESCA,1039430884,00050,2025-12-17T00:00:00.000Z,2026-01-19T00:00:00.000Z,JMELENDEZ,LRODRIGUEZT,PEN,67.5,20.01,0,0,,0001-01-01T00:00:00.000Z,0001-01-01T00:00:00.000Z,12 MESES,,,,,,,,,,T059,,,,,,Pendiente,,,,0,60,60,TA,F2,Flota Plan Mantto,3,0001-01-01T00:00:00.000Z,TMF2,,0,60,0001-01-01T00:00:00.000Z,0000,00,TJ,UQ,Op. Mant < 10K$,"L3,GM",9,NB,JE,,,,,,,,2,0,0,0,0,0,0,0,,L3,RDUFFOO,GM,EDELASCASAS,,,,,,,,,,,,,0001-01-01T00:00:00.000Z,0,0,0001-01-01T00:00:00.000Z,0,0001-01-01T00:00:00.000Z,0,0001-01-01T00:00:00.000Z,0,0001-01-01T00:00:00.000Z,0,0001-01-01T00:00:00.000Z,0,0001-01-01T00:00:00.000Z,0,0001-01-01T00:00:00.000Z,0,0001-01-01T00:00:00.000Z,Pendiente Liberación,,RDUFFOO,60,,00,,,,00000,0001-01-01T00:00:00.000Z,0001-01-01T00:00:00.000Z,0,,,,0001-01-01T00:00:00.000Z,0001-01-01T00:00:00.000Z,00000,,,,,0001-01-01T00:00:00.000Z,0001-01-01T00:00:00.000Z,0001-01-01T00:00:00.000Z,00:00:00,ENTREGAS: Enviar la respuesta a los siguientes cor,ODM:M757938-T59 SF Cambio de sensores de flujo TUR,POR ENVIAR,T01-Estánd,03 - EN LIBERACIÓN,0001-01-01T00:00:00.000Z,0,0,0,0
600,T55,RPA Compras C TASA,5010249249,00010,,2025-12-20T00:00:00.000Z,2025-12-20T00:00:00.000Z,Pedido estándar,2025-12-20T00:00:00.000Z,2025,12,1400,2050869903,MCCO INTERNATIONAL BUSINESS S.A.C.,PUCUSANA PLANTA OMEGA,,,,Normal,3070,Suministros diversos,ZDIV,000000000032022279,"CINTA AMARILLA 3/4""M4C750-595-YL-B BRADY",4,ROL,ART,2026-01-04T00:00:00.000Z,47.59,USD,190.36,3.372,1,ROL,DIV-OFI03,SUMINISTROS COMPUTO,030,T55,RPA Compras C TASA,190.36,TA10,Tecnológica de Alimentos,TPUC,L001,ADMIJOB,Z030,Plazo 30  días.,,0,,,,0070234321,00010,2025-12-19T00:00:00.000Z,2025-12-19T00:00:00.000Z,,T621,PEN,162.72,48.27,0,0,,0001-01-01T00:00:00.000Z,0001-01-01T00:00:00.000Z,12 MESES,,,,,,,,,,T059,,,,,,Pendiente,,,,0,190.36,190.36,TA,O5,TPUC_Ome  PlanMat JA,3,0001-01-01T00:00:00.000Z,T621,,0,190.36,0001-01-01T00:00:00.000Z,0000,00,TJ,U1,Logíst Sr.< 10K$,"L3,GL",9,NB,Z3,,,,,,,,0,0,0,0,0,0,0,0,,L3,RDUFFOO,GL,FTHORNE,,,,,,,,,,,,,0001-01-01T00:00:00.000Z,0,0,0001-01-01T00:00:00.000Z,0,0001-01-01T00:00:00.000Z,0,0001-01-01T00:00:00.000Z,0,0001-01-01T00:00:00.000Z,0,0001-01-01T00:00:00.000Z,0,0001-01-01T00:00:00.000Z,0,0001-01-01T00:00:00.000Z,0,0001-01-01T00:00:00.000Z,Pendiente Liberación,,RDUFFOO,190.36,,00,,,,00000,0001-01-01T00:00:00.000Z,0001-01-01T00:00:00.000Z,0,,,,0001-01-01T00:00:00.000Z,0001-01-01T00:00:00.000Z,00000,,,,,0001-01-01T00:00:00.000Z,0001-01-01T00:00:00.000Z,0001-01-01T00:00:00.000Z,00:00:00,ENTREGAS: Enviar la respuesta a los siguientes cor,,POR ENVIAR,T01-Estánd,03 - EN LIBERACIÓN,0001-01-01T00:00:00.000Z,0,0,0,0
600,T81,Comp.JVallejos    ,5010249250,00010,,2025-12-20T00:00:00.000Z,2025-12-20T00:00:00.000Z,Pedido estándar,2025-12-20T00:00:00.000Z,2025,12,1400,2060328994,ACENAVIR S.A.C,CHIMBOTE,,,,Normal,3070,Suministros diversos,ZAUX,000000000031014575,"TUBO SCH40 5""",12,M,ART,2026-01-04T00:00:00.000Z,105,PEN,1260,1,1,M,AUX-FER12,TUBERIAS,020,T81,Comp.JVallejos,1494.68,TA10,Tecnológica de Alimentos,TCHI,L001,ADMIJOB,Z020,Plazo 20  dias,,0,,,PESCA,1039441863,00090,2025-12-19T00:00:00.000Z,2026-01-15T00:00:00.000Z,FSUAREZ,JADANAQUE,PEN,84.88,25.18,0,0,,0001-01-01T00:00:00.000Z,0001-01-01T00:00:00.000Z,12 MESES,,,,,,,,,,T057 / T058 / T059 / T052,,,,,,Pendiente,,,,0,1260,373.67,TA,F2,Flota Plan Mantto,3,0001-01-01T00:00:00.000Z,TMF2,,0,373.67,0001-01-01T00:00:00.000Z,0000,00,TJ,UQ,Op. Mant < 10K$,"L3,GM",9,NB,JE,,,,,,,,0,0,0,0,0,0,0,0,,L3,RDUFFOO,GM,EDELASCASAS,,,,,,,,,,,,,0001-01-01T00:00:00.000Z,0,0,0001-01-01T00:00:00.000Z,0,0001-01-01T00:00:00.000Z,0,0001-01-01T00:00:00.000Z,0,0001-01-01T00:00:00.000Z,0,0001-01-01T00:00:00.000Z,0,0001-01-01T00:00:00.000Z,0,0001-01-01T00:00:00.000Z,0,0001-01-01T00:00:00.000Z,Pendiente Liberación,,RDUFFOO,373.67,,00,,,,00000,0001-01-01T00:00:00.000Z,0001-01-01T00:00:00.000Z,0,,,,0001-01-01T00:00:00.000Z,0001-01-01T00:00:00.000Z,00000,,,,,0001-01-01T00:00:00.000Z,0001-01-01T00:00:00.000Z,0001-01-01T00:00:00.000Z,00:00:00,ENTREGAS: Enviar la respuesta a los siguientes cor,ODM:M757244-T57 SA_3A Mtto Sist. de Achique TUBO S,POR ENVIAR,T01-Estánd,03 - EN LIBERACIÓN,0001-01-01T00:00:00.000Z,0,0,0,0
600,T81,Comp.JVallejos    ,5010249250,00020,,2025-12-20T00:00:00.000Z,2025-12-20T00:00:00.000Z,Pedido estándar,2025-12-20T00:00:00.000Z,2025,12,1400,2060328994,ACENAVIR S.A.C,CHIMBOTE,,,,Normal,3070,Suministros diversos,ZAUX,000000000031014575,"TUBO SCH40 5""",12,M,ART,2026-01-04T00:00:00.000Z,105,PEN,1260,1,1,M,AUX-FER12,TUBERIAS,020,T81,Comp.JVallejos,0,TA10,Tecnológica de Alimentos,TCHI,L001,ADMIJOB,Z020,Plazo 20  dias,,0,,,PESCA,1039441863,00110,2025-12-19T00:00:00.000Z,2026-01-15T00:00:00.000Z,FSUAREZ,JADANAQUE,PEN,84.88,25.18,0,0,,0001-01-01T00:00:00.000Z,0001-01-01T00:00:00.000Z,12 MESES,,,,,,,,,,T057 / T058 / T059 / T052,,,,,,Pendiente,,,,0,1260,373.67,TA,F2,Flota Plan Mantto,3,0001-01-01T00:00:00.000Z,TMF2,,0,373.67,0001-01-01T00:00:00.000Z,0000,00,TJ,UQ,Op. Mant < 10K$,"L3,GM",9,NB,JE,,,,,,,,0,0,0,0,0,0,0,0,,L3,RDUFFOO,GM,EDELASCASAS,,,,,,,,,,,,,0001-01-01T00:00:00.000Z,0,0,0001-01-01T00:00:00.000Z,0,0001-01-01T00:00:00.000Z,0,0001-01-01T00:00:00.000Z,0,0001-01-01T00:00:00.000Z,0,0001-01-01T00:00:00.000Z,0,0001-01-01T00:00:00.000Z,0,0001-01-01T00:00:00.000Z,0,0001-01-01T00:00:00.000Z,Pendiente Liberación,,RDUFFOO,373.67,,00,,,,00000,0001-01-01T00:00:00.000Z,0001-01-01T00:00:00.000Z,0,,,,0001-01-01T00:00:00.000Z,0001-01-01T00:00:00.000Z,00000,,,,,0001-01-01T00:00:00.000Z,0001-01-01T00:00:00.000Z,0001-01-01T00:00:00.000Z,00:00:00,ENTREGAS: Enviar la respuesta a los siguientes cor,ODM:M757470-T58 SA_3A Mtto Sist. de Achique TUBO S,POR ENVIAR,T01-Estánd,03 - EN LIBERACIÓN,0001-01-01T00:00:00.000Z,0,0,0,0
600,T81,Comp.JVallejos    ,5010249250,00030,,2025-12-20T00:00:00.000Z,2025-12-20T00:00:00.000Z,Pedido estándar,2025-12-20T00:00:00.000Z,2025,12,1400,2060328994,ACENAVIR S.A.C,CHIMBOTE,,,,Normal,3070,Suministros diversos,ZAUX,000000000031014575,"TUBO SCH40 5""",12,M,ART,2026-01-04T00:00:00.000Z,105,PEN,1260,1,1,M,AUX-FER12,TUBERIAS,020,T81,Comp.JVallejos,0,TA10,Tecnológica de Alimentos,TCHI,L001,ADMIJOB,Z020,Plazo 20  dias,,0,,,PESCA,1039441863,00130,2025-12-19T00:00:00.000Z,2026-01-15T00:00:00.000Z,FSUAREZ,JADANAQUE,PEN,84.88,25.18,0,0,,0001-01-01T00:00:00.000Z,0001-01-01T00:00:00.000Z,12 MESES,,,,,,,,,,T057 / T058 / T059 / T052,,,,,,Pendiente,,,,0,1260,373.67,TA,F2,Flota Plan Mantto,3,0001-01-01T00:00:00.000Z,TMF2,,0,373.67,0001-01-01T00:00:00.000Z,0000,00,TJ,UQ,Op. Mant < 10K$,"L3,GM",9,NB,JE,,,,,,,,0,0,0,0,0,0,0,0,,L3,RDUFFOO,GM,EDELASCASAS,,,,,,,,,,,,,0001-01-01T00:00:00.000Z,0,0,0001-01-01T00:00:00.000Z,0,0001-01-01T00:00:00.000Z,0,0001-01-01T00:00:00.000Z,0,0001-01-01T00:00:00.000Z,0,0001-01-01T00:00:00.000Z,0,0001-01-01T00:00:00.000Z,0,0001-01-01T00:00:00.000Z,0,0001-01-01T00:00:00.000Z,Pendiente Liberación,,RDUFFOO,373.67,,00,,,,00000,0001-01-01T00:00:00.000Z,0001-01-01T00:00:00.000Z,0,,,,0001-01-01T00:00:00.000Z,0001-01-01T00:00:00.000Z,00000,,,,,0001-01-01T00:00:00.000Z,0001-01-01T00:00:00.000Z,0001-01-01T00:00:00.000Z,00:00:00,ENTREGAS: Enviar la respuesta a los siguientes cor,ODM:M757485-T59 SA_3A Mtto Sist. de Achique TUBO S,POR ENVIAR,T01-Estánd,03 - EN LIBERACIÓN,0001-01-01T00:00:00.000Z,0,0,0,0
600,T81,Comp.JVallejos    ,5010249250,00040,,2025-12-20T00:00:00.000Z,2025-12-20T00:00:00.000Z,Pedido estándar,2025-12-20T00:00:00.000Z,2025,12,1400,2060328994,ACENAVIR S.A.C,CHIMBOTE,,,,Normal,3070,Suministros diversos,ZAUX,000000000031014575,"TUBO SCH40 5""",12,M,ART,2026-01-04T00:00:00.000Z,105,PEN,1260,1,1,M,AUX-FER12,TUBERIAS,020,T81,Comp.JVallejos,0,TA10,Tecnológica de Alimentos,TCHI,L001,ADMIJOB,Z020,Plazo 20  dias,,0,,,PESCA,1039441863,00150,2025-12-19T00:00:00.000Z,2026-01-15T00:00:00.000Z,FSUAREZ,JADANAQUE,PEN,84.88,25.18,0,0,,0001-01-01T00:00:00.000Z,0001-01-01T00:00:00.000Z,12 MESES,,,,,,,,,,T057 / T058 / T059 / T052,,,,,,Pendiente,,,,0,1260,373.67,TA,F2,Flota Plan Mantto,3,0001-01-01T00:00:00.000Z,TMF2,,0,373.67,0001-01-01T00:00:00.000Z,0000,00,TJ,UQ,Op. Mant < 10K$,"L3,GM",9,NB,JE,,,,,,,,0,0,0,0,0,0,0,0,,L3,RDUFFOO,GM,EDELASCASAS,,,,,,,,,,,,,0001-01-01T00:00:00.000Z,0,0,0001-01-01T00:00:00.000Z,0,0001-01-01T00:00:00.000Z,0,0001-01-01T00:00:00.000Z,0,0001-01-01T00:00:00.000Z,0,0001-01-01T00:00:00.000Z,0,0001-01-01T00:00:00.000Z,0,0001-01-01T00:00:00.000Z,0,0001-01-01T00:00:00.000Z,Pendiente Liberación,,RDUFFOO,373.67,,00,,,,00000,0001-01-01T00:00:00.000Z,0001-01-01T00:00:00.000Z,0,,,,0001-01-01T00:00:00.000Z,0001-01-01T00:00:00.000Z,00000,,,,,0001-01-01T00:00:00.000Z,0001-01-01T00:00:00.000Z,0001-01-01T00:00:00.000Z,00:00:00,ENTREGAS: Enviar la respuesta a los siguientes cor,ODM:M757836-T52 SA_3A Mtto Sist. de Achique TUBO S,POR ENVIAR,T01-Estánd,03 - EN LIBERACIÓN,0001-01-01T00:00:00.000Z,0,0,0,0
600,T80,Comp.VUribe       ,5010249251,00010,,2025-12-20T00:00:00.000Z,2025-12-20T00:00:00.000Z,Pedido estándar,2025-12-20T00:00:00.000Z,2025,12,1400,2060577881,SUMINDUSTRIAL E.I.R.L.,TASA CALLAO NORTE,,,,Normal,3070,Suministros diversos,ZAUX,000000000031009821,"DISCO CORTE INOX.1/8""X7/8""X4 1/2""",25,ST,ART,2026-01-04T00:00:00.000Z,5.51,PEN,137.75,1,1,ST,AUX-FER01,"ABRASIVOS, LIJAS",020,T80,Comp.VUribe,191.64,TA10,Tecnológica de Alimentos,TCNO,L001,ADMIJOB,Z020,Plazo 20  dias,,0,,,,0070234277,00010,2025-12-18T00:00:00.000Z,2025-12-31T00:00:00.000Z,,T621,PEN,3.78,1.12,0,0,,0001-01-01T00:00:00.000Z,0001-01-01T00:00:00.000Z,12 MESES,,,,,,,,,,T057 / T058 / T059 / T052,,,,,,Pendiente,,,,0,137.75,40.85,TA,CJ,TCNO_Cal PlanMat JAb,3,0001-01-01T00:00:00.000Z,T621,UN,0,40.85,0001-01-01T00:00:00.000Z,0000,00,TJ,U1,Logíst Sr.< 10K$,"L3,GL",9,NB,ZN,,,,,,,,1,0,0,0,0,0,0,0,,L3,RDUFFOO,GL,FTHORNE,,,,,,,,,,,,,0001-01-01T00:00:00.000Z,0,0,0001-01-01T00:00:00.000Z,0,0001-01-01T00:00:00.000Z,0,0001-01-01T00:00:00.000Z,0,0001-01-01T00:00:00.000Z,0,0001-01-01T00:00:00.000Z,0,0001-01-01T00:00:00.000Z,0,0001-01-01T00:00:00.000Z,0,0001-01-01T00:00:00.000Z,Pendiente Liberación,,RDUFFOO,40.85,,00,,,,00000,0001-01-01T00:00:00.000Z,0001-01-01T00:00:00.000Z,0,,,,0001-01-01T00:00:00.000Z,0001-01-01T00:00:00.000Z,00000,,,,,0001-01-01T00:00:00.000Z,0001-01-01T00:00:00.000Z,0001-01-01T00:00:00.000Z,00:00:00,ENTREGAS: Enviar la respuesta a los siguientes cor,,POR ENVIAR,T01-Estánd,03 - EN LIBERACIÓN,0001-01-01T00:00:00.000Z,0,0,0,0
600,T80,Comp.VUribe       ,5010249251,00020,,2025-12-20T00:00:00.000Z,2025-12-20T00:00:00.000Z,Pedido estándar,2025-12-20T00:00:00.000Z,2025,12,1400,2060577881,SUMINDUSTRIAL E.I.R.L.,TASA CALLAO NORTE,,,,Normal,3070,Suministros diversos,ZAUX,000000000031030494,ESCALERA AVION FIB.VIDR.6 PASOS,1,ST,UIN,2026-01-04T00:00:00.000Z,508.48,PEN,508.48,1,1,ST,AUX-HER05,HERRAM. ELEVACION,020,T80,Comp.VUribe,0,TA10,Tecnológica de Alimentos,TCNO,L001,ADMIJOB,Z020,Plazo 20  dias,,0,,,,1038568716,00010,2025-11-28T00:00:00.000Z,2025-12-15T00:00:00.000Z,,JDELACRUZ,PEN,508.48,150.84,0,0,,0001-01-01T00:00:00.000Z,0001-01-01T00:00:00.000Z,12 MESES,,,,,,,,,,T057 / T058 / T059 / T052,,,,,,Pendiente,,,,0,508.48,150.79,TA,C2,TCNO_Cal Proy y Mant,3,0001-01-01T00:00:00.000Z,T021,UN,0,150.79,0001-01-01T00:00:00.000Z,0000,00,TJ,U1,Logíst Sr.< 10K$,"L3,GL",9,NB,SN,,,,,,,,18,0,0,0,0,0,0,0,,L3,RDUFFOO,GL,FTHORNE,,,,,,,,,,,,,0001-01-01T00:00:00.000Z,0,0,0001-01-01T00:00:00.000Z,0,0001-01-01T00:00:00.000Z,0,0001-01-01T00:00:00.000Z,0,0001-01-01T00:00:00.000Z,0,0001-01-01T00:00:00.000Z,0,0001-01-01T00:00:00.000Z,0,0001-01-01T00:00:00.000Z,0,0001-01-01T00:00:00.000Z,Pendiente Liberación,,RDUFFOO,150.79,,00,,,,00000,0001-01-01T00:00:00.000Z,0001-01-01T00:00:00.000Z,0,,,,0001-01-01T00:00:00.000Z,0001-01-01T00:00:00.000Z,00000,,,,,0001-01-01T00:00:00.000Z,0001-01-01T00:00:00.000Z,0001-01-01T00:00:00.000Z,00:00:00,ENTREGAS: Enviar la respuesta a los siguientes cor,38787175 ODM:-,POR ENVIAR,T01-Estánd,03 - EN LIBERACIÓN,0001-01-01T00:00:00.000Z,0,0,0,0
600,T06,Compras CHD       ,5010249252,00010,,2025-12-20T00:00:00.000Z,2025-12-20T00:00:00.000Z,Pedido pesca,2025-12-19T00:00:00.000Z,2025,12,1400,0000038214,PESQUERA AZUL S.A.C.,VEGUETA,,,,Normal,3000,Materia Prima,ROH,000000000010100566,ANCHOVETA COMPRADA CHI,212.275,TO,UIN,2025-12-20T00:00:00.000Z,290,USD,61559.75,3.371,1,TO,ROH-TAS02,PESCADOS CH,007,T06,Compras CHD,61559.75,TA10,Tecnológica de Alimentos,TVEG,PI02,TASA_PORTAL,Z007,Plazo 7  días,X,212.275,,,,,00000,0001-01-01T00:00:00.000Z,0001-01-01T00:00:00.000Z,,,,0,0,0,0,,0001-01-01T00:00:00.000Z,0001-01-01T00:00:00.000Z,,,,,,,,,,,,,,,,,Pendiente,,,,0,61559.75,61559.75,,,,,0001-01-01T00:00:00.000Z,1000,,0,61559.75,2025-12-19T00:00:00.000Z,2025,12,,,,,9,PP,,,,,,,,,0,0,0,0,0,0,0,0,,,,,,,,,,,,,,,,,,0001-01-01T00:00:00.000Z,0,0,0001-01-01T00:00:00.000Z,0,0001-01-01T00:00:00.000Z,0,0001-01-01T00:00:00.000Z,0,0001-01-01T00:00:00.000Z,0,0001-01-01T00:00:00.000Z,0,0001-01-01T00:00:00.000Z,0,0001-01-01T00:00:00.000Z,0,2025-12-19T00:00:00.000Z,,,,61559.75,,00,,,,00000,0001-01-01T00:00:00.000Z,0001-01-01T00:00:00.000Z,,,,,0001-01-01T00:00:00.000Z,0001-01-01T00:00:00.000Z,00000,,,,,0001-01-01T00:00:00.000Z,0001-01-01T00:00:00.000Z,0001-01-01T00:00:00.000Z,00:00:00,,,POR ENVIAR,,02 - ACTIVO,2025-12-19T00:00:00.000Z,212.275,61559.75,0,0
600,T50,Compras Abastecimi,5060097199,00010,,2025-12-20T00:00:00.000Z,2025-12-20T00:00:00.000Z,Pedido de Cont.Marco,2025-12-20T00:00:00.000Z,2025,12,1400,0000000696,BADINOTTI PERU S.A.,PISCO SUR,,,,Normal,3070,Suministros diversos,ZAUX,000000000031009169,"CABO NY.TR. MEDIA FUERTE 1/2""",38,KG,PRD,2026-01-04T00:00:00.000Z,6.4,USD,243.2,3.372,1,KG,AUX-FER09,SOGAS Y DRIZAS,030,T82,Comp.AContreras,243.2,TA10,Tecnológica de Alimentos,TPSU,L001,ADMIJOB,Z030,Plazo 30  días.,,0,,,,0070234307,00010,2025-12-19T00:00:00.000Z,2025-12-19T00:00:00.000Z,,T621,PEN,22.55,6.69,0,0,,0001-01-01T00:00:00.000Z,0001-01-01T00:00:00.000Z,12 MESES,,,,,,,,,,,,,,,,Pendiente,,,,0,243.2,243.2,TA,I5,TPSU_Pis  PlanMat JA,3,0001-01-01T00:00:00.000Z,T621,,0,243.2,0001-01-01T00:00:00.000Z,0000,00,TL,P3,Rep.Stock < 10K$,JX,9,ZDES,ZU,,,,,,,,0,0,0,0,0,0,0,0,,JX,BPEREZPALMA,,,,,,,,,,,,,,,2025-12-20T00:00:00.000Z,0,0,0001-01-01T00:00:00.000Z,0,0001-01-01T00:00:00.000Z,0,0001-01-01T00:00:00.000Z,0,0001-01-01T00:00:00.000Z,0,0001-01-01T00:00:00.000Z,0,0001-01-01T00:00:00.000Z,0,0001-01-01T00:00:00.000Z,0,2025-12-20T00:00:00.000Z,Liberado total Exsa,,,243.2,,00,,,5000001696,00530,0001-01-01T00:00:00.000Z,0001-01-01T00:00:00.000Z,8,,,,0001-01-01T00:00:00.000Z,0001-01-01T00:00:00.000Z,00000,,,,,0001-01-01T00:00:00.000Z,0001-01-01T00:00:00.000Z,2025-12-20T00:00:00.000Z,10:30:54,ENTREGAS: Enviar la respuesta a los siguientes cor,,ENVIADO,,05 - LIBERACIÓN CONCLUIDA,0001-01-01T00:00:00.000Z,0,0,0,0
600,T50,Compras Abastecimi,5060097200,00010,,2025-12-20T00:00:00.000Z,2025-12-20T00:00:00.000Z,Pedido de Cont.Marco,2025-12-20T00:00:00.000Z,2025,12,1400,0000009419,CLIMBER WORLD PERU S.A.C.,TASA CALLAO NORTE,,,,Normal,3070,Suministros diversos,ZAUX,000000000031010859,"GRILLETE LIRA GALV.1""",30,ST,ART,2026-01-04T00:00:00.000Z,31.84,USD,955.2,3.372,1,ST,AUX-HER05,HERRAM. ELEVACION,020,T82,Comp.AContreras,955.2,TA10,Tecnológica de Alimentos,TCNO,L001,ADMIJOB,Z020,Plazo 20  dias,,0,,,,0070234268,00010,2025-12-18T00:00:00.000Z,2025-12-19T00:00:00.000Z,,T621,PEN,110.59,32.8,0,0,,0001-01-01T00:00:00.000Z,0001-01-01T00:00:00.000Z,12 MESES,,,,,,,,,,,,,,,,Pendiente,,,,0,955.2,955.2,TA,CJ,TCNO_Cal PlanMat JAb,3,0001-01-01T00:00:00.000Z,T621,,0,955.2,0001-01-01T00:00:00.000Z,0000,00,TL,P3,Rep.Stock < 10K$,JX,9,ZDES,ZN,,,,,,,,1,0,0,0,0,0,0,0,,JX,BPEREZPALMA,,,,,,,,,,,,,,,2025-12-20T00:00:00.000Z,0,0,0001-01-01T00:00:00.000Z,0,0001-01-01T00:00:00.000Z,0,0001-01-01T00:00:00.000Z,0,0001-01-01T00:00:00.000Z,0,0001-01-01T00:00:00.000Z,0,0001-01-01T00:00:00.000Z,0,0001-01-01T00:00:00.000Z,0,2025-12-20T00:00:00.000Z,Liberado total Exsa,,,955.2,,00,,,5000001595,00010,0001-01-01T00:00:00.000Z,0001-01-01T00:00:00.000Z,8,,,,0001-01-01T00:00:00.000Z,0001-01-01T00:00:00.000Z,00000,,,,,0001-01-01T00:00:00.000Z,0001-01-01T00:00:00.000Z,2025-12-20T00:00:00.000Z,10:30:49,ENTREGAS: Enviar la respuesta a los siguientes cor,,ENVIADO,,05 - LIBERACIÓN CONCLUIDA,0001-01-01T00:00:00.000Z,0,0,0,0
600,T50,Compras Abastecimi,5060097201,00010,,2025-12-20T00:00:00.000Z,2025-12-20T00:00:00.000Z,Pedido de Cont.Marco,2025-12-20T00:00:00.000Z,2025,12,1400,0000024967,INDUSTRIAS NACIONALES DE METALES S.,ASTILLERO - CHIMBOTE,,Q,,Normal,3070,Suministros diversos,ZAUX,000000000031011856,"NIPLE SCH40 1/4""X3""",4,ST,BRT,2026-01-04T00:00:00.000Z,2.25,USD,9,3.372,1,ST,AUX-FER12,TUBERIAS,030,T81,Comp.JVallejos,9,TA10,Tecnológica de Alimentos,TAST,L001,ADMIJOB,Z030,Plazo 30  días.,,0,,,,1039431140,00040,2025-12-18T00:00:00.000Z,2025-12-23T00:00:00.000Z,,JLOYOLA,PEN,1.78,0.53,0,0,,0001-01-01T00:00:00.000Z,0001-01-01T00:00:00.000Z,12 MESES,,,,,,,,,,,,,,,,Pendiente,,,,0,9,9,TA,A3,TAST_Ast Proy Astill,3,0001-01-01T00:00:00.000Z,T103,,0,9,0001-01-01T00:00:00.000Z,0000,00,TL,P3,Rep.Stock < 10K$,JX,9,ZDES,JG,,,,,,,,1,0,0,0,0,0,0,0,,JX,BPEREZPALMA,,,,,,,,,,,,,,,2025-12-20T00:00:00.000Z,0,0,0001-01-01T00:00:00.000Z,0,0001-01-01T00:00:00.000Z,0,0001-01-01T00:00:00.000Z,0,0001-01-01T00:00:00.000Z,0,0001-01-01T00:00:00.000Z,0,0001-01-01T00:00:00.000Z,0,0001-01-01T00:00:00.000Z,0,2025-12-20T00:00:00.000Z,Liberado total Exsa,,,9,,00,,,5000001457,03210,0001-01-01T00:00:00.000Z,0001-01-01T00:00:00.000Z,8,,,,0001-01-01T00:00:00.000Z,0001-01-01T00:00:00.000Z,00000,,,,,0001-01-01T00:00:00.000Z,0001-01-01T00:00:00.000Z,2025-12-20T00:00:00.000Z,10:30:45,ENTREGAS: Enviar la respuesta a los siguientes cor,ODM:000005016509-SISTEMA FIFI/WATER SPRAY,ENVIADO,,05 - LIBERACIÓN CONCLUIDA,0001-01-01T00:00:00.000Z,0,0,0,0
600,T50,Compras Abastecimi,5060097202,00010,,2025-12-20T00:00:00.000Z,2025-12-20T00:00:00.000Z,Pedido de Cont.Marco,2025-12-20T00:00:00.000Z,2025,12,1400,0000038907,TECNOLOGIAS DE SEPARACION SAC,MALABRIGO SUR,,F,,Normal,3040,Repuestos,ZRPE,000000000034003004,KIT SERV INTERMEDIO #549208-03,1,ST,EST,2026-01-04T00:00:00.000Z,1628,USD,1628,3.372,1,ST,RPE-TAS05,RPTOS.SEPARADOR CENT,030,T71,Comp.JMontanchez,6375.7,TA10,Tecnológica de Alimentos,TMSU,,ADMIJOB,Z030,Plazo 30  días.,,0,,,PLANTA,0020175574,00010,2025-12-19T00:00:00.000Z,2026-02-09T00:00:00.000Z,LUSANCHEZ,TASA_MAXIMO,USD,1628,1628,0,0,,0001-01-01T00:00:00.000Z,0001-01-01T00:00:00.000Z,12 MESES,,,,,,,,,,TMSU,,,,,,Pendiente,,,,0,1628,1628,TA,M9,TMSU_Mal Man Planif,3,0001-01-01T00:00:00.000Z,TMM1,,0,1628,0001-01-01T00:00:00.000Z,0000,00,TL,P3,Rep.Stock < 10K$,JX,9,ZDES,M2,,,,,,,,0,0,0,0,0,0,0,0,,JX,BPEREZPALMA,,,,,,,,,,,,,,,2025-12-20T00:00:00.000Z,0,0,0001-01-01T00:00:00.000Z,0,0001-01-01T00:00:00.000Z,0,0001-01-01T00:00:00.000Z,0,0001-01-01T00:00:00.000Z,0,0001-01-01T00:00:00.000Z,0,0001-01-01T00:00:00.000Z,0,0001-01-01T00:00:00.000Z,0,2025-12-20T00:00:00.000Z,Liberado total Exsa,,,1628,,00,,,5000001043,00430,0001-01-01T00:00:00.000Z,0001-01-01T00:00:00.000Z,8,,,,0001-01-01T00:00:00.000Z,0001-01-01T00:00:00.000Z,00000,,,,,0001-01-01T00:00:00.000Z,0001-01-01T00:00:00.000Z,2025-12-20T00:00:00.000Z,10:30:40,ENTREGAS: Enviar la respuesta a los siguientes cor,TMSU Cent#3 Alfa Laval AFPX 517 (MAYOR),ENVIADO,,05 - LIBERACIÓN CONCLUIDA,0001-01-01T00:00:00.000Z,0,0,0,0
600,T50,Compras Abastecimi,5060097202,00020,,2025-12-20T00:00:00.000Z,2025-12-20T00:00:00.000Z,Pedido de Cont.Marco,2025-12-20T00:00:00.000Z,2025,12,1400,0000038907,TECNOLOGIAS DE SEPARACION SAC,MALABRIGO SUR,,F,,Normal,3040,Repuestos,ZRPE,000000000034002984,KIT SERV MAYOR #549223-03,1,ST,EST,2026-01-04T00:00:00.000Z,4357,USD,4357,3.372,1,ST,RPE-TAS05,RPTOS.SEPARADOR CENT,030,T71,Comp.JMontanchez,0,TA10,Tecnológica de Alimentos,TMSU,,ADMIJOB,Z030,Plazo 30  días.,,0,,,PLANTA,0020175574,00020,2025-12-19T00:00:00.000Z,2026-02-09T00:00:00.000Z,LUSANCHEZ,TASA_MAXIMO,USD,4357,4357,0,0,,0001-01-01T00:00:00.000Z,0001-01-01T00:00:00.000Z,12 MESES,,,,,,,,,,TMSU,,,,,,Pendiente,,,,0,4357,4357,TA,M9,TMSU_Mal Man Planif,3,0001-01-01T00:00:00.000Z,TMM1,,0,4357,0001-01-01T00:00:00.000Z,0000,00,TL,P3,Rep.Stock < 10K$,JX,9,ZDES,M2,,,,,,,,0,0,0,0,0,0,0,0,,JX,BPEREZPALMA,,,,,,,,,,,,,,,2025-12-20T00:00:00.000Z,0,0,0001-01-01T00:00:00.000Z,0,0001-01-01T00:00:00.000Z,0,0001-01-01T00:00:00.000Z,0,0001-01-01T00:00:00.000Z,0,0001-01-01T00:00:00.000Z,0,0001-01-01T00:00:00.000Z,0,0001-01-01T00:00:00.000Z,0,2025-12-20T00:00:00.000Z,Liberado total Exsa,,,4357,,00,,,5000001043,00420,0001-01-01T00:00:00.000Z,0001-01-01T00:00:00.000Z,8,,,,0001-01-01T00:00:00.000Z,0001-01-01T00:00:00.000Z,00000,,,,,0001-01-01T00:00:00.000Z,0001-01-01T00:00:00.000Z,2025-12-20T00:00:00.000Z,10:30:40,ENTREGAS: Enviar la respuesta a los siguientes cor,TMSU Cent#3 Alfa Laval AFPX 517 (MAYOR),ENVIADO,,05 - LIBERACIÓN CONCLUIDA,0001-01-01T00:00:00.000Z,0,0,0,0
600,T50,Compras Abastecimi,5060097202,00030,,2025-12-20T00:00:00.000Z,2025-12-20T00:00:00.000Z,Pedido de Cont.Marco,2025-12-20T00:00:00.000Z,2025,12,1400,0000038907,TECNOLOGIAS DE SEPARACION SAC,MALABRIGO SUR,,F,,Normal,3040,Repuestos,ZRPE,000000000034005063,HEIGHT ADJUSTING RING #539244 02,3,ST,UIN,2026-01-04T00:00:00.000Z,104,USD,312,3.372,1,ST,RPE-TAS05,RPTOS.SEPARADOR CENT,030,T71,Comp.JMontanchez,0,TA10,Tecnológica de Alimentos,TMSU,,ADMIJOB,Z030,Plazo 30  días.,,0,,,PLANTA,0020175574,00030,2025-12-19T00:00:00.000Z,2026-02-09T00:00:00.000Z,LUSANCHEZ,TASA_MAXIMO,USD,104,104,0,0,,0001-01-01T00:00:00.000Z,0001-01-01T00:00:00.000Z,12 MESES,,,,,,,,,,TMSU,,,,,,Pendiente,,,,0,312,312,TA,M9,TMSU_Mal Man Planif,3,0001-01-01T00:00:00.000Z,TMM1,,0,312,0001-01-01T00:00:00.000Z,0000,00,TL,P3,Rep.Stock < 10K$,JX,9,ZDES,M2,,,,,,,,0,0,0,0,0,0,0,0,,JX,BPEREZPALMA,,,,,,,,,,,,,,,2025-12-20T00:00:00.000Z,0,0,0001-01-01T00:00:00.000Z,0,0001-01-01T00:00:00.000Z,0,0001-01-01T00:00:00.000Z,0,0001-01-01T00:00:00.000Z,0,0001-01-01T00:00:00.000Z,0,0001-01-01T00:00:00.000Z,0,0001-01-01T00:00:00.000Z,0,2025-12-20T00:00:00.000Z,Liberado total Exsa,,,312,,00,,,5000001043,00710,0001-01-01T00:00:00.000Z,0001-01-01T00:00:00.000Z,8,,,,0001-01-01T00:00:00.000Z,0001-01-01T00:00:00.000Z,00000,,,,,0001-01-01T00:00:00.000Z,0001-01-01T00:00:00.000Z,2025-12-20T00:00:00.000Z,10:30:40,ENTREGAS: Enviar la respuesta a los siguientes cor,TMSU Cent#3 Alfa Laval AFPX 517 (MAYOR),ENVIADO,,05 - LIBERACIÓN CONCLUIDA,0001-01-01T00:00:00.000Z,0,0,0,0
600,T50,Compras Abastecimi,5060097202,00040,,2025-12-20T00:00:00.000Z,2025-12-20T00:00:00.000Z,Pedido de Cont.Marco,2025-12-20T00:00:00.000Z,2025,12,1400,0000038907,TECNOLOGIAS DE SEPARACION SAC,MALABRIGO SUR,,F,,Normal,3040,Repuestos,ZRPE,000000000034005176,O-RING #223406 36,1,ST,UIN,2026-01-04T00:00:00.000Z,3.7,USD,3.7,3.372,1,ST,RPE-TAS05,RPTOS.SEPARADOR CENT,030,T71,Comp.JMontanchez,0,TA10,Tecnológica de Alimentos,TMSU,,ADMIJOB,Z030,Plazo 30  días.,,0,,,PLANTA,0020175574,00050,2025-12-19T00:00:00.000Z,2026-02-09T00:00:00.000Z,LUSANCHEZ,TASA_MAXIMO,USD,3.7,3.7,0,0,,0001-01-01T00:00:00.000Z,0001-01-01T00:00:00.000Z,12 MESES,,,,,,,,,,TMSU,,,,,,Pendiente,,,,0,3.7,3.7,TA,M9,TMSU_Mal Man Planif,3,0001-01-01T00:00:00.000Z,TMM1,,0,3.7,0001-01-01T00:00:00.000Z,0000,00,TL,P3,Rep.Stock < 10K$,JX,9,ZDES,M2,,,,,,,,0,0,0,0,0,0,0,0,,JX,BPEREZPALMA,,,,,,,,,,,,,,,2025-12-20T00:00:00.000Z,0,0,0001-01-01T00:00:00.000Z,0,0001-01-01T00:00:00.000Z,0,0001-01-01T00:00:00.000Z,0,0001-01-01T00:00:00.000Z,0,0001-01-01T00:00:00.000Z,0,0001-01-01T00:00:00.000Z,0,0001-01-01T00:00:00.000Z,0,2025-12-20T00:00:00.000Z,Liberado total Exsa,,,3.7,,00,,,5000001043,00730,0001-01-01T00:00:00.000Z,0001-01-01T00:00:00.000Z,8,,,,0001-01-01T00:00:00.000Z,0001-01-01T00:00:00.000Z,00000,,,,,0001-01-01T00:00:00.000Z,0001-01-01T00:00:00.000Z,2025-12-20T00:00:00.000Z,10:30:40,ENTREGAS: Enviar la respuesta a los siguientes cor,TMSU Cent#3 Alfa Laval AFPX 517 (MAYOR),ENVIADO,,05 - LIBERACIÓN CONCLUIDA,0001-01-01T00:00:00.000Z,0,0,0,0
600,T50,Compras Abastecimi,5060097202,00050,,2025-12-20T00:00:00.000Z,2025-12-20T00:00:00.000Z,Pedido de Cont.Marco,2025-12-20T00:00:00.000Z,2025,12,1400,0000038907,TECNOLOGIAS DE SEPARACION SAC,MALABRIGO SUR,,F,,Normal,3040,Repuestos,ZRPE,000000000034004751,CORRUGATED SHIM #55421602,1,JGO,UIN,2026-01-04T00:00:00.000Z,75,USD,75,3.372,1,JGO,RPE-TAS05,RPTOS.SEPARADOR CENT,030,T71,Comp.JMontanchez,0,TA10,Tecnológica de Alimentos,TMSU,,ADMIJOB,Z030,Plazo 30  días.,,0,,,PLANTA,0020175574,00060,2025-12-19T00:00:00.000Z,2026-02-09T00:00:00.000Z,LUSANCHEZ,TASA_MAXIMO,USD,75,75,0,0,,0001-01-01T00:00:00.000Z,0001-01-01T00:00:00.000Z,12 MESES,,,,,,,,,,TMSU,,,,,,Pendiente,,,,0,75,75,TA,M9,TMSU_Mal Man Planif,3,0001-01-01T00:00:00.000Z,TMM1,,0,75,0001-01-01T00:00:00.000Z,0000,00,TL,P3,Rep.Stock < 10K$,JX,9,ZDES,M2,,,,,,,,0,0,0,0,0,0,0,0,,JX,BPEREZPALMA,,,,,,,,,,,,,,,2025-12-20T00:00:00.000Z,0,0,0001-01-01T00:00:00.000Z,0,0001-01-01T00:00:00.000Z,0,0001-01-01T00:00:00.000Z,0,0001-01-01T00:00:00.000Z,0,0001-01-01T00:00:00.000Z,0,0001-01-01T00:00:00.000Z,0,0001-01-01T00:00:00.000Z,0,2025-12-20T00:00:00.000Z,Liberado total Exsa,,,75,,00,,,5000001043,00960,0001-01-01T00:00:00.000Z,0001-01-01T00:00:00.000Z,8,,,,0001-01-01T00:00:00.000Z,0001-01-01T00:00:00.000Z,00000,,,,,0001-01-01T00:00:00.000Z,0001-01-01T00:00:00.000Z,2025-12-20T00:00:00.000Z,10:30:40,ENTREGAS: Enviar la respuesta a los siguientes cor,TMSU Cent#3 Alfa Laval AFPX 517 (MAYOR),ENVIADO,,05 - LIBERACIÓN CONCLUIDA,0001-01-01T00:00:00.000Z,0,0,0,0
600,T50,Compras Abastecimi,5060097203,00010,,2025-12-20T00:00:00.000Z,2025-12-20T00:00:00.000Z,Pedido de Cont.Marco,2025-12-20T00:00:00.000Z,2025,12,1400,2010003164,CONTIX S.A.,TASA CALLAO NORTE,,,,Normal,3040,Repuestos,ZRPG,000000000033059248,"ADAPT.HID.90° M.NPT 1/2""-H.NPS 1/2""",2,ST,UIN,2026-01-04T00:00:00.000Z,3.16,USD,6.32,3.372,1,ST,RPG-MEC12,MANGUERAS Y ACC.,090,T80,Comp.VUribe,38.62,TA10,Tecnológica de Alimentos,TCNO,L001,ADMIJOB,Z090,Plazo 90  días,,0,,,PESCA,1039431123,00040,2025-12-18T00:00:00.000Z,2026-01-19T00:00:00.000Z,ACARDENAS,JDELACRUZ,PEN,11.39,3.38,0,0,,0001-01-01T00:00:00.000Z,0001-01-01T00:00:00.000Z,12 MESES,,,,,,,,,,T414 / T023,,,,,,Pendiente,,,,0,6.32,6.32,TA,F2,Flota Plan Mantto,3,0001-01-01T00:00:00.000Z,TMF2,UN,0,6.32,0001-01-01T00:00:00.000Z,0000,00,TL,P3,Rep.Stock < 10K$,JX,9,ZDES,JE,,,,,,,,1,0,0,0,0,0,0,0,,JX,BPEREZPALMA,,,,,,,,,,,,,,,2025-12-20T00:00:00.000Z,0,0,0001-01-01T00:00:00.000Z,0,0001-01-01T00:00:00.000Z,0,0001-01-01T00:00:00.000Z,0,0001-01-01T00:00:00.000Z,0,0001-01-01T00:00:00.000Z,0,0001-01-01T00:00:00.000Z,0,0001-01-01T00:00:00.000Z,0,2025-12-20T00:00:00.000Z,Liberado total Exsa,,,6.32,,00,,,5000000998,08280,0001-01-01T00:00:00.000Z,0001-01-01T00:00:00.000Z,8,,,,0001-01-01T00:00:00.000Z,0001-01-01T00:00:00.000Z,00000,,,,,0001-01-01T00:00:00.000Z,0001-01-01T00:00:00.000Z,2025-12-20T00:00:00.000Z,10:30:31,ENTREGAS: Enviar la respuesta a los siguientes cor,39070911 ODM:M759076-PM T414 SH 2100C BOMBA ABSORB,ENVIADO,,05 - LIBERACIÓN CONCLUIDA,0001-01-01T00:00:00.000Z,0,0,0,0
600,T50,Compras Abastecimi,5060097203,00020,,2025-12-20T00:00:00.000Z,2025-12-20T00:00:00.000Z,Pedido de Cont.Marco,2025-12-20T00:00:00.000Z,2025,12,1400,2010003164,CONTIX S.A.,TASA CALLAO NORTE,,,,Normal,3040,Repuestos,ZRPG,000000000033059248,"ADAPT.HID.90° M.NPT 1/2""-H.NPS 1/2""",2,ST,UIN,2026-01-04T00:00:00.000Z,3.16,USD,6.32,3.372,1,ST,RPG-MEC12,MANGUERAS Y ACC.,090,T80,Comp.VUribe,0,TA10,Tecnológica de Alimentos,TCNO,L001,ADMIJOB,Z090,Plazo 90  días,,0,,,PESCA,1039431125,00010,2025-12-18T00:00:00.000Z,2026-01-19T00:00:00.000Z,ACARDENAS,JDELACRUZ,PEN,11.39,3.38,0,0,,0001-01-01T00:00:00.000Z,0001-01-01T00:00:00.000Z,12 MESES,,,,,,,,,,T414 / T023,,,,,,Pendiente,,,,0,6.32,6.32,TA,F2,Flota Plan Mantto,3,0001-01-01T00:00:00.000Z,TMF2,UN,0,6.32,0001-01-01T00:00:00.000Z,0000,00,TL,P3,Rep.Stock < 10K$,JX,9,ZDES,JE,,,,,,,,1,0,0,0,0,0,0,0,,JX,BPEREZPALMA,,,,,,,,,,,,,,,2025-12-20T00:00:00.000Z,0,0,0001-01-01T00:00:00.000Z,0,0001-01-01T00:00:00.000Z,0,0001-01-01T00:00:00.000Z,0,0001-01-01T00:00:00.000Z,0,0001-01-01T00:00:00.000Z,0,0001-01-01T00:00:00.000Z,0,0001-01-01T00:00:00.000Z,0,2025-12-20T00:00:00.000Z,Liberado total Exsa,,,6.32,,00,,,5000000998,08280,0001-01-01T00:00:00.000Z,0001-01-01T00:00:00.000Z,8,,,,0001-01-01T00:00:00.000Z,0001-01-01T00:00:00.000Z,00000,,,,,0001-01-01T00:00:00.000Z,0001-01-01T00:00:00.000Z,2025-12-20T00:00:00.000Z,10:30:31,ENTREGAS: Enviar la respuesta a los siguientes cor,39070900 ODM:M759085-T414 SH 2100C ENROLLADOR DE M,ENVIADO,,05 - LIBERACIÓN CONCLUIDA,0001-01-01T00:00:00.000Z,0,0,0,0
600,T50,Compras Abastecimi,5060097203,00030,,2025-12-20T00:00:00.000Z,2025-12-20T00:00:00.000Z,Pedido de Cont.Marco,2025-12-20T00:00:00.000Z,2025,12,1400,2010003164,CONTIX S.A.,TASA CALLAO NORTE,,,,Normal,3040,Repuestos,ZRPG,000000000033059291,"ADAPT.HID.REC.M.NPT 1 1/4""-H.NPS 1 1/4""",2,ST,UIN,2026-01-04T00:00:00.000Z,12.99,USD,25.98,3.372,1,ST,RPG-MEC12,MANGUERAS Y ACC.,090,T80,Comp.VUribe,0,TA10,Tecnológica de Alimentos,TCNO,L001,ADMIJOB,Z090,Plazo 90  días,,0,,,PESCA,1039431162,00010,2025-12-18T00:00:00.000Z,2026-01-19T00:00:00.000Z,ACARDENAS,JDELACRUZ,PEN,48.3,14.32,0,0,,0001-01-01T00:00:00.000Z,0001-01-01T00:00:00.000Z,12 MESES,,,,,,,,,,T414 / T023,,,,,,Pendiente,,,,0,25.98,25.98,TA,F2,Flota Plan Mantto,3,0001-01-01T00:00:00.000Z,TMF2,UN,0,25.98,0001-01-01T00:00:00.000Z,0000,00,TL,P3,Rep.Stock < 10K$,JX,9,ZDES,JE,,,,,,,,1,0,0,0,0,0,0,0,,JX,BPEREZPALMA,,,,,,,,,,,,,,,2025-12-20T00:00:00.000Z,0,0,0001-01-01T00:00:00.000Z,0,0001-01-01T00:00:00.000Z,0,0001-01-01T00:00:00.000Z,0,0001-01-01T00:00:00.000Z,0,0001-01-01T00:00:00.000Z,0,0001-01-01T00:00:00.000Z,0,0001-01-01T00:00:00.000Z,0,2025-12-20T00:00:00.000Z,Liberado total Exsa,,,25.98,,00,,,5000000998,07750,0001-01-01T00:00:00.000Z,0001-01-01T00:00:00.000Z,8,,,,0001-01-01T00:00:00.000Z,0001-01-01T00:00:00.000Z,00000,,,,,0001-01-01T00:00:00.000Z,0001-01-01T00:00:00.000Z,2025-12-20T00:00:00.000Z,10:30:31,ENTREGAS: Enviar la respuesta a los siguientes cor,39070673 ODM:M758938-PM T23 SH 2100C MACACO,ENVIADO,,05 - LIBERACIÓN CONCLUIDA,0001-01-01T00:00:00.000Z,0,0,0,0
600,T50,Compras Abastecimi,5060097204,00010,,2025-12-20T00:00:00.000Z,2025-12-20T00:00:00.000Z,Pedido de Cont.Marco,2025-12-20T00:00:00.000Z,2025,12,1400,2010004713,UNION YCHICAWA S A,TASA CALLAO NORTE,,,,Normal,3070,Suministros diversos,ZDIV,000000000032004070,CUCHILLA P/LICUADORA,4,ST,STA,2026-01-04T00:00:00.000Z,14.5,PEN,58,1,1,ST,DIV-HAB07,UTENSILIOS DE COCINA,060,T74,Comp.EGonzales,17.2,TA10,Tecnológica de Alimentos,TCNO,L001,ADMIJOB,Z060,Plazo 60  días,,0,,,TCPE,0070234247,00010,2025-12-18T00:00:00.000Z,2025-12-19T00:00:00.000Z,,T621,PEN,14.5,4.3,0,0,,0001-01-01T00:00:00.000Z,0001-01-01T00:00:00.000Z,12 MESES,,,,,,,,,,T414 / T023,,,,,,Pendiente,,,,0,58,17.2,TA,CJ,TCNO_Cal PlanMat JAb,3,0001-01-01T00:00:00.000Z,T621,,0,17.2,0001-01-01T00:00:00.000Z,0000,00,TL,P3,Rep.Stock < 10K$,JX,9,ZDES,ZN,,,,,,,,1,0,0,0,0,0,0,0,,JX,BPEREZPALMA,,,,,,,,,,,,,,,2025-12-20T00:00:00.000Z,0,0,0001-01-01T00:00:00.000Z,0,0001-01-01T00:00:00.000Z,0,0001-01-01T00:00:00.000Z,0,0001-01-01T00:00:00.000Z,0,0001-01-01T00:00:00.000Z,0,0001-01-01T00:00:00.000Z,0,0001-01-01T00:00:00.000Z,0,2025-12-20T00:00:00.000Z,Liberado total Exsa,,,17.2,,00,,,5000001534,00420,0001-01-01T00:00:00.000Z,0001-01-01T00:00:00.000Z,8,,,,0001-01-01T00:00:00.000Z,0001-01-01T00:00:00.000Z,00000,,,,,0001-01-01T00:00:00.000Z,0001-01-01T00:00:00.000Z,2025-12-20T00:00:00.000Z,10:30:27,ENTREGAS: Enviar la respuesta a los siguientes cor,,ENVIADO,,05 - LIBERACIÓN CONCLUIDA,0001-01-01T00:00:00.000Z,0,0,0,0
600,T50,Compras Abastecimi,5060097205,00010,,2025-12-20T00:00:00.000Z,2025-12-20T00:00:00.000Z,Pedido de Cont.Marco,2025-12-20T00:00:00.000Z,2025,12,1400,2010007372,CORPORACION PERUANA DE PRODUCTOS QUIMICOS S.A. CPPQ S.A.,CHIMBOTE,,,,Normal,3070,Suministros diversos,ZAUX,000000000031013128,PINT.JET62ZP ANTIDES.ROJO.OX2GL B:222541,4,JGO,INA,2026-01-04T00:00:00.000Z,44,USD,176,3.372,1,JGO,AUX-FER07,PINTURAS Y DERIVADOS,060,T80,Comp.VUribe,3810,TA10,Tecnológica de Alimentos,TCHI,L001,ADMIJOB,Z060,Plazo 60  días,,0,,,,1039430885,00010,2025-12-17T00:00:00.000Z,2025-12-25T00:00:00.000Z,,LRODRIGUEZT,PEN,155,45.94,0,0,,0001-01-01T00:00:00.000Z,0001-01-01T00:00:00.000Z,12 MESES,,,,,,,,,,P021 / P022,,,,,,Pendiente,,,,0,176,176,TA,F2,Flota Plan Mantto,3,0001-01-01T00:00:00.000Z,TMF2,,0,176,0001-01-01T00:00:00.000Z,0000,00,TL,P3,Rep.Stock < 10K$,JX,9,ZDES,JE,,,,,,,,2,0,0,0,0,0,0,0,,JX,BPEREZPALMA,,,,,,,,,,,,,,,2025-12-20T00:00:00.000Z,0,0,0001-01-01T00:00:00.000Z,0,0001-01-01T00:00:00.000Z,0,0001-01-01T00:00:00.000Z,0,0001-01-01T00:00:00.000Z,0,0001-01-01T00:00:00.000Z,0,0001-01-01T00:00:00.000Z,0,0001-01-01T00:00:00.000Z,0,2025-12-20T00:00:00.000Z,Liberado total Exsa,,,176,,00,,,5000000734,01880,0001-01-01T00:00:00.000Z,0001-01-01T00:00:00.000Z,8,,,,0001-01-01T00:00:00.000Z,0001-01-01T00:00:00.000Z,00000,,,,,0001-01-01T00:00:00.000Z,0001-01-01T00:00:00.000Z,2025-12-20T00:00:00.000Z,10:30:23,ENTREGAS: Enviar la respuesta a los siguientes cor,ODM:000005015242-Carena T041,ENVIADO,,05 - LIBERACIÓN CONCLUIDA,0001-01-01T00:00:00.000Z,0,0,0,0
600,T50,Compras Abastecimi,5060097205,00020,,2025-12-20T00:00:00.000Z,2025-12-20T00:00:00.000Z,Pedido de Cont.Marco,2025-12-20T00:00:00.000Z,2025,12,1400,2010007372,CORPORACION PERUANA DE PRODUCTOS QUIMICOS S.A. CPPQ S.A.,CHIMBOTE,,,,Normal,3070,Suministros diversos,ZAUX,000000000031013128,PINT.JET62ZP ANTIDES.ROJO.OX2GL B:222541,2,JGO,INA,2026-01-04T00:00:00.000Z,44,USD,88,3.372,1,JGO,AUX-FER07,PINTURAS Y DERIVADOS,060,T80,Comp.VUribe,0,TA10,Tecnológica de Alimentos,TCHI,L001,ADMIJOB,Z060,Plazo 60  días,,0,,,,1039430885,00020,2025-12-17T00:00:00.000Z,2025-12-25T00:00:00.000Z,,LRODRIGUEZT,PEN,155,45.94,0,0,,0001-01-01T00:00:00.000Z,0001-01-01T00:00:00.000Z,12 MESES,,,,,,,,,,P021 / P022,,,,,,Pendiente,,,,0,88,88,TA,F2,Flota Plan Mantto,3,0001-01-01T00:00:00.000Z,TMF2,,0,88,0001-01-01T00:00:00.000Z,0000,00,TL,P3,Rep.Stock < 10K$,JX,9,ZDES,JE,,,,,,,,2,0,0,0,0,0,0,0,,JX,BPEREZPALMA,,,,,,,,,,,,,,,2025-12-20T00:00:00.000Z,0,0,0001-01-01T00:00:00.000Z,0,0001-01-01T00:00:00.000Z,0,0001-01-01T00:00:00.000Z,0,0001-01-01T00:00:00.000Z,0,0001-01-01T00:00:00.000Z,0,0001-01-01T00:00:00.000Z,0,0001-01-01T00:00:00.000Z,0,2025-12-20T00:00:00.000Z,Liberado total Exsa,,,88,,00,,,5000000734,01880,0001-01-01T00:00:00.000Z,0001-01-01T00:00:00.000Z,8,,,,0001-01-01T00:00:00.000Z,0001-01-01T00:00:00.000Z,00000,,,,,0001-01-01T00:00:00.000Z,0001-01-01T00:00:00.000Z,2025-12-20T00:00:00.000Z,10:30:23,ENTREGAS: Enviar la respuesta a los siguientes cor,ODM:000005015244-Carena T427,ENVIADO,,05 - LIBERACIÓN CONCLUIDA,0001-01-01T00:00:00.000Z,0,0,0,0
600,T50,Compras Abastecimi,5060097205,00030,,2025-12-20T00:00:00.000Z,2025-12-20T00:00:00.000Z,Pedido de Cont.Marco,2025-12-20T00:00:00.000Z,2025,12,1400,2010007372,CORPORACION PERUANA DE PRODUCTOS QUIMICOS S.A. CPPQ S.A.,ASTILLERO - CHIMBOTE,,,,Normal,3070,Suministros diversos,ZAUX,000000000031013050,PINT.JET 70 MP GRIS 1680 2GL,2,JGO,STA,2026-01-04T00:00:00.000Z,46,USD,92,3.372,1,JGO,AUX-FER07,PINTURAS Y DERIVADOS,060,T80,Comp.VUribe,0,TA10,Tecnológica de Alimentos,TAST,L001,ADMIJOB,Z060,Plazo 60  días,,0,,,,1039431141,00030,2025-12-18T00:00:00.000Z,2025-12-18T00:00:00.000Z,,JLOYOLA,PEN,155.94,46.25,0,0,,0001-01-01T00:00:00.000Z,0001-01-01T00:00:00.000Z,12 MESES,,,,,,,,,,P021 / P022,,,,,,Pendiente,,,,0,92,92,TA,A3,TAST_Ast Proy Astill,3,0001-01-01T00:00:00.000Z,T103,,0,92,0001-01-01T00:00:00.000Z,0000,00,TL,P3,Rep.Stock < 10K$,JX,9,ZDES,JG,,,,,,,,1,0,0,0,0,0,0,0,,JX,BPEREZPALMA,,,,,,,,,,,,,,,2025-12-20T00:00:00.000Z,0,0,0001-01-01T00:00:00.000Z,0,0001-01-01T00:00:00.000Z,0,0001-01-01T00:00:00.000Z,0,0001-01-01T00:00:00.000Z,0,0001-01-01T00:00:00.000Z,0,0001-01-01T00:00:00.000Z,0,0001-01-01T00:00:00.000Z,0,2025-12-20T00:00:00.000Z,Liberado total Exsa,,,92,,00,,,5000000734,00320,0001-01-01T00:00:00.000Z,0001-01-01T00:00:00.000Z,8,,,,0001-01-01T00:00:00.000Z,0001-01-01T00:00:00.000Z,00000,,,,,0001-01-01T00:00:00.000Z,0001-01-01T00:00:00.000Z,2025-12-20T00:00:00.000Z,10:30:23,ENTREGAS: Enviar la respuesta a los siguientes cor,,ENVIADO,,05 - LIBERACIÓN CONCLUIDA,0001-01-01T00:00:00.000Z,0,0,0,0
600,T50,Compras Abastecimi,5060097205,00040,,2025-12-20T00:00:00.000Z,2025-12-20T00:00:00.000Z,Pedido de Cont.Marco,2025-12-20T00:00:00.000Z,2025,12,1400,2010007372,CORPORACION PERUANA DE PRODUCTOS QUIMICOS S.A. CPPQ S.A.,TASA CALLAO NORTE,,,,Normal,3070,Suministros diversos,ZAUX,000000000031013081,PINT.DURAMASTIC 2 AMARILLO 1300 2GL,1,JGO,STA,2026-01-04T00:00:00.000Z,110,USD,110,3.372,1,JGO,AUX-FER07,PINTURAS Y DERIVADOS,060,T80,Comp.VUribe,0,TA10,Tecnológica de Alimentos,TCNO,L001,ADMIJOB,Z060,Plazo 60  días,,0,,,PESCA,1039431182,00020,2025-12-18T00:00:00.000Z,2026-01-19T00:00:00.000Z,MTAPIA,JDELACRUZ,PEN,383.39,113.7,0,0,,0001-01-01T00:00:00.000Z,0001-01-01T00:00:00.000Z,12 MESES,,,,,,,,,,P021 / P022,,,,,,Pendiente,,,,0,110,110,TA,F2,Flota Plan Mantto,3,0001-01-01T00:00:00.000Z,TMF2,,0,110,0001-01-01T00:00:00.000Z,0000,00,TL,P3,Rep.Stock < 10K$,JX,9,ZDES,JE,,,,,,,,1,0,0,0,0,0,0,0,,JX,BPEREZPALMA,,,,,,,,,,,,,,,2025-12-20T00:00:00.000Z,0,0,0001-01-01T00:00:00.000Z,0,0001-01-01T00:00:00.000Z,0,0001-01-01T00:00:00.000Z,0,0001-01-01T00:00:00.000Z,0,0001-01-01T00:00:00.000Z,0,0001-01-01T00:00:00.000Z,0,0001-01-01T00:00:00.000Z,0,2025-12-20T00:00:00.000Z,Liberado total Exsa,,,110,,00,,,5000000734,01350,0001-01-01T00:00:00.000Z,0001-01-01T00:00:00.000Z,8,,,,0001-01-01T00:00:00.000Z,0001-01-01T00:00:00.000Z,00000,,,,,0001-01-01T00:00:00.000Z,0001-01-01T00:00:00.000Z,2025-12-20T00:00:00.000Z,10:30:23,ENTREGAS: Enviar la respuesta a los siguientes cor,39071124 ODM:M759224-P021_PM_PINTURA CASCO AR,ENVIADO,,05 - LIBERACIÓN CONCLUIDA,0001-01-01T00:00:00.000Z,0,0,0,0
600,T50,Compras Abastecimi,5060097205,00050,,2025-12-20T00:00:00.000Z,2025-12-20T00:00:00.000Z,Pedido de Cont.Marco,2025-12-20T00:00:00.000Z,2025,12,1400,2010007372,CORPORACION PERUANA DE PRODUCTOS QUIMICOS S.A. CPPQ S.A.,TASA CALLAO NORTE,,,,Normal,3070,Suministros diversos,ZAUX,000000000031013124,PINT.DUROFLEX 985 CELESTE 1550+CAT 1GL,3,JGO,STA,2026-01-04T00:00:00.000Z,45,USD,135,3.372,1,JGO,AUX-FER07,PINTURAS Y DERIVADOS,060,T80,Comp.VUribe,0,TA10,Tecnológica de Alimentos,TCNO,L001,ADMIJOB,Z060,Plazo 60  días,,0,,,PESCA,1039431182,00030,2025-12-18T00:00:00.000Z,2026-01-19T00:00:00.000Z,MTAPIA,JDELACRUZ,PEN,154.89,45.93,0,0,,0001-01-01T00:00:00.000Z,0001-01-01T00:00:00.000Z,12 MESES,,,,,,,,,,P021 / P022,,,,,,Pendiente,,,,0,135,135,TA,F2,Flota Plan Mantto,3,0001-01-01T00:00:00.000Z,TMF2,,0,135,0001-01-01T00:00:00.000Z,0000,00,TL,P3,Rep.Stock < 10K$,JX,9,ZDES,JE,,,,,,,,1,0,0,0,0,0,0,0,,JX,BPEREZPALMA,,,,,,,,,,,,,,,2025-12-20T00:00:00.000Z,0,0,0001-01-01T00:00:00.000Z,0,0001-01-01T00:00:00.000Z,0,0001-01-01T00:00:00.000Z,0,0001-01-01T00:00:00.000Z,0,0001-01-01T00:00:00.000Z,0,0001-01-01T00:00:00.000Z,0,0001-01-01T00:00:00.000Z,0,2025-12-20T00:00:00.000Z,Liberado total Exsa,,,135,,00,,,5000000734,01870,0001-01-01T00:00:00.000Z,0001-01-01T00:00:00.000Z,8,,,,0001-01-01T00:00:00.000Z,0001-01-01T00:00:00.000Z,00000,,,,,0001-01-01T00:00:00.000Z,0001-01-01T00:00:00.000Z,2025-12-20T00:00:00.000Z,10:30:23,ENTREGAS: Enviar la respuesta a los siguientes cor,39071124 ODM:M759224-P021_PM_PINTURA CASCO AR,ENVIADO,,05 - LIBERACIÓN CONCLUIDA,0001-01-01T00:00:00.000Z,0,0,0,0
600,T50,Compras Abastecimi,5060097205,00060,,2025-12-20T00:00:00.000Z,2025-12-20T00:00:00.000Z,Pedido de Cont.Marco,2025-12-20T00:00:00.000Z,2025,12,1400,2010007372,CORPORACION PERUANA DE PRODUCTOS QUIMICOS S.A. CPPQ S.A.,TASA CALLAO NORTE,,,,Normal,3070,Suministros diversos,ZAUX,000000000031013122,PINT.DUROFLEX 985 AZUL OSCU.1500+CAT 1GL,6,JGO,STA,2026-01-04T00:00:00.000Z,48,USD,288,3.372,1,JGO,AUX-FER07,PINTURAS Y DERIVADOS,060,T80,Comp.VUribe,0,TA10,Tecnológica de Alimentos,TCNO,L001,ADMIJOB,Z060,Plazo 60  días,,0,,,PESCA,1039431182,00040,2025-12-18T00:00:00.000Z,2026-01-19T00:00:00.000Z,MTAPIA,JDELACRUZ,PEN,174.22,51.67,0,0,,0001-01-01T00:00:00.000Z,0001-01-01T00:00:00.000Z,12 MESES,,,,,,,,,,P021 / P022,,,,,,Pendiente,,,,0,288,288,TA,F2,Flota Plan Mantto,3,0001-01-01T00:00:00.000Z,TMF2,,0,288,0001-01-01T00:00:00.000Z,0000,00,TL,P3,Rep.Stock < 10K$,JX,9,ZDES,JE,,,,,,,,1,0,0,0,0,0,0,0,,JX,BPEREZPALMA,,,,,,,,,,,,,,,2025-12-20T00:00:00.000Z,0,0,0001-01-01T00:00:00.000Z,0,0001-01-01T00:00:00.000Z,0,0001-01-01T00:00:00.000Z,0,0001-01-01T00:00:00.000Z,0,0001-01-01T00:00:00.000Z,0,0001-01-01T00:00:00.000Z,0,0001-01-01T00:00:00.000Z,0,2025-12-20T00:00:00.000Z,Liberado total Exsa,,,288,,00,,,5000000734,01790,0001-01-01T00:00:00.000Z,0001-01-01T00:00:00.000Z,8,,,,0001-01-01T00:00:00.000Z,0001-01-01T00:00:00.000Z,00000,,,,,0001-01-01T00:00:00.000Z,0001-01-01T00:00:00.000Z,2025-12-20T00:00:00.000Z,10:30:23,ENTREGAS: Enviar la respuesta a los siguientes cor,39071124 ODM:M759224-P021_PM_PINTURA CASCO AR,ENVIADO,,05 - LIBERACIÓN CONCLUIDA,0001-01-01T00:00:00.000Z,0,0,0,0
600,T50,Compras Abastecimi,5060097205,00070,,2025-12-20T00:00:00.000Z,2025-12-20T00:00:00.000Z,Pedido de Cont.Marco,2025-12-20T00:00:00.000Z,2025,12,1400,2010007372,CORPORACION PERUANA DE PRODUCTOS QUIMICOS S.A. CPPQ S.A.,TASA CALLAO NORTE,,,,Normal,3070,Suministros diversos,ZAUX,000000000031013180,PINT.PROTECTO 2174 GRIS(3/4)+CAT(1/4),5,JGO,STA,2026-01-04T00:00:00.000Z,30,USD,150,3.372,1,JGO,AUX-FER07,PINTURAS Y DERIVADOS,060,T80,Comp.VUribe,0,TA10,Tecnológica de Alimentos,TCNO,L001,ADMIJOB,Z060,Plazo 60  días,,0,,,PESCA,1039431182,00050,2025-12-18T00:00:00.000Z,2026-01-19T00:00:00.000Z,MTAPIA,JDELACRUZ,PEN,101.95,30.23,0,0,,0001-01-01T00:00:00.000Z,0001-01-01T00:00:00.000Z,12 MESES,,,,,,,,,,P021 / P022,,,,,,Pendiente,,,,0,150,150,TA,F2,Flota Plan Mantto,3,0001-01-01T00:00:00.000Z,TMF2,,0,150,0001-01-01T00:00:00.000Z,0000,00,TL,P3,Rep.Stock < 10K$,JX,9,ZDES,JE,,,,,,,,1,0,0,0,0,0,0,0,,JX,BPEREZPALMA,,,,,,,,,,,,,,,2025-12-20T00:00:00.000Z,0,0,0001-01-01T00:00:00.000Z,0,0001-01-01T00:00:00.000Z,0,0001-01-01T00:00:00.000Z,0,0001-01-01T00:00:00.000Z,0,0001-01-01T00:00:00.000Z,0,0001-01-01T00:00:00.000Z,0,0001-01-01T00:00:00.000Z,0,2025-12-20T00:00:00.000Z,Liberado total Exsa,,,150,,00,,,5000000734,01020,0001-01-01T00:00:00.000Z,0001-01-01T00:00:00.000Z,8,,,,0001-01-01T00:00:00.000Z,0001-01-01T00:00:00.000Z,00000,,,,,0001-01-01T00:00:00.000Z,0001-01-01T00:00:00.000Z,2025-12-20T00:00:00.000Z,10:30:23,ENTREGAS: Enviar la respuesta a los siguientes cor,39071124 ODM:M759224-P021_PM_PINTURA CASCO AR,ENVIADO,,05 - LIBERACIÓN CONCLUIDA,0001-01-01T00:00:00.000Z,0,0,0,0
600,T50,Compras Abastecimi,5060097205,00080,,2025-12-20T00:00:00.000Z,2025-12-20T00:00:00.000Z,Pedido de Cont.Marco,2025-12-20T00:00:00.000Z,2025,12,1400,2010007372,CORPORACION PERUANA DE PRODUCTOS QUIMICOS S.A. CPPQ S.A.,TASA CALLAO NORTE,,,,Normal,3070,Suministros diversos,ZAUX,000000000031013110,PINT.DURAMASTIC 930 GRIS NIEBLA 1680 2GL,8,JGO,STA,2026-01-04T00:00:00.000Z,90,USD,720,3.372,1,JGO,AUX-FER07,PINTURAS Y DERIVADOS,060,T80,Comp.VUribe,0,TA10,Tecnológica de Alimentos,TCNO,L001,ADMIJOB,Z060,Plazo 60  días,,0,,,PESCA,1039431182,00060,2025-12-18T00:00:00.000Z,2026-01-19T00:00:00.000Z,MTAPIA,JDELACRUZ,PEN,312.54,92.69,0,0,,0001-01-01T00:00:00.000Z,0001-01-01T00:00:00.000Z,12 MESES,,,,,,,,,,P021 / P022,,,,,,Pendiente,,,,0,720,720,TA,F2,Flota Plan Mantto,3,0001-01-01T00:00:00.000Z,TMF2,,0,720,0001-01-01T00:00:00.000Z,0000,00,TL,P3,Rep.Stock < 10K$,JX,9,ZDES,JE,,,,,,,,1,0,0,0,0,0,0,0,,JX,BPEREZPALMA,,,,,,,,,,,,,,,2025-12-20T00:00:00.000Z,0,0,0001-01-01T00:00:00.000Z,0,0001-01-01T00:00:00.000Z,0,0001-01-01T00:00:00.000Z,0,0001-01-01T00:00:00.000Z,0,0001-01-01T00:00:00.000Z,0,0001-01-01T00:00:00.000Z,0,0001-01-01T00:00:00.000Z,0,2025-12-20T00:00:00.000Z,Liberado total Exsa,,,720,,00,,,5000000734,00670,0001-01-01T00:00:00.000Z,0001-01-01T00:00:00.000Z,8,,,,0001-01-01T00:00:00.000Z,0001-01-01T00:00:00.000Z,00000,,,,,0001-01-01T00:00:00.000Z,0001-01-01T00:00:00.000Z,2025-12-20T00:00:00.000Z,10:30:23,ENTREGAS: Enviar la respuesta a los siguientes cor,39071124 ODM:M759224-P021_PM_PINTURA CASCO AR,ENVIADO,,05 - LIBERACIÓN CONCLUIDA,0001-01-01T00:00:00.000Z,0,0,0,0
600,T50,Compras Abastecimi,5060097205,00090,,2025-12-20T00:00:00.000Z,2025-12-20T00:00:00.000Z,Pedido de Cont.Marco,2025-12-20T00:00:00.000Z,2025,12,1400,2010007372,CORPORACION PERUANA DE PRODUCTOS QUIMICOS S.A. CPPQ S.A.,TASA CALLAO NORTE,,,,Normal,3070,Suministros diversos,ZAUX,000000000031013011,PINT.JET 62ZP MIO ANTICORR.2GL,6,JGO,STA,2026-01-04T00:00:00.000Z,54,USD,324,3.372,1,JGO,AUX-FER07,PINTURAS Y DERIVADOS,060,T80,Comp.VUribe,0,TA10,Tecnológica de Alimentos,TCNO,L001,ADMIJOB,Z060,Plazo 60  días,,0,,,PESCA,1039431182,00070,2025-12-18T00:00:00.000Z,2026-01-19T00:00:00.000Z,MTAPIA,JDELACRUZ,PEN,186.47,55.3,0,0,,0001-01-01T00:00:00.000Z,0001-01-01T00:00:00.000Z,12 MESES,,,,,,,,,,P021 / P022,,,,,,Pendiente,,,,0,324,324,TA,F2,Flota Plan Mantto,3,0001-01-01T00:00:00.000Z,TMF2,,0,324,0001-01-01T00:00:00.000Z,0000,00,TL,P3,Rep.Stock < 10K$,JX,9,ZDES,JE,,,,,,,,1,0,0,0,0,0,0,0,,JX,BPEREZPALMA,,,,,,,,,,,,,,,2025-12-20T00:00:00.000Z,0,0,0001-01-01T00:00:00.000Z,0,0001-01-01T00:00:00.000Z,0,0001-01-01T00:00:00.000Z,0,0001-01-01T00:00:00.000Z,0,0001-01-01T00:00:00.000Z,0,0001-01-01T00:00:00.000Z,0,0001-01-01T00:00:00.000Z,0,2025-12-20T00:00:00.000Z,Liberado total Exsa,,,324,,00,,,5000000734,00090,0001-01-01T00:00:00.000Z,0001-01-01T00:00:00.000Z,8,,,,0001-01-01T00:00:00.000Z,0001-01-01T00:00:00.000Z,00000,,,,,0001-01-01T00:00:00.000Z,0001-01-01T00:00:00.000Z,2025-12-20T00:00:00.000Z,10:30:23,ENTREGAS: Enviar la respuesta a los siguientes cor,39071124 ODM:M759224-P021_PM_PINTURA CASCO AR,ENVIADO,,05 - LIBERACIÓN CONCLUIDA,0001-01-01T00:00:00.000Z,0,0,0,0
600,T50,Compras Abastecimi,5060097205,00100,,2025-12-20T00:00:00.000Z,2025-12-20T00:00:00.000Z,Pedido de Cont.Marco,2025-12-20T00:00:00.000Z,2025,12,1400,2010007372,CORPORACION PERUANA DE PRODUCTOS QUIMICOS S.A. CPPQ S.A.,TASA CALLAO NORTE,,,,Normal,3070,Suministros diversos,ZAUX,000000000031013081,PINT.DURAMASTIC 2 AMARILLO 1300 2GL,1,JGO,STA,2026-01-04T00:00:00.000Z,110,USD,110,3.372,1,JGO,AUX-FER07,PINTURAS Y DERIVADOS,060,T80,Comp.VUribe,0,TA10,Tecnológica de Alimentos,TCNO,L001,ADMIJOB,Z060,Plazo 60  días,,0,,,PESCA,1039431183,00020,2025-12-18T00:00:00.000Z,2026-01-19T00:00:00.000Z,MTAPIA,JDELACRUZ,PEN,383.39,113.7,0,0,,0001-01-01T00:00:00.000Z,0001-01-01T00:00:00.000Z,12 MESES,,,,,,,,,,P021 / P022,,,,,,Pendiente,,,,0,110,110,TA,F2,Flota Plan Mantto,3,0001-01-01T00:00:00.000Z,TMF2,,0,110,0001-01-01T00:00:00.000Z,0000,00,TL,P3,Rep.Stock < 10K$,JX,9,ZDES,JE,,,,,,,,1,0,0,0,0,0,0,0,,JX,BPEREZPALMA,,,,,,,,,,,,,,,2025-12-20T00:00:00.000Z,0,0,0001-01-01T00:00:00.000Z,0,0001-01-01T00:00:00.000Z,0,0001-01-01T00:00:00.000Z,0,0001-01-01T00:00:00.000Z,0,0001-01-01T00:00:00.000Z,0,0001-01-01T00:00:00.000Z,0,0001-01-01T00:00:00.000Z,0,2025-12-20T00:00:00.000Z,Liberado total Exsa,,,110,,00,,,5000000734,01350,0001-01-01T00:00:00.000Z,0001-01-01T00:00:00.000Z,8,,,,0001-01-01T00:00:00.000Z,0001-01-01T00:00:00.000Z,00000,,,,,0001-01-01T00:00:00.000Z,0001-01-01T00:00:00.000Z,2025-12-20T00:00:00.000Z,10:30:23,ENTREGAS: Enviar la respuesta a los siguientes cor,39071302 ODM:M759295-P022_PM_PINTURA CASCO AR,ENVIADO,,05 - LIBERACIÓN CONCLUIDA,0001-01-01T00:00:00.000Z,0,0,0,0
600,T50,Compras Abastecimi,5060097205,00110,,2025-12-20T00:00:00.000Z,2025-12-20T00:00:00.000Z,Pedido de Cont.Marco,2025-12-20T00:00:00.000Z,2025,12,1400,2010007372,CORPORACION PERUANA DE PRODUCTOS QUIMICOS S.A. CPPQ S.A.,TASA CALLAO NORTE,,,,Normal,3070,Suministros diversos,ZAUX,000000000031013124,PINT.DUROFLEX 985 CELESTE 1550+CAT 1GL,3,JGO,STA,2026-01-04T00:00:00.000Z,45,USD,135,3.372,1,JGO,AUX-FER07,PINTURAS Y DERIVADOS,060,T80,Comp.VUribe,0,TA10,Tecnológica de Alimentos,TCNO,L001,ADMIJOB,Z060,Plazo 60  días,,0,,,PESCA,1039431183,00030,2025-12-18T00:00:00.000Z,2026-01-19T00:00:00.000Z,MTAPIA,JDELACRUZ,PEN,154.89,45.93,0,0,,0001-01-01T00:00:00.000Z,0001-01-01T00:00:00.000Z,12 MESES,,,,,,,,,,P021 / P022,,,,,,Pendiente,,,,0,135,135,TA,F2,Flota Plan Mantto,3,0001-01-01T00:00:00.000Z,TMF2,,0,135,0001-01-01T00:00:00.000Z,0000,00,TL,P3,Rep.Stock < 10K$,JX,9,ZDES,JE,,,,,,,,1,0,0,0,0,0,0,0,,JX,BPEREZPALMA,,,,,,,,,,,,,,,2025-12-20T00:00:00.000Z,0,0,0001-01-01T00:00:00.000Z,0,0001-01-01T00:00:00.000Z,0,0001-01-01T00:00:00.000Z,0,0001-01-01T00:00:00.000Z,0,0001-01-01T00:00:00.000Z,0,0001-01-01T00:00:00.000Z,0,0001-01-01T00:00:00.000Z,0,2025-12-20T00:00:00.000Z,Liberado total Exsa,,,135,,00,,,5000000734,01870,0001-01-01T00:00:00.000Z,0001-01-01T00:00:00.000Z,8,,,,0001-01-01T00:00:00.000Z,0001-01-01T00:00:00.000Z,00000,,,,,0001-01-01T00:00:00.000Z,0001-01-01T00:00:00.000Z,2025-12-20T00:00:00.000Z,10:30:23,ENTREGAS: Enviar la respuesta a los siguientes cor,39071302 ODM:M759295-P022_PM_PINTURA CASCO AR,ENVIADO,,05 - LIBERACIÓN CONCLUIDA,0001-01-01T00:00:00.000Z,0,0,0,0
600,T50,Compras Abastecimi,5060097205,00120,,2025-12-20T00:00:00.000Z,2025-12-20T00:00:00.000Z,Pedido de Cont.Marco,2025-12-20T00:00:00.000Z,2025,12,1400,2010007372,CORPORACION PERUANA DE PRODUCTOS QUIMICOS S.A. CPPQ S.A.,TASA CALLAO NORTE,,,,Normal,3070,Suministros diversos,ZAUX,000000000031013122,PINT.DUROFLEX 985 AZUL OSCU.1500+CAT 1GL,6,JGO,STA,2026-01-04T00:00:00.000Z,48,USD,288,3.372,1,JGO,AUX-FER07,PINTURAS Y DERIVADOS,060,T80,Comp.VUribe,0,TA10,Tecnológica de Alimentos,TCNO,L001,ADMIJOB,Z060,Plazo 60  días,,0,,,PESCA,1039431183,00040,2025-12-18T00:00:00.000Z,2026-01-19T00:00:00.000Z,MTAPIA,JDELACRUZ,PEN,174.22,51.67,0,0,,0001-01-01T00:00:00.000Z,0001-01-01T00:00:00.000Z,12 MESES,,,,,,,,,,P021 / P022,,,,,,Pendiente,,,,0,288,288,TA,F2,Flota Plan Mantto,3,0001-01-01T00:00:00.000Z,TMF2,,0,288,0001-01-01T00:00:00.000Z,0000,00,TL,P3,Rep.Stock < 10K$,JX,9,ZDES,JE,,,,,,,,1,0,0,0,0,0,0,0,,JX,BPEREZPALMA,,,,,,,,,,,,,,,2025-12-20T00:00:00.000Z,0,0,0001-01-01T00:00:00.000Z,0,0001-01-01T00:00:00.000Z,0,0001-01-01T00:00:00.000Z,0,0001-01-01T00:00:00.000Z,0,0001-01-01T00:00:00.000Z,0,0001-01-01T00:00:00.000Z,0,0001-01-01T00:00:00.000Z,0,2025-12-20T00:00:00.000Z,Liberado total Exsa,,,288,,00,,,5000000734,01790,0001-01-01T00:00:00.000Z,0001-01-01T00:00:00.000Z,8,,,,0001-01-01T00:00:00.000Z,0001-01-01T00:00:00.000Z,00000,,,,,0001-01-01T00:00:00.000Z,0001-01-01T00:00:00.000Z,2025-12-20T00:00:00.000Z,10:30:23,ENTREGAS: Enviar la respuesta a los siguientes cor,39071302 ODM:M759295-P022_PM_PINTURA CASCO AR,ENVIADO,,05 - LIBERACIÓN CONCLUIDA,0001-01-01T00:00:00.000Z,0,0,0,0
600,T50,Compras Abastecimi,5060097207,00030,,2025-12-20T00:00:00.000Z,2025-12-20T00:00:00.000Z,Pedido de Cont.Marco,2025-12-20T00:00:00.000Z,2025,12,1400,2010024471,TECNIFAJAS S.A.,CHIMBOTE,,,,Normal,3040,Repuestos,ZRPG,000000000033035514,O-RING MP 2-262,6,ST,BRT,2026-01-04T00:00:00.000Z,3.73,USD,22.38,3.372,1,ST,RPG-MEC10,ACCESORIOS HIDRAULIC,090,T78,Comp.ALopez,0,TA10,Tecnológica de Alimentos,TCHI,L001,ADMIJOB,Z090,Plazo 90  días,,0,,,PESCA,1039430898,00010,2025-12-17T00:00:00.000Z,2026-01-15T00:00:00.000Z,ACARDENAS,LRODRIGUEZT,PEN,13.81,4.09,0,-3.18,,0001-01-01T00:00:00.000Z,0001-01-01T00:00:00.000Z,12 MESES,,,,,,,,,,T021 / T414 / T023 / T022,,,,,,Pendiente,,,,0,25.56,25.56,TA,F2,Flota Plan Mantto,3,0001-01-01T00:00:00.000Z,TMF2,,0,22.38,0001-01-01T00:00:00.000Z,0000,00,TL,P3,Rep.Stock < 10K$,JX,9,ZDES,JE,,,,,,,,2,0,0,0,0,0,0,0,,JX,BPEREZPALMA,,,,,,,,,,,,,,,0001-01-01T00:00:00.000Z,0,0,0001-01-01T00:00:00.000Z,0,0001-01-01T00:00:00.000Z,0,0001-01-01T00:00:00.000Z,0,0001-01-01T00:00:00.000Z,0,0001-01-01T00:00:00.000Z,0,0001-01-01T00:00:00.000Z,0,0001-01-01T00:00:00.000Z,0,0001-01-01T00:00:00.000Z,Pendiente Liberación,,BPEREZPALMA,22.38,,00,,,5000001488,07560,0001-01-01T00:00:00.000Z,0001-01-01T00:00:00.000Z,0,,,,0001-01-01T00:00:00.000Z,0001-01-01T00:00:00.000Z,00000,,,,,0001-01-01T00:00:00.000Z,0001-01-01T00:00:00.000Z,0001-01-01T00:00:00.000Z,00:00:00,POSICION 20 ANULADA: YA NO SE REQUIERE,39057991 ODM:M757828-PM T21 SH 2100C FILTROS DE SU,POR ENVIAR,,03 - EN LIBERACIÓN,0001-01-01T00:00:00.000Z,0,0,0,0
600,T50,Compras Abastecimi,5060097207,00040,,2025-12-20T00:00:00.000Z,2025-12-20T00:00:00.000Z,Pedido de Cont.Marco,2025-12-20T00:00:00.000Z,2025,12,1400,2010024471,TECNIFAJAS S.A.,TASA CALLAO NORTE,,,,Normal,3040,Repuestos,ZRPG,000000000033041153,RODAMIENTO 7217 BEP,2,ST,UIN,2026-01-04T00:00:00.000Z,105.16,USD,210.32,3.372,1,ST,RPG-MEC14,RODAMIENTOS Y ACC.,090,T78,Comp.ALopez,0,TA10,Tecnológica de Alimentos,TCNO,L001,ADMIJOB,Z090,Plazo 90  días,,0,,,PESCA,1039431123,00020,2025-12-18T00:00:00.000Z,2026-01-19T00:00:00.000Z,ACARDENAS,JDELACRUZ,PEN,383.21,113.64,0,0,,0001-01-01T00:00:00.000Z,0001-01-01T00:00:00.000Z,12 MESES,,,,,,,,,,T021 / T414 / T023 / T022,,,,,,Pendiente,,,,0,210.32,210.32,TA,F2,Flota Plan Mantto,3,0001-01-01T00:00:00.000Z,TMF2,,0,210.32,0001-01-01T00:00:00.000Z,0000,00,TL,P3,Rep.Stock < 10K$,JX,9,ZDES,JE,,,,,,,,1,0,0,0,0,0,0,0,,JX,BPEREZPALMA,,,,,,,,,,,,,,,0001-01-01T00:00:00.000Z,0,0,0001-01-01T00:00:00.000Z,0,0001-01-01T00:00:00.000Z,0,0001-01-01T00:00:00.000Z,0,0001-01-01T00:00:00.000Z,0,0001-01-01T00:00:00.000Z,0,0001-01-01T00:00:00.000Z,0,0001-01-01T00:00:00.000Z,0,0001-01-01T00:00:00.000Z,Pendiente Liberación,,BPEREZPALMA,210.32,,00,,,5000001488,04460,0001-01-01T00:00:00.000Z,0001-01-01T00:00:00.000Z,0,,,,0001-01-01T00:00:00.000Z,0001-01-01T00:00:00.000Z,00000,,,,,0001-01-01T00:00:00.000Z,0001-01-01T00:00:00.000Z,0001-01-01T00:00:00.000Z,00:00:00,POSICION 20 ANULADA: YA NO SE REQUIERE,39070911 ODM:M759076-PM T414 SH 2100C BOMBA ABSORB,POR ENVIAR,,03 - EN LIBERACIÓN,0001-01-01T00:00:00.000Z,0,0,0,0
600,T50,Compras Abastecimi,5060097207,00050,,2025-12-20T00:00:00.000Z,2025-12-20T00:00:00.000Z,Pedido de Cont.Marco,2025-12-20T00:00:00.000Z,2025,12,1400,2010024471,TECNIFAJAS S.A.,TASA CALLAO NORTE,,,,Normal,3040,Repuestos,ZRPG,000000000033036917,RETEN DOBLE LABIO 90X110X12,2,ST,UIN,2026-01-04T00:00:00.000Z,4.01,USD,8.02,3.372,1,ST,RPG-MEC03,"SELLOS , RETEN Y ANI",090,T78,Comp.ALopez,0,TA10,Tecnológica de Alimentos,TCNO,L001,ADMIJOB,Z090,Plazo 90  días,,0,,,PESCA,1039431125,00030,2025-12-18T00:00:00.000Z,2026-01-19T00:00:00.000Z,ACARDENAS,JDELACRUZ,PEN,14.77,4.38,0,-1.38,,0001-01-01T00:00:00.000Z,0001-01-01T00:00:00.000Z,12 MESES,,,,,,,,,,T021 / T414 / T023 / T022,,,,,,Pendiente,,,,0,9.4,9.4,TA,F2,Flota Plan Mantto,3,0001-01-01T00:00:00.000Z,TMF2,,0,8.02,0001-01-01T00:00:00.000Z,0000,00,TL,P3,Rep.Stock < 10K$,JX,9,ZDES,JE,,,,,,,,1,0,0,0,0,0,0,0,,JX,BPEREZPALMA,,,,,,,,,,,,,,,0001-01-01T00:00:00.000Z,0,0,0001-01-01T00:00:00.000Z,0,0001-01-01T00:00:00.000Z,0,0001-01-01T00:00:00.000Z,0,0001-01-01T00:00:00.000Z,0,0001-01-01T00:00:00.000Z,0,0001-01-01T00:00:00.000Z,0,0001-01-01T00:00:00.000Z,0,0001-01-01T00:00:00.000Z,Pendiente Liberación,,BPEREZPALMA,8.02,,00,,,5000001488,03290,0001-01-01T00:00:00.000Z,0001-01-01T00:00:00.000Z,0,,,,0001-01-01T00:00:00.000Z,0001-01-01T00:00:00.000Z,00000,,,,,0001-01-01T00:00:00.000Z,0001-01-01T00:00:00.000Z,0001-01-01T00:00:00.000Z,00:00:00,POSICION 20 ANULADA: YA NO SE REQUIERE,39070900 ODM:M759085-T414 SH 2100C ENROLLADOR DE M,POR ENVIAR,,03 - EN LIBERACIÓN,0001-01-01T00:00:00.000Z,0,0,0,0
600,T50,Compras Abastecimi,5060097207,00060,,2025-12-20T00:00:00.000Z,2025-12-20T00:00:00.000Z,Pedido de Cont.Marco,2025-12-20T00:00:00.000Z,2025,12,1400,2010024471,TECNIFAJAS S.A.,TASA CALLAO NORTE,,,,Normal,3040,Repuestos,ZRPG,000000000033037494,RODAMIENTO 6212 2RS1/C3,6,ST,UIN,2026-01-04T00:00:00.000Z,21.44,USD,128.64,3.372,1,ST,RPG-MEC14,RODAMIENTOS Y ACC.,090,T78,Comp.ALopez,0,TA10,Tecnológica de Alimentos,TCNO,L001,ADMIJOB,Z090,Plazo 90  días,,0,,,PESCA,1039431126,00010,2025-12-18T00:00:00.000Z,2026-01-19T00:00:00.000Z,ACARDENAS,JDELACRUZ,PEN,91.33,27.08,0,0,,0001-01-01T00:00:00.000Z,0001-01-01T00:00:00.000Z,12 MESES,,,,,,,,,,T021 / T414 / T023 / T022,,,,,,Pendiente,,,,0,128.64,128.64,TA,F2,Flota Plan Mantto,3,0001-01-01T00:00:00.000Z,TMF2,,0,128.64,0001-01-01T00:00:00.000Z,0000,00,TL,P3,Rep.Stock < 10K$,JX,9,ZDES,JE,,,,,,,,1,0,0,0,0,0,0,0,,JX,BPEREZPALMA,,,,,,,,,,,,,,,0001-01-01T00:00:00.000Z,0,0,0001-01-01T00:00:00.000Z,0,0001-01-01T00:00:00.000Z,0,0001-01-01T00:00:00.000Z,0,0001-01-01T00:00:00.000Z,0,0001-01-01T00:00:00.000Z,0,0001-01-01T00:00:00.000Z,0,0001-01-01T00:00:00.000Z,0,0001-01-01T00:00:00.000Z,Pendiente Liberación,,BPEREZPALMA,128.64,,00,,,5000001488,00920,0001-01-01T00:00:00.000Z,0001-01-01T00:00:00.000Z,0,,,,0001-01-01T00:00:00.000Z,0001-01-01T00:00:00.000Z,00000,,,,,0001-01-01T00:00:00.000Z,0001-01-01T00:00:00.000Z,0001-01-01T00:00:00.000Z,00:00:00,POSICION 20 ANULADA: YA NO SE REQUIERE,39070773 ODM:M759012-PM T414 SH 2100C CAJA MULTIPL,POR ENVIAR,,03 - EN LIBERACIÓN,0001-01-01T00:00:00.000Z,0,0,0,0
600,T50,Compras Abastecimi,5060097207,00070,,2025-12-20T00:00:00.000Z,2025-12-20T00:00:00.000Z,Pedido de Cont.Marco,2025-12-20T00:00:00.000Z,2025,12,1400,2010024471,TECNIFAJAS S.A.,TASA CALLAO NORTE,,,,Normal,3040,Repuestos,ZRPG,000000000033037418,RODAMIENTO 6020 2Z/C3,2,ST,UIN,2026-01-04T00:00:00.000Z,78.83,USD,157.66,3.372,1,ST,RPG-MEC14,RODAMIENTOS Y ACC.,090,T78,Comp.ALopez,0,TA10,Tecnológica de Alimentos,TCNO,L001,ADMIJOB,Z090,Plazo 90  días,,0,,,PESCA,1039431161,00030,2025-12-18T00:00:00.000Z,2026-01-19T00:00:00.000Z,ACARDENAS,JDELACRUZ,PEN,335.78,99.58,0,0,,0001-01-01T00:00:00.000Z,0001-01-01T00:00:00.000Z,12 MESES,,,,,,,,,,T021 / T414 / T023 / T022,,,,,,Pendiente,,,,0,157.66,157.66,TA,F2,Flota Plan Mantto,3,0001-01-01T00:00:00.000Z,TMF2,,0,157.66,0001-01-01T00:00:00.000Z,0000,00,TL,P3,Rep.Stock < 10K$,JX,9,ZDES,JE,,,,,,,,1,0,0,0,0,0,0,0,,JX,BPEREZPALMA,,,,,,,,,,,,,,,0001-01-01T00:00:00.000Z,0,0,0001-01-01T00:00:00.000Z,0,0001-01-01T00:00:00.000Z,0,0001-01-01T00:00:00.000Z,0,0001-01-01T00:00:00.000Z,0,0001-01-01T00:00:00.000Z,0,0001-01-01T00:00:00.000Z,0,0001-01-01T00:00:00.000Z,0,0001-01-01T00:00:00.000Z,Pendiente Liberación,,BPEREZPALMA,157.66,,00,,,5000001488,02270,0001-01-01T00:00:00.000Z,0001-01-01T00:00:00.000Z,0,,,,0001-01-01T00:00:00.000Z,0001-01-01T00:00:00.000Z,00000,,,,,0001-01-01T00:00:00.000Z,0001-01-01T00:00:00.000Z,0001-01-01T00:00:00.000Z,00:00:00,POSICION 20 ANULADA: YA NO SE REQUIERE,39070678 ODM:M758979-PM T23 SH 2100C WINCHE DE RET,POR ENVIAR,,03 - EN LIBERACIÓN,0001-01-01T00:00:00.000Z,0,0,0,0
600,T50,Compras Abastecimi,5060097207,00080,,2025-12-20T00:00:00.000Z,2025-12-20T00:00:00.000Z,Pedido de Cont.Marco,2025-12-20T00:00:00.000Z,2025,12,1400,2010024471,TECNIFAJAS S.A.,TASA CALLAO NORTE,,,,Normal,3040,Repuestos,ZRPG,000000000033041051,RODAMIENTO 6022 2Z/C3,1,ST,UIN,2026-01-04T00:00:00.000Z,119.06,USD,119.06,3.372,1,ST,RPG-MEC14,RODAMIENTOS Y ACC.,090,T78,Comp.ALopez,0,TA10,Tecnológica de Alimentos,TCNO,L001,ADMIJOB,Z090,Plazo 90  días,,0,,,PESCA,1039431161,00040,2025-12-18T00:00:00.000Z,2026-01-19T00:00:00.000Z,ACARDENAS,JDELACRUZ,PEN,423.5,125.59,0,-11.91,,0001-01-01T00:00:00.000Z,0001-01-01T00:00:00.000Z,12 MESES,,,,,,,,,,T021 / T414 / T023 / T022,,,,,,Pendiente,,,,0,130.97,130.97,TA,F2,Flota Plan Mantto,3,0001-01-01T00:00:00.000Z,TMF2,,0,119.06,0001-01-01T00:00:00.000Z,0000,00,TL,P3,Rep.Stock < 10K$,JX,9,ZDES,JE,,,,,,,,1,0,0,0,0,0,0,0,,JX,BPEREZPALMA,,,,,,,,,,,,,,,0001-01-01T00:00:00.000Z,0,0,0001-01-01T00:00:00.000Z,0,0001-01-01T00:00:00.000Z,0,0001-01-01T00:00:00.000Z,0,0001-01-01T00:00:00.000Z,0,0001-01-01T00:00:00.000Z,0,0001-01-01T00:00:00.000Z,0,0001-01-01T00:00:00.000Z,0,0001-01-01T00:00:00.000Z,Pendiente Liberación,,BPEREZPALMA,119.06,,00,,,5000001488,03590,0001-01-01T00:00:00.000Z,0001-01-01T00:00:00.000Z,0,,,,0001-01-01T00:00:00.000Z,0001-01-01T00:00:00.000Z,00000,,,,,0001-01-01T00:00:00.000Z,0001-01-01T00:00:00.000Z,0001-01-01T00:00:00.000Z,00:00:00,POSICION 20 ANULADA: YA NO SE REQUIERE,39070678 ODM:M758979-PM T23 SH 2100C WINCHE DE RET,POR ENVIAR,,03 - EN LIBERACIÓN,0001-01-01T00:00:00.000Z,0,0,0,0
600,T50,Compras Abastecimi,5060097207,00090,,2025-12-20T00:00:00.000Z,2025-12-20T00:00:00.000Z,Pedido de Cont.Marco,2025-12-20T00:00:00.000Z,2025,12,1400,2010024471,TECNIFAJAS S.A.,TASA CALLAO NORTE,,,,Normal,3040,Repuestos,ZRPG,000000000033037494,RODAMIENTO 6212 2RS1/C3,6,ST,UIN,2026-01-04T00:00:00.000Z,21.44,USD,128.64,3.372,1,ST,RPG-MEC14,RODAMIENTOS Y ACC.,090,T78,Comp.ALopez,0,TA10,Tecnológica de Alimentos,TCNO,L001,ADMIJOB,Z090,Plazo 90  días,,0,,,PESCA,1039431165,00010,2025-12-18T00:00:00.000Z,2026-01-19T00:00:00.000Z,ACARDENAS,JDELACRUZ,PEN,91.33,27.08,0,0,,0001-01-01T00:00:00.000Z,0001-01-01T00:00:00.000Z,12 MESES,,,,,,,,,,T021 / T414 / T023 / T022,,,,,,Pendiente,,,,0,128.64,128.64,TA,F2,Flota Plan Mantto,3,0001-01-01T00:00:00.000Z,TMF2,,0,128.64,0001-01-01T00:00:00.000Z,0000,00,TL,P3,Rep.Stock < 10K$,JX,9,ZDES,JE,,,,,,,,1,0,0,0,0,0,0,0,,JX,BPEREZPALMA,,,,,,,,,,,,,,,0001-01-01T00:00:00.000Z,0,0,0001-01-01T00:00:00.000Z,0,0001-01-01T00:00:00.000Z,0,0001-01-01T00:00:00.000Z,0,0001-01-01T00:00:00.000Z,0,0001-01-01T00:00:00.000Z,0,0001-01-01T00:00:00.000Z,0,0001-01-01T00:00:00.000Z,0,0001-01-01T00:00:00.000Z,Pendiente Liberación,,BPEREZPALMA,128.64,,00,,,5000001488,00920,0001-01-01T00:00:00.000Z,0001-01-01T00:00:00.000Z,0,,,,0001-01-01T00:00:00.000Z,0001-01-01T00:00:00.000Z,00000,,,,,0001-01-01T00:00:00.000Z,0001-01-01T00:00:00.000Z,0001-01-01T00:00:00.000Z,00:00:00,POSICION 20 ANULADA: YA NO SE REQUIERE,39070660 ODM:M758926-PM T23 SH 2100C CAJA MULTIPLI,POR ENVIAR,,03 - EN LIBERACIÓN,0001-01-01T00:00:00.000Z,0,0,0,0
600,T50,Compras Abastecimi,5060097207,00100,,2025-12-20T00:00:00.000Z,2025-12-20T00:00:00.000Z,Pedido de Cont.Marco,2025-12-20T00:00:00.000Z,2025,12,1400,2010024471,TECNIFAJAS S.A.,CHIMBOTE,,,,Normal,3040,Repuestos,ZRPG,000000000033035514,O-RING MP 2-262,3,ST,BRT,2026-01-04T00:00:00.000Z,3.73,USD,11.19,3.372,1,ST,RPG-MEC10,ACCESORIOS HIDRAULIC,090,T78,Comp.ALopez,0,TA10,Tecnológica de Alimentos,TCHI,L001,ADMIJOB,Z090,Plazo 90  días,,0,,,PESCA,1039431184,00010,2025-12-18T00:00:00.000Z,2026-01-19T00:00:00.000Z,ACARDENAS,JADANAQUE,PEN,13.81,4.1,0,-1.59,,0001-01-01T00:00:00.000Z,0001-01-01T00:00:00.000Z,12 MESES,,,,,,,,,,T021 / T414 / T023 / T022,,,,,,Pendiente,,,,0,12.78,12.78,TA,F2,Flota Plan Mantto,3,0001-01-01T00:00:00.000Z,TMF2,,0,11.19,0001-01-01T00:00:00.000Z,0000,00,TL,P3,Rep.Stock < 10K$,JX,9,ZDES,JE,,,,,,,,1,0,0,0,0,0,0,0,,JX,BPEREZPALMA,,,,,,,,,,,,,,,0001-01-01T00:00:00.000Z,0,0,0001-01-01T00:00:00.000Z,0,0001-01-01T00:00:00.000Z,0,0001-01-01T00:00:00.000Z,0,0001-01-01T00:00:00.000Z,0,0001-01-01T00:00:00.000Z,0,0001-01-01T00:00:00.000Z,0,0001-01-01T00:00:00.000Z,0,0001-01-01T00:00:00.000Z,Pendiente Liberación,,BPEREZPALMA,11.19,,00,,,5000001488,07560,0001-01-01T00:00:00.000Z,0001-01-01T00:00:00.000Z,0,,,,0001-01-01T00:00:00.000Z,0001-01-01T00:00:00.000Z,00000,,,,,0001-01-01T00:00:00.000Z,0001-01-01T00:00:00.000Z,0001-01-01T00:00:00.000Z,00:00:00,POSICION 20 ANULADA: YA NO SE REQUIERE,ODM:M758930-PM T23 SH FILTROS DE SUCCION O-RING MP,POR ENVIAR,,03 - EN LIBERACIÓN,0001-01-01T00:00:00.000Z,0,0,0,0
600,T50,Compras Abastecimi,5060097207,00110,,2025-12-20T00:00:00.000Z,2025-12-20T00:00:00.000Z,Pedido de Cont.Marco,2025-12-20T00:00:00.000Z,2025,12,1400,2010024471,TECNIFAJAS S.A.,CHIMBOTE,,,,Normal,3040,Repuestos,ZRPG,000000000033035514,O-RING MP 2-262,3,ST,BRT,2026-01-04T00:00:00.000Z,3.73,USD,11.19,3.372,1,ST,RPG-MEC10,ACCESORIOS HIDRAULIC,090,T78,Comp.ALopez,0,TA10,Tecnológica de Alimentos,TCHI,L001,ADMIJOB,Z090,Plazo 90  días,,0,,,PESCA,1039431184,00020,2025-12-18T00:00:00.000Z,2026-01-19T00:00:00.000Z,ACARDENAS,JADANAQUE,PEN,13.81,4.1,0,-1.59,,0001-01-01T00:00:00.000Z,0001-01-01T00:00:00.000Z,12 MESES,,,,,,,,,,T021 / T414 / T023 / T022,,,,,,Pendiente,,,,0,12.78,12.78,TA,F2,Flota Plan Mantto,3,0001-01-01T00:00:00.000Z,TMF2,,0,11.19,0001-01-01T00:00:00.000Z,0000,00,TL,P3,Rep.Stock < 10K$,JX,9,ZDES,JE,,,,,,,,1,0,0,0,0,0,0,0,,JX,BPEREZPALMA,,,,,,,,,,,,,,,0001-01-01T00:00:00.000Z,0,0,0001-01-01T00:00:00.000Z,0,0001-01-01T00:00:00.000Z,0,0001-01-01T00:00:00.000Z,0,0001-01-01T00:00:00.000Z,0,0001-01-01T00:00:00.000Z,0,0001-01-01T00:00:00.000Z,0,0001-01-01T00:00:00.000Z,0,0001-01-01T00:00:00.000Z,Pendiente Liberación,,BPEREZPALMA,11.19,,00,,,5000001488,07560,0001-01-01T00:00:00.000Z,0001-01-01T00:00:00.000Z,0,,,,0001-01-01T00:00:00.000Z,0001-01-01T00:00:00.000Z,00000,,,,,0001-01-01T00:00:00.000Z,0001-01-01T00:00:00.000Z,0001-01-01T00:00:00.000Z,00:00:00,POSICION 20 ANULADA: YA NO SE REQUIERE,ODM:M759014-PM T414 SH FILTROS DE SUCCION O-RING M,POR ENVIAR,,03 - EN LIBERACIÓN,0001-01-01T00:00:00.000Z,0,0,0,0
600,T50,Compras Abastecimi,5060097207,00120,,2025-12-20T00:00:00.000Z,2025-12-20T00:00:00.000Z,Pedido de Cont.Marco,2025-12-20T00:00:00.000Z,2025,12,1400,2010024471,TECNIFAJAS S.A.,CHIMBOTE,,,,Normal,3040,Repuestos,ZRPG,000000000033035514,O-RING MP 2-262,6,ST,BRT,2026-01-04T00:00:00.000Z,3.73,USD,22.38,3.372,1,ST,RPG-MEC10,ACCESORIOS HIDRAULIC,090,T78,Comp.ALopez,0,TA10,Tecnológica de Alimentos,TCHI,L001,ADMIJOB,Z090,Plazo 90  días,,0,,,PESCA,1039431184,00030,2025-12-18T00:00:00.000Z,2026-01-19T00:00:00.000Z,ACARDENAS,JADANAQUE,PEN,13.81,4.1,0,-3.18,,0001-01-01T00:00:00.000Z,0001-01-01T00:00:00.000Z,12 MESES,,,,,,,,,,T021 / T414 / T023 / T022,,,,,,Pendiente,,,,0,25.56,25.56,TA,F2,Flota Plan Mantto,3,0001-01-01T00:00:00.000Z,TMF2,,0,22.38,0001-01-01T00:00:00.000Z,0000,00,TL,P3,Rep.Stock < 10K$,JX,9,ZDES,JE,,,,,,,,1,0,0,0,0,0,0,0,,JX,BPEREZPALMA,,,,,,,,,,,,,,,0001-01-01T00:00:00.000Z,0,0,0001-01-01T00:00:00.000Z,0,0001-01-01T00:00:00.000Z,0,0001-01-01T00:00:00.000Z,0,0001-01-01T00:00:00.000Z,0,0001-01-01T00:00:00.000Z,0,0001-01-01T00:00:00.000Z,0,0001-01-01T00:00:00.000Z,0,0001-01-01T00:00:00.000Z,Pendiente Liberación,,BPEREZPALMA,22.38,,00,,,5000001488,07560,0001-01-01T00:00:00.000Z,0001-01-01T00:00:00.000Z,0,,,,0001-01-01T00:00:00.000Z,0001-01-01T00:00:00.000Z,00000,,,,,0001-01-01T00:00:00.000Z,0001-01-01T00:00:00.000Z,0001-01-01T00:00:00.000Z,00:00:00,POSICION 20 ANULADA: YA NO SE REQUIERE,ODM:M758286-PM T22 SH 2100C FILTROS DE SUCCION O-R,POR ENVIAR,,03 - EN LIBERACIÓN,0001-01-01T00:00:00.000Z,0,0,0,0
600,T50,Compras Abastecimi,5060097208,00010,,2025-12-20T00:00:00.000Z,2025-12-20T00:00:00.000Z,Pedido de Cont.Marco,2025-12-20T00:00:00.000Z,2025,12,1400,2010024862,RECOLSA S A,CHIMBOTE,,,,Normal,3070,Suministros diversos,ZAUX,000000000031008773,BELZONA 1321 CERAMIC S-METAL 1KG,8,KG,STA,2026-01-04T00:00:00.000Z,254,USD,2032,3.372,1,KG,AUX-FER07,PINTURAS Y DERIVADOS,030,T80,Comp.VUribe,11176,TA10,Tecnológica de Alimentos,TCHI,L001,ADMIJOB,Z030,Plazo 30  días.,,0,,,PESCA,1039430897,00010,2025-12-17T00:00:00.000Z,2026-01-19T00:00:00.000Z,JMELENDEZ,LRODRIGUEZT,PEN,906.66,268.72,0,0,,0001-01-01T00:00:00.000Z,0001-01-01T00:00:00.000Z,12 MESES,,,,,,,,,,T059 / T052 / T021 / T023 / T022 / T057 / T058 / T414,,,,,,Pendiente,,,,0,2032,2032,TA,F2,Flota Plan Mantto,3,0001-01-01T00:00:00.000Z,TMF2,,0,2032,0001-01-01T00:00:00.000Z,0000,00,TL,P4,Rep.Stock <500K$,"JX,GL",9,ZDES,JE,,,,,,,,2,0,0,0,0,0,0,0,,JX,BPEREZPALMA,GL,FTHORNE,,,,,,,,,,,,,2025-12-20T00:00:00.000Z,0,0,0001-01-01T00:00:00.000Z,0,0001-01-01T00:00:00.000Z,0,0001-01-01T00:00:00.000Z,0,0001-01-01T00:00:00.000Z,0,0001-01-01T00:00:00.000Z,0,0001-01-01T00:00:00.000Z,0,0001-01-01T00:00:00.000Z,0,2025-12-20T00:00:00.000Z,Pendiente Liberación,,FTHORNE,2032,,00,,,5000000756,00010,0001-01-01T00:00:00.000Z,0001-01-01T00:00:00.000Z,0,,,,0001-01-01T00:00:00.000Z,0001-01-01T00:00:00.000Z,00000,,,,,0001-01-01T00:00:00.000Z,0001-01-01T00:00:00.000Z,0001-01-01T00:00:00.000Z,00:00:00,ENTREGAS: Enviar la respuesta a los siguientes cor,36428247 ODM:M757182-T59 SA_3A Mtto Tomas de fondo,POR ENVIAR,,03 - EN LIBERACIÓN,0001-01-01T00:00:00.000Z,0,0,0,0