MANDT,EBELN,EBELP,EXTROW,NROSERV,SERV_CAT,SERV_FAM,SERV_SUBFAM,EKGRP,EKNAM,PSTYP,BATXT,BEDAT,LIFNR,NAMEL,NAME1,ANTICIPO,KNTTP,PTEXT,BKLAS,BKBEZ,MATNR,TXZ01,MENGE,MEINS,EINDT,NETPR,WAERS,NETWR,WKURS,PEINH,MATKL,WGBEZ,ZTAG1,EKGRP2,EKNAM2,KTWRT2,BUKRS,BUTXT,WERKS,LGORT,ERNAM,ZTERM,F_PAGO,BEDNR,BANFN,BNFPO,BADAT,LFDAT,ZAFNAM,ERNAM_EBAN,WAERS_EBAN,PREIS,PREIS_USD,KBETR,KBETR_DESC,ZZPAIS_ORIG,ZZFECHA_EMBARQ,ZZFECHA_ARRIBO,SUBMI,ZZMEDIO_TRANSP,ZZAGENTE_CARGA,ZZNUMERO_DOC_EMB,ZZNUMERO_DUA,ZZAGENTE_ADUANA,ZZNUMERO_APL_SEG,ZZPEDIDO_CLIENTE,ZTIPANTIC,ZZTARIFA,TEXT_F23,ZZREASON_REJECT,ZZAG_ADUANA_DESC,REVNO,ZZESTAPROV_DESC,ZZMOTREPROV_DESC,RETENIDO,MED_TRANSP,DESCUENTO_SERV,BRTWR,BRTWR2,AFNAM,INCO1,NETWR_DOL,FRGSX,COD_LIB,BSART,FE_LIB1,DIAS_PEND,FE_LIB2,FE_LIB3,FE_LIB4,FE_LIBU,FRGET,OBJID,KONNR,KTPNR,KDATB,KDATE,FRGKE,ZZREQCONT,ZZTIECONT,ZZNCONTRA,ZZFECINIC,ZZFECFIN,ZZDIASEST,ZZCONTPER,ZZRCAFI,ZZTCAFI,ZZIDCAR,ZZFEINI,ZZFEFIN,F_MAIL,H_MAIL,TXT_CB,TXT_PS,STAT_ENV,ZCATEGORIA,PROCSTAT,FECING,MENING,WRBTR,WRBTR2,WRBTR3
600,4500091445,00010,0000000000,,,,,T52,Compras PPTT,F,Ped. Mant. Correctiv,20220616,0000042146,ARENADO Y GRANALLADO METAL S.A.C,PUCUSANA PLANTA OMEGA,,K,Servicio,,,,sellado de huecos I TPUC,1,UA,20220628,8180,PEN,8180,1,1,268,Serv. Administrativo,007,T52,Compras PPTT,2192.44,TA10,Tecnológica de Alimentos,TPUC,,MVERASTEGUI,Z007,Plazo 7  días,,,00000,,,,,,0,0,0,0,,,,,,,,,,,,,,,,,,Pendiente,,,,0,8180,2192.44,T030,,2192.44,,,ZMB1,,0,,,,20220616,,,,00000,,,,,,,,,00000,,,,,,,,000000,,Servicio de sellado de huecos del techo de almacén,POR ENVIAR,,02 - ACTIVO,,0,0,0,0
600,4500091445,00010,0000000010,000000000001000047,,,,T52,Compras PPTT,F,Ped. Mant. Correctiv,20220616,0000042146,ARENADO Y GRANALLADO METAL S.A.C,PUCUSANA PLANTA OMEGA,,K,Servicio,Z075,Mant Repar Otros,,sellado de huecos I TPUC,1,UA,20220628,8180,PEN,8180,1,1,268,Serv. Administrativo,030,T52,Compras PPTT,2192.44,TA10,Tecnológica de Alimentos,TPUC,,MVERASTEGUI,Z030,Plazo 30  días.,,,00000,,,,,,0,0,0,0,,,,,,,,,,,,,,,,,,Pendiente,,Doc Retenido,,0,8180,2192.44,T030,,2192.44,,,ZMB1,,0,,,,,,,,00000,,,,,,,,,00000,,,,,,,,000000,,Servicio de sellado de huecos del techo de almacén,POR ENVIAR,,ZZ - RETENIDO,,0,0,0,0
600,4500091622,00010,0000000000,,,,,T52,Compras PPTT,F,Ped. Mant. Correctiv,20220623,0000042146,ARENADO Y GRANALLADO METAL S.A.C,PUCUSANA PLANTA OMEGA,,K,Servicio,,,,sellado de huecos I TPUC,1,UA,20220630,8998,PEN,8998,1,1,268,Serv. Administrativo,030,T52,Compras PPTT,2411.69,TA10,Tecnológica de Alimentos,TPUC,,MVERASTEGUI,Z030,Plazo 30  días.,,,00000,,,,,,0,0,0,0,,,,,,,,,,,,,,,,,,Pendiente,,Doc Retenido,,0,8998,2411.69,T150,,2411.69,,,ZMB1,,0,,,,,,,,00000,,,,,,,,,00000,,,,,,,,000000,,,POR ENVIAR,,ZZ - RETENIDO,,0,0,0,0
600,4500091622,00010,0000000010,000000000001000945,PROYECTOS,PROYECTOS,FABR/INSTAL/MONTAJE DE ACTIVOS,T52,Compras PPTT,F,Ped. Mant. Correctiv,20220623,0000042146,ARENADO Y GRANALLADO METAL S.A.C,PUCUSANA PLANTA OMEGA,,K,Servicio,Z387,Instalación y Montaje Enc,,sellado de huecos I TPUC,1,UA,20220630,8998,PEN,8998,1,1,268,Serv. Administrativo,030,T52,Compras PPTT,2411.69,TA10,Tecnológica de Alimentos,TPUC,,MVERASTEGUI,Z030,Plazo 30  días.,,,00000,,,,,,0,0,0,0,,,,,,,,,,,,,,,,,,Pendiente,,Doc Retenido,,0,8998,2411.69,T150,,2411.69,,,ZMB1,,0,,,,,,,,00000,,,,,,,,,00000,,,,,,,,000000,,,POR ENVIAR,,ZZ - RETENIDO,,0,0,0,0
600,4500093728,00010,0000000010,000000000001001074,ADMINISTRATIVOS,ADMINISTRACIÓN,VIAJES,T02,Compras Delegadas,F,Pedido estándar,20230312,2034184135,LATAM AIRLINES PERU S.A.,PISCO SUR,,K,Servicio,Z295,Pasajes Nacionales,,Pasaje TRUJILLO-LIMA 13.03-Cuadrilla CHD,1,LE,20230718,1188,USD,1188,3.786,1,263,Serv. de Viajes,007,T02,Compras Delegadas,1228.56,TA10,Tecnológica de Alimentos,TPSU,,EQUISPE,Z007,Plazo 7  días,,,00000,,,,,,0,0,0,0,,,,,,,,,,,,,,,,,,Pendiente,,,,0,1188,1188,T001,,1188,02,"BD,",NB,20230719,0,,,,20230719,Liberado total Exsa,,,00000,,,8,,,,,,00000,,,,,,,20230719,170058,,pasajes aereo de 06 colaboradores / cuadrilla CHD,ENVIADO,T02-Regula,05 - LIBERACIÓN CONCLUIDA,20230724,1,1188,1188,0
600,4500093728,00020,0000000010,000000000001001074,ADMINISTRATIVOS,ADMINISTRACIÓN,VIAJES,T02,Compras Delegadas,F,Pedido estándar,20230312,2034184135,LATAM AIRLINES PERU S.A.,PISCO SUR,,K,Servicio,Z295,Pasajes Nacionales,,TUUA 13.03 - Cuadrilla CHD,1,UA,20230718,40.56,USD,40.56,3.786,1,263,Serv. de Viajes,007,T02,Compras Delegadas,0,TA10,Tecnológica de Alimentos,TPSU,,EQUISPE,Z007,Plazo 7  días,,,00000,,,,,,0,0,0,0,,,,,,,,,,,,,,,,,,Pendiente,,,,0,40.56,40.56,T001,,40.56,02,"BD,",NB,20230719,0,,,,20230719,Liberado total Exsa,,,00000,,,8,,,,,,00000,,,,,,,20230719,170058,,TUUA  IMPUESTOS / cuadrilla CHD / Fecha: 13.03.202,ENVIADO,T02-Regula,05 - LIBERACIÓN CONCLUIDA,20230724,1,40.56,40.56,0
600,4500096095,00010,0000000010,000000000001001074,ADMINISTRATIVOS,ADMINISTRACIÓN,VIAJES,T02,Compras Delegadas,F,Pedido estándar,20231117,2034184135,LATAM AIRLINES PERU S.A.,PISCO SUR,,K,Servicio,Z295,Pasajes Nacionales,,Pasaj LIM/AREQ/LIM 21.11 LIZBETH ROSALES,1,UA,20231117,76,USD,76,3.772,1,263,Serv. de Viajes,007,T02,Compras Delegadas,198.72,TA10,Tecnológica de Alimentos,TPSU,,EQUISPE,Z007,Plazo 7  días,,,00000,,,,,,0,0,0,0,,,,,,,,,,,,,,,,,,Pendiente,,,,0,76,76,T001,,76,02,"BD,",NB,20240124,0,,,,20240124,Liberado total Exsa,,,00000,,,8,,,,,,00000,,,,,,,20240124,191605,,,ENVIADO,T02-Regula,05 - LIBERACIÓN CONCLUIDA,20240124,1,76,76,0
600,4500096095,00020,0000000010,000000000001001074,ADMINISTRATIVOS,ADMINISTRACIÓN,VIAJES,T02,Compras Delegadas,F,Pedido estándar,20231117,2034184135,LATAM AIRLINES PERU S.A.,PISCO SUR,,K,Servicio,Z295,Pasajes Nacionales,,LIM/AREQ/LIM 21.11 LIZBETH ROSALES-TUUA,1,UA,20240102,18.86,USD,18.86,3.772,1,263,Serv. de Viajes,007,T02,Compras Delegadas,0,TA10,Tecnológica de Alimentos,TPSU,,EQUISPE,Z007,Plazo 7  días,,,00000,,,,,,0,0,0,0,,,,,,,,,,,,,,,,,,Pendiente,,,,0,18.86,18.86,T001,,18.86,02,"BD,",NB,20240124,0,,,,20240124,Liberado total Exsa,,,00000,,,8,,,,,,00000,,,,,,,20240124,191605,,,ENVIADO,T02-Regula,05 - LIBERACIÓN CONCLUIDA,20240124,1,18.86,18.86,0
600,4500096095,00030,0000000010,000000000001001074,ADMINISTRATIVOS,ADMINISTRACIÓN,VIAJES,T02,Compras Delegadas,F,Pedido estándar,20231117,2034184135,LATAM AIRLINES PERU S.A.,PISCO SUR,,K,Servicio,Z295,Pasajes Nacionales,,Pasaj LIM/AREQ/LIM 29.11 ROCIO SUICO,1,UA,20240102,69,USD,69,3.772,1,263,Serv. de Viajes,007,T02,Compras Delegadas,0,TA10,Tecnológica de Alimentos,TPSU,,EQUISPE,Z007,Plazo 7  días,,,00000,,,,,,0,0,0,0,,,,,,,,,,,,,,,,,,Pendiente,,,,0,69,69,T001,,69,02,"BD,",NB,20240124,0,,,,20240124,Liberado total Exsa,,,00000,,,8,,,,,,00000,,,,,,,20240124,191605,,,ENVIADO,T02-Regula,05 - LIBERACIÓN CONCLUIDA,20240124,1,69,69,0
600,4500096095,00040,0000000010,000000000001001074,ADMINISTRATIVOS,ADMINISTRACIÓN,VIAJES,T02,Compras Delegadas,F,Pedido estándar,20231117,2034184135,LATAM AIRLINES PERU S.A.,PISCO SUR,,K,Servicio,Z295,Pasajes Nacionales,,LIM/AREQ/LIM 29.11 ROCIO SUICO-TUUA,1,UA,20240102,18.86,USD,18.86,3.772,1,263,Serv. de Viajes,007,T02,Compras Delegadas,0,TA10,Tecnológica de Alimentos,TPSU,,EQUISPE,Z007,Plazo 7  días,,,00000,,,,,,0,0,0,0,,,,,,,,,,,,,,,,,,Pendiente,,,,0,18.86,18.86,T001,,18.86,02,"BD,",NB,20240124,0,,,,20240124,Liberado total Exsa,,,00000,,,8,,,,,,00000,,,,,,,20240124,191605,,,ENVIADO,T02-Regula,05 - LIBERACIÓN CONCLUIDA,20240124,1,18.86,18.86,0
600,4500096095,00050,0000000010,000000000001001074,ADMINISTRATIVOS,ADMINISTRACIÓN,VIAJES,T02,Compras Delegadas,F,Pedido estándar,20231117,2034184135,LATAM AIRLINES PERU S.A.,PISCO SUR,,K,Servicio,Z295,Pasajes Nacionales,,Cambio Psje 09.12 ROCIO SUICO,1,UA,20240102,16,USD,16,3.772,1,263,Serv. de Viajes,007,T02,Compras Delegadas,0,TA10,Tecnológica de Alimentos,TPSU,,EQUISPE,Z007,Plazo 7  días,,,00000,,,,,,0,0,0,0,,,,,,,,,,,,,,,,,,Pendiente,,,,0,16,16,T001,,16,02,"BD,",NB,20240124,0,,,,20240124,Liberado total Exsa,,,00000,,,8,,,,,,00000,,,,,,,20240124,191605,,,ENVIADO,T02-Regula,05 - LIBERACIÓN CONCLUIDA,20240124,1,16,16,0
600,4500096911,00010,0000000010,000000000001001074,ADMINISTRATIVOS,ADMINISTRACIÓN,VIAJES,T02,Compras Delegadas,F,Pedido estándar,20240301,2034184135,LATAM AIRLINES PERU S.A.,PISCO SUR,,K,Servicio,Z295,Pasajes Nacionales,,Pasj Lim-Aqp-Lima 17-22.03/Lizbeth Rosal,1,UA,20240523,58,USD,58,3.782,1,263,Serv. de Viajes,007,T02,Compras Delegadas,77.5,TA10,Tecnológica de Alimentos,TPSU,,EQUISPE,Z007,Plazo 7  días,,,00000,,,,,,0,0,0,0,,,,,,,,,,,,,,,,,,Pendiente,,,,0,58,58,T001,,58,02,"BD,",NB,20240524,0,,,,20240524,Liberado total Exsa,,,00000,,,8,,,,,,00000,,,,,,,20240524,114513,,,ENVIADO,T02-Regula,05 - LIBERACIÓN CONCLUIDA,20240524,1,58,58,0
600,4500096911,00020,0000000010,000000000001001074,ADMINISTRATIVOS,ADMINISTRACIÓN,VIAJES,T02,Compras Delegadas,F,Pedido estándar,20240301,2034184135,LATAM AIRLINES PERU S.A.,PISCO SUR,,K,Servicio,Z295,Pasajes Nacionales,,TUUA Lim-Aqp-Lima 17-22.03/Lizbeth Rosal,1,UA,20240524,19.5,USD,19.5,3.782,1,263,Serv. de Viajes,007,T02,Compras Delegadas,0,TA10,Tecnológica de Alimentos,TPSU,,EQUISPE,Z007,Plazo 7  días,,,00000,,,,,,0,0,0,0,,,,,,,,,,,,,,,,,,Pendiente,,,,0,19.5,19.5,T001,,19.5,02,"BD,",NB,20240524,0,,,,20240524,Liberado total Exsa,,,00000,,,8,,,,,,00000,,,,,,,20240524,114513,,,ENVIADO,T02-Regula,05 - LIBERACIÓN CONCLUIDA,20240524,1,19.5,19.5,0
600,4500108125,00010,0000000010,000000000001001074,ADMINISTRATIVOS,ADMINISTRACIÓN,VIAJES,T02,Compras Delegadas,F,Pedido estándar,20240529,2034184135,LATAM AIRLINES PERU S.A.,PISCO SUR,,K,Servicio,Z295,Pasajes Nacionales,,Pasaj Lima-Arequiipa 03.06/Eugenia Quisp,1,UA,20240619,54,USD,54,3.75,1,263,Serv. de Viajes,007,T02,Compras Delegadas,151.97,TA10,Tecnológica de Alimentos,TPSU,,EQUISPE,Z007,Plazo 7  días,,,00000,,,,,,0,0,0,0,,,,,,,,,,,,,,,,,,Pendiente,,,,0,54,54,T001,,54,02,"BD,",NB,20240708,0,,,,20240708,Liberado total Exsa,,,00000,,,8,,,,,,00000,,,,,,,20240708,153014,,,ENVIADO,T02-Regula,05 - LIBERACIÓN CONCLUIDA,20240708,1,54,0,0
600,4500108125,00020,0000000010,000000000001001074,ADMINISTRATIVOS,ADMINISTRACIÓN,VIAJES,T02,Compras Delegadas,F,Pedido estándar,20240529,2034184135,LATAM AIRLINES PERU S.A.,PISCO SUR,,K,Servicio,Z295,Pasajes Nacionales,,Pasaj Lim-Areq-Lim 25.06 /Madeleine Rodr,1,UA,20240619,66,USD,66,3.75,1,263,Serv. de Viajes,007,T02,Compras Delegadas,0,TA10,Tecnológica de Alimentos,TPSU,,EQUISPE,Z007,Plazo 7  días,,,00000,,,,,,0,0,0,0,,,,,,,,,,,,,,,,,,Pendiente,,,,0,66,66,T001,,66,02,"BD,",NB,20240708,0,,,,20240708,Liberado total Exsa,,,00000,,,8,,,,,,00000,,,,,,,20240708,153014,,,ENVIADO,T02-Regula,05 - LIBERACIÓN CONCLUIDA,20240708,1,66,0,0
600,4500108125,00030,0000000010,000000000001001074,ADMINISTRATIVOS,ADMINISTRACIÓN,VIAJES,T02,Compras Delegadas,F,Pedido estándar,20240529,2034184135,LATAM AIRLINES PERU S.A.,PISCO SUR,,K,Servicio,Z295,Pasajes Nacionales,,TUUA Lima-Arequiipa 03.06/Eugenia Quisp,1,UA,20240619,12.47,USD,12.47,3.75,1,263,Serv. de Viajes,007,T02,Compras Delegadas,0,TA10,Tecnológica de Alimentos,TPSU,,EQUISPE,Z007,Plazo 7  días,,,00000,,,,,,0,0,0,0,,,,,,,,,,,,,,,,,,Pendiente,,,,0,12.47,12.47,T001,,12.47,02,"BD,",NB,20240708,0,,,,20240708,Liberado total Exsa,,,00000,,,8,,,,,,00000,,,,,,,20240708,153014,,,ENVIADO,T02-Regula,05 - LIBERACIÓN CONCLUIDA,20240708,1,12.47,0,0
600,4500108125,00040,0000000010,000000000001001074,ADMINISTRATIVOS,ADMINISTRACIÓN,VIAJES,T02,Compras Delegadas,F,Pedido estándar,20240529,2034184135,LATAM AIRLINES PERU S.A.,PISCO SUR,,K,Servicio,Z295,Pasajes Nacionales,,TUUA Lim-Areq-Lim 25.06 /Madeleine Rodr,1,UA,20240619,19.5,USD,19.5,3.75,1,263,Serv. de Viajes,007,T02,Compras Delegadas,0,TA10,Tecnológica de Alimentos,TPSU,,EQUISPE,Z007,Plazo 7  días,,,00000,,,,,,0,0,0,0,,,,,,,,,,,,,,,,,,Pendiente,,,,0,19.5,19.5,T001,,19.5,02,"BD,",NB,20240708,0,,,,20240708,Liberado total Exsa,,,00000,,,8,,,,,,00000,,,,,,,20240708,153014,,,ENVIADO,T02-Regula,05 - LIBERACIÓN CONCLUIDA,20240708,1,19.5,0,0
600,4500109448,00010,0000000000,,,,,T50,Compras Abastecimi,F,Pedido de Servicios,20240819,2060407040,Q UMA SOLUCIONES GASTRONOMICAS S.A.,TASA CALLAO NORTE,,K,Servicio,,,,Break- evento de integración,1,UA,20240820,200,PEN,200,1,1,267,Serv. Para personal,020,T50,Compras Abastecimi,53.36,TA10,Tecnológica de Alimentos,TCNO,L001,ASOTO,Z020,Plazo 20  dias,,,00000,,,,,,0,0,0,0,,,,,,,,,,,,,,,,,,Pendiente,,,,0,200,53.36,T150,,53.36,,,ZSER,,0,,,,20240819,,,,00000,,,,,,,,,00000,,,,,,,,000000,,,POR ENVIAR,T01-Estánd,02 - ACTIVO,,0,0,0,0
600,5010000006,00010,0000000010,000000000001001156,ADMINISTRATIVOS,ADMINISTRACIÓN,SERVICIOS DE OFICINA,T02,Compras Delegadas,F,Pedido estándar,20190916,0000000826,A & M SEGURIDAD Y SUPERVIVEN EN EL,TASA CALLAO NORTE,,K,Servicio,Z131,Otros Srv. Prestado Terc.,,TASA TOPICO EQUIPOS RESUCITADORES,1,UA,20190916,67.7,USD,23.54,3.318,1,294,Serv. Varios Adminis,045,T02,Compras Delegadas,67.7,TA10,Tecnológica de Alimentos,TCNO,,JOGUZMAN,Z045,Plazo 45  días,,,00000,,,,,,0,0,0,0,,,,,,,,,,,,,,,,,1,Aprobado por EM,,,,0,23.54,23.54,T001,,23.54,02,"BD,",NB,20190916,0,,,,20190916,Liberado total Exsa,,,00000,,,8,,,,,,00000,,,,,,,,000000,,ANSUMAR COTIZACION,POR ENVIAR,T02-Regula,05 - LIBERACIÓN CONCLUIDA,20190927,1,67.7,67.7,0
600,5010000006,00010,0000000020,000000000001001156,ADMINISTRATIVOS,ADMINISTRACIÓN,SERVICIOS DE OFICINA,T02,Compras Delegadas,F,Pedido estándar,20190916,0000000826,A & M SEGURIDAD Y SUPERVIVEN EN EL,TASA CALLAO NORTE,,K,Servicio,Z131,Otros Srv. Prestado Terc.,,TASA TOPICO EQUIPOS RESUCITADORES,1,UA,20190916,67.7,USD,32.78,3.318,1,294,Serv. Varios Adminis,045,T02,Compras Delegadas,0,TA10,Tecnológica de Alimentos,TCNO,,JOGUZMAN,Z045,Plazo 45  días,,,00000,,,,,,0,0,0,0,,,,,,,,,,,,,,,,,1,Aprobado por EM,,,,0,32.78,32.78,T001,,32.78,02,"BD,",NB,20190916,0,,,,20190916,Liberado total Exsa,,,00000,,,8,,,,,,00000,,,,,,,,000000,,ANSUMAR COTIZACION,POR ENVIAR,T02-Regula,05 - LIBERACIÓN CONCLUIDA,20190927,1,67.7,67.7,0
600,5010000006,00010,0000000030,000000000001001156,ADMINISTRATIVOS,ADMINISTRACIÓN,SERVICIOS DE OFICINA,T02,Compras Delegadas,F,Pedido estándar,20190916,0000000826,A & M SEGURIDAD Y SUPERVIVEN EN EL,TASA CALLAO NORTE,,K,Servicio,Z131,Otros Srv. Prestado Terc.,,TASA TOPICO EQUIPOS RESUCITADORES,1,UA,20190916,67.7,USD,11.38,3.318,1,294,Serv. Varios Adminis,045,T02,Compras Delegadas,0,TA10,Tecnológica de Alimentos,TCNO,,JOGUZMAN,Z045,Plazo 45  días,,,00000,,,,,,0,0,0,0,,,,,,,,,,,,,,,,,1,Aprobado por EM,,,,0,11.38,11.38,T001,,11.38,02,"BD,",NB,20190916,0,,,,20190916,Liberado total Exsa,,,00000,,,8,,,,,,00000,,,,,,,,000000,,ANSUMAR COTIZACION,POR ENVIAR,T02-Regula,05 - LIBERACIÓN CONCLUIDA,20190927,1,67.7,67.7,0
600,5010000007,00010,0000000010,000000000001001225,ADMINISTRATIVOS,FACILITY MANAGEMENT,LIMPIEZA DE INSTALACIONES,T02,Compras Delegadas,F,Pedido estándar,20190916,1042801300,LUIS CERVANTES,TASA CALLAO NORTE,,K,Servicio,Z099,Servicios de limpieza,,SERV. CONTROL PLAGAS AGOSTO CHI / CH,1,UA,20190916,5000,PEN,2500,1,1,268,Serv. Administrativo,030,T02,Compras Delegadas,1506.94,TA10,Tecnológica de Alimentos,TCNO,,JOGUZMAN,Z030,Plazo 30  días.,,,00000,,,,,,0,0,0,0,,,,,,,,,,,,,,,,,,Aprobado por EM,,,,0,2500,753.47,T001,,753.47,02,"BD,",NB,20190916,0,,,,20190916,Liberado total Exsa,,,00000,,,8,,,,,,00000,,,,,,,,000000,,SERV. CONTROL PLAGAS AGOSTO CHI / CH FACTURA: 0001,POR ENVIAR,T02-Regula,05 - LIBERACIÓN CONCLUIDA,20191113,2,1506.93,1506.93,0
600,5010000007,00010,0000000020,000000000001001225,ADMINISTRATIVOS,FACILITY MANAGEMENT,LIMPIEZA DE INSTALACIONES,T02,Compras Delegadas,F,Pedido estándar,20190916,1042801300,LUIS CERVANTES,TASA CALLAO NORTE,,K,Servicio,Z099,Servicios de limpieza,,SERV. CONTROL PLAGAS AGOSTO CHI / CH,1,UA,20190916,5000,PEN,2500,1,1,268,Serv. Administrativo,030,T02,Compras Delegadas,0,TA10,Tecnológica de Alimentos,TCNO,,JOGUZMAN,Z030,Plazo 30  días.,,,00000,,,,,,0,0,0,0,,,,,,,,,,,,,,,,,,Aprobado por EM,,,,0,2500,753.47,T001,,753.47,02,"BD,",NB,20190916,0,,,,20190916,Liberado total Exsa,,,00000,,,8,,,,,,00000,,,,,,,,000000,,SERV. CONTROL PLAGAS AGOSTO CHI / CH FACTURA: 0001,POR ENVIAR,T02-Regula,05 - LIBERACIÓN CONCLUIDA,20191113,2,1506.93,1506.93,0
600,5010000008,00010,0000000010,1001072_036,ADMINISTRATIVOS,FACILITY MANAGEMENT,LIMPIEZA DE INSTALACIONES,T02,Compras Delegadas,F,Pedido estándar,20190916,2050403912,EULEN DEL PERU DE SERVICIOS COMPLEMENTARIOS S.A.,TASA CALLAO NORTE,,K,Servicio,Z099,Servicios de limpieza,,Serv. Limpieza y Jardineria Callao CHD,1,UA,20190916,9234.44,PEN,2308.61,1,1,268,Serv. Administrativo,045,T71,Comp.RArevalo,16022.92,TA10,Tecnológica de Alimentos,TCNO,,JOGUZMAN,Z045,Plazo 45  días,,,00000,,,,,,0,0,0,0,,,,,,,,,,,,,,,,,,Aprobado por EM,,,,0,2308.61,695.78,T001,,695.78,04,"BD,GN,GA,",NB,20190916,0,20190919,20190923,,20190923,Liberado total Exsa,,T460002355,00070,,,8,,,,,,00000,,,,,,,,000000,,EULEN DEL PERU DE SERVICIOS,POR ENVIAR,T02-Regula,05 - LIBERACIÓN CONCLUIDA,20190927,3,2783.13,2783.13,0
600,5010000008,00010,0000000020,1001072_036,ADMINISTRATIVOS,FACILITY MANAGEMENT,LIMPIEZA DE INSTALACIONES,T02,Compras Delegadas,F,Pedido estándar,20190916,2050403912,EULEN DEL PERU DE SERVICIOS COMPLEMENTARIOS S.A.,TASA CALLAO NORTE,,K,Servicio,Z099,Servicios de limpieza,,Serv. Limpieza y Jardineria Callao CHD,1,UA,20190916,9234.44,PEN,2308.61,1,1,268,Serv. Administrativo,045,T71,Comp.RArevalo,0,TA10,Tecnológica de Alimentos,TCNO,,JOGUZMAN,Z045,Plazo 45  días,,,00000,,,,,,0,0,0,0,,,,,,,,,,,,,,,,,,Aprobado por EM,,,,0,2308.61,695.78,T001,,695.78,04,"BD,GN,GA,",NB,20190916,0,20190919,20190923,,20190923,Liberado total Exsa,,T460002355,00070,,,8,,,,,,00000,,,,,,,,000000,,EULEN DEL PERU DE SERVICIOS,POR ENVIAR,T02-Regula,05 - LIBERACIÓN CONCLUIDA,20190927,3,2783.13,2783.13,0
600,5010000008,00010,0000000030,1001072_036,ADMINISTRATIVOS,FACILITY MANAGEMENT,LIMPIEZA DE INSTALACIONES,T02,Compras Delegadas,F,Pedido estándar,20190916,2050403912,EULEN DEL PERU DE SERVICIOS COMPLEMENTARIOS S.A.,TASA CALLAO NORTE,,K,Servicio,Z099,Servicios de limpieza,,Serv. Limpieza y Jardineria Callao CHD,1,UA,20190916,9234.44,PEN,2308.61,1,1,268,Serv. Administrativo,045,T71,Comp.RArevalo,0,TA10,Tecnológica de Alimentos,TCNO,,JOGUZMAN,Z045,Plazo 45  días,,,00000,,,,,,0,0,0,0,,,,,,,,,,,,,,,,,,Aprobado por EM,,,,0,2308.61,695.78,T001,,695.78,04,"BD,GN,GA,",NB,20190916,0,20190919,20190923,,20190923,Liberado total Exsa,,T460002355,00070,,,8,,,,,,00000,,,,,,,,000000,,EULEN DEL PERU DE SERVICIOS,POR ENVIAR,T02-Regula,05 - LIBERACIÓN CONCLUIDA,20190927,3,2783.13,2783.13,0
600,5010000008,00010,0000000040,1001072_036,ADMINISTRATIVOS,FACILITY MANAGEMENT,LIMPIEZA DE INSTALACIONES,T02,Compras Delegadas,F,Pedido estándar,20190916,2050403912,EULEN DEL PERU DE SERVICIOS COMPLEMENTARIOS S.A.,TASA CALLAO NORTE,,K,Servicio,Z099,Servicios de limpieza,,Serv. Limpieza y Jardineria Callao CHD,1,UA,20190916,9234.44,PEN,2308.61,1,1,268,Serv. Administrativo,045,T71,Comp.RArevalo,0,TA10,Tecnológica de Alimentos,TCNO,,JOGUZMAN,Z045,Plazo 45  días,,,00000,,,,,,0,0,0,0,,,,,,,,,,,,,,,,,,Aprobado por EM,,,,0,2308.61,695.78,T001,,695.78,04,"BD,GN,GA,",NB,20190916,0,20190919,20190923,,20190923,Liberado total Exsa,,T460002355,00070,,,8,,,,,,00000,,,,,,,,000000,,EULEN DEL PERU DE SERVICIOS,POR ENVIAR,T02-Regula,05 - LIBERACIÓN CONCLUIDA,20190927,3,2783.13,2783.13,0
600,5010000008,00020,0000000010,1001072_036,ADMINISTRATIVOS,FACILITY MANAGEMENT,LIMPIEZA DE INSTALACIONES,T02,Compras Delegadas,F,Pedido estándar,20190916,2050403912,EULEN DEL PERU DE SERVICIOS COMPLEMENTARIOS S.A.,TASA CALLAO NORTE,,K,Servicio,Z099,Servicios de limpieza,,Serv. Limpieza y Jardineria Callao CHI,1,UA,20190916,27769.59,PEN,2308.61,1,1,268,Serv. Administrativo,045,T71,Comp.RArevalo,0,TA10,Tecnológica de Alimentos,TCNO,,JOGUZMAN,Z045,Plazo 45  días,,,00000,,,,,,0,0,0,0,,,,,,,,,,,,,,,,,,Aprobado por EM,,,,0,2308.61,695.78,T001,,695.78,04,"BD,GN,GA,",NB,20190916,0,20190919,20190923,,20190923,Liberado total Exsa,,T460002355,00070,,,8,,,,,,00000,,,,,,,,000000,,EULEN DEL PERU DE SERVICIOS,POR ENVIAR,T02-Regula,05 - LIBERACIÓN CONCLUIDA,20190927,5,8369.38,8369.38,0
600,5010000008,00020,0000000020,1001072_036,ADMINISTRATIVOS,FACILITY MANAGEMENT,LIMPIEZA DE INSTALACIONES,T02,Compras Delegadas,F,Pedido estándar,20190916,2050403912,EULEN DEL PERU DE SERVICIOS COMPLEMENTARIOS S.A.,TASA CALLAO NORTE,,K,Servicio,Z099,Servicios de limpieza,,Serv. Limpieza y Jardineria Callao CHI,1,UA,20190916,27769.59,PEN,2308.61,1,1,268,Serv. Administrativo,045,T71,Comp.RArevalo,0,TA10,Tecnológica de Alimentos,TCNO,,JOGUZMAN,Z045,Plazo 45  días,,,00000,,,,,,0,0,0,0,,,,,,,,,,,,,,,,,,Aprobado por EM,,,,0,2308.61,695.78,T001,,695.78,04,"BD,GN,GA,",NB,20190916,0,20190919,20190923,,20190923,Liberado total Exsa,,T460002355,00070,,,8,,,,,,00000,,,,,,,,000000,,EULEN DEL PERU DE SERVICIOS,POR ENVIAR,T02-Regula,05 - LIBERACIÓN CONCLUIDA,20190927,5,8369.38,8369.38,0
600,5010000008,00020,0000000030,1001072_036,ADMINISTRATIVOS,FACILITY MANAGEMENT,LIMPIEZA DE INSTALACIONES,T02,Compras Delegadas,F,Pedido estándar,20190916,2050403912,EULEN DEL PERU DE SERVICIOS COMPLEMENTARIOS S.A.,TASA CALLAO NORTE,,K,Servicio,Z099,Servicios de limpieza,,Serv. Limpieza y Jardineria Callao CHI,1,UA,20190916,27769.59,PEN,2308.61,1,1,268,Serv. Administrativo,045,T71,Comp.RArevalo,0,TA10,Tecnológica de Alimentos,TCNO,,JOGUZMAN,Z045,Plazo 45  días,,,00000,,,,,,0,0,0,0,,,,,,,,,,,,,,,,,,Aprobado por EM,,,,0,2308.61,695.78,T001,,695.78,04,"BD,GN,GA,",NB,20190916,0,20190919,20190923,,20190923,Liberado total Exsa,,T460002355,00070,,,8,,,,,,00000,,,,,,,,000000,,EULEN DEL PERU DE SERVICIOS,POR ENVIAR,T02-Regula,05 - LIBERACIÓN CONCLUIDA,20190927,5,8369.38,8369.38,0
600,5010000008,00020,0000000040,1001072_036,ADMINISTRATIVOS,FACILITY MANAGEMENT,LIMPIEZA DE INSTALACIONES,T02,Compras Delegadas,F,Pedido estándar,20190916,2050403912,EULEN DEL PERU DE SERVICIOS COMPLEMENTARIOS S.A.,TASA CALLAO NORTE,,K,Servicio,Z099,Servicios de limpieza,,Serv. Limpieza y Jardineria Callao CHI,1,UA,20190916,27769.59,PEN,2308.61,1,1,268,Serv. Administrativo,045,T71,Comp.RArevalo,0,TA10,Tecnológica de Alimentos,TCNO,,JOGUZMAN,Z045,Plazo 45  días,,,00000,,,,,,0,0,0,0,,,,,,,,,,,,,,,,,,Aprobado por EM,,,,0,2308.61,695.78,T001,,695.78,04,"BD,GN,GA,",NB,20190916,0,20190919,20190923,,20190923,Liberado total Exsa,,T460002355,00070,,,8,,,,,,00000,,,,,,,,000000,,EULEN DEL PERU DE SERVICIOS,POR ENVIAR,T02-Regula,05 - LIBERACIÓN CONCLUIDA,20190927,5,8369.38,8369.38,0
600,5010000008,00020,0000000050,1001072_036,ADMINISTRATIVOS,FACILITY MANAGEMENT,LIMPIEZA DE INSTALACIONES,T02,Compras Delegadas,F,Pedido estándar,20190916,2050403912,EULEN DEL PERU DE SERVICIOS COMPLEMENTARIOS S.A.,TASA CALLAO NORTE,,K,Servicio,Z099,Servicios de limpieza,,Serv. Limpieza y Jardineria Callao CHI,1,UA,20190916,27769.59,PEN,2308.61,1,1,268,Serv. Administrativo,045,T71,Comp.RArevalo,0,TA10,Tecnológica de Alimentos,TCNO,,JOGUZMAN,Z045,Plazo 45  días,,,00000,,,,,,0,0,0,0,,,,,,,,,,,,,,,,,,Aprobado por EM,,,,0,2308.61,695.78,T001,,695.78,04,"BD,GN,GA,",NB,20190916,0,20190919,20190923,,20190923,Liberado total Exsa,,T460002355,00070,,,8,,,,,,00000,,,,,,,,000000,,EULEN DEL PERU DE SERVICIOS,POR ENVIAR,T02-Regula,05 - LIBERACIÓN CONCLUIDA,20190927,5,8369.38,8369.38,0
600,5010000008,00020,0000000060,1001072_036,ADMINISTRATIVOS,FACILITY MANAGEMENT,LIMPIEZA DE INSTALACIONES,T02,Compras Delegadas,F,Pedido estándar,20190916,2050403912,EULEN DEL PERU DE SERVICIOS COMPLEMENTARIOS S.A.,TASA CALLAO NORTE,,K,Servicio,Z099,Servicios de limpieza,,Serv. Limpieza y Jardineria Callao CHI,1,UA,20190916,27769.59,PEN,2308.61,1,1,268,Serv. Administrativo,045,T71,Comp.RArevalo,0,TA10,Tecnológica de Alimentos,TCNO,,JOGUZMAN,Z045,Plazo 45  días,,,00000,,,,,,0,0,0,0,,,,,,,,,,,,,,,,,,Aprobado por EM,,,,0,2308.61,695.78,T001,,695.78,04,"BD,GN,GA,",NB,20190916,0,20190919,20190923,,20190923,Liberado total Exsa,,T460002355,00070,,,8,,,,,,00000,,,,,,,,000000,,EULEN DEL PERU DE SERVICIOS,POR ENVIAR,T02-Regula,05 - LIBERACIÓN CONCLUIDA,20190927,5,8369.38,8369.38,0
600,5010000008,00020,0000000070,1001072_036,ADMINISTRATIVOS,FACILITY MANAGEMENT,LIMPIEZA DE INSTALACIONES,T02,Compras Delegadas,F,Pedido estándar,20190916,2050403912,EULEN DEL PERU DE SERVICIOS COMPLEMENTARIOS S.A.,TASA CALLAO NORTE,,K,Servicio,Z099,Servicios de limpieza,,Serv. Limpieza y Jardineria Callao CHI,1,UA,20190916,27769.59,PEN,2308.61,1,1,268,Serv. Administrativo,045,T71,Comp.RArevalo,0,TA10,Tecnológica de Alimentos,TCNO,,JOGUZMAN,Z045,Plazo 45  días,,,00000,,,,,,0,0,0,0,,,,,,,,,,,,,,,,,,Aprobado por EM,,,,0,2308.61,695.78,T001,,695.78,04,"BD,GN,GA,",NB,20190916,0,20190919,20190923,,20190923,Liberado total Exsa,,T460002355,00070,,,8,,,,,,00000,,,,,,,,000000,,EULEN DEL PERU DE SERVICIOS,POR ENVIAR,T02-Regula,05 - LIBERACIÓN CONCLUIDA,20190927,5,8369.38,8369.38,0
600,5010000008,00020,0000000080,1001072_038,ADMINISTRATIVOS,FACILITY MANAGEMENT,LIMPIEZA DE INSTALACIONES,T02,Compras Delegadas,F,Pedido estándar,20190916,2050403912,EULEN DEL PERU DE SERVICIOS COMPLEMENTARIOS S.A.,TASA CALLAO NORTE,,K,Servicio,Z099,Servicios de limpieza,,Serv. Limpieza y Jardineria Callao CHI,1,UA,20190916,27769.59,PEN,2374.88,1,1,268,Serv. Administrativo,045,T71,Comp.RArevalo,0,TA10,Tecnológica de Alimentos,TCNO,,JOGUZMAN,Z045,Plazo 45  días,,,00000,,,,,,0,0,0,0,,,,,,,,,,,,,,,,,,Aprobado por EM,,,,0,2374.88,715.76,T001,,715.76,04,"BD,GN,GA,",NB,20190916,0,20190919,20190923,,20190923,Liberado total Exsa,,T460002355,00070,,,8,,,,,,00000,,,,,,,,000000,,EULEN DEL PERU DE SERVICIOS,POR ENVIAR,T02-Regula,05 - LIBERACIÓN CONCLUIDA,20190927,5,8369.38,8369.38,0
600,5010000008,00020,0000000090,1001072_036,ADMINISTRATIVOS,FACILITY MANAGEMENT,LIMPIEZA DE INSTALACIONES,T02,Compras Delegadas,F,Pedido estándar,20190916,2050403912,EULEN DEL PERU DE SERVICIOS COMPLEMENTARIOS S.A.,TASA CALLAO NORTE,,K,Servicio,Z099,Servicios de limpieza,,Serv. Limpieza y Jardineria Callao CHI,1,UA,20190916,27769.59,PEN,2308.61,1,1,268,Serv. Administrativo,045,T71,Comp.RArevalo,0,TA10,Tecnológica de Alimentos,TCNO,,JOGUZMAN,Z045,Plazo 45  días,,,00000,,,,,,0,0,0,0,,,,,,,,,,,,,,,,,,Aprobado por EM,,,,0,2308.61,695.78,T001,,695.78,04,"BD,GN,GA,",NB,20190916,0,20190919,20190923,,20190923,Liberado total Exsa,,T460002355,00070,,,8,,,,,,00000,,,,,,,,000000,,EULEN DEL PERU DE SERVICIOS,POR ENVIAR,T02-Regula,05 - LIBERACIÓN CONCLUIDA,20190927,5,8369.38,8369.38,0
600,5010000008,00020,0000000100,1001072_036,ADMINISTRATIVOS,FACILITY MANAGEMENT,LIMPIEZA DE INSTALACIONES,T02,Compras Delegadas,F,Pedido estándar,20190916,2050403912,EULEN DEL PERU DE SERVICIOS COMPLEMENTARIOS S.A.,TASA CALLAO NORTE,,K,Servicio,Z099,Servicios de limpieza,,Serv. Limpieza y Jardineria Callao CHI,1,UA,20190916,27769.59,PEN,2308.61,1,1,268,Serv. Administrativo,045,T71,Comp.RArevalo,0,TA10,Tecnológica de Alimentos,TCNO,,JOGUZMAN,Z045,Plazo 45  días,,,00000,,,,,,0,0,0,0,,,,,,,,,,,,,,,,,,Aprobado por EM,,,,0,2308.61,695.78,T001,,695.78,04,"BD,GN,GA,",NB,20190916,0,20190919,20190923,,20190923,Liberado total Exsa,,T460002355,00070,,,8,,,,,,00000,,,,,,,,000000,,EULEN DEL PERU DE SERVICIOS,POR ENVIAR,T02-Regula,05 - LIBERACIÓN CONCLUIDA,20190927,5,8369.38,8369.38,0
600,5010000008,00020,0000000110,1001072_036,ADMINISTRATIVOS,FACILITY MANAGEMENT,LIMPIEZA DE INSTALACIONES,T02,Compras Delegadas,F,Pedido estándar,20190916,2050403912,EULEN DEL PERU DE SERVICIOS COMPLEMENTARIOS S.A.,TASA CALLAO NORTE,,K,Servicio,Z099,Servicios de limpieza,,Serv. Limpieza y Jardineria Callao CHI,1,UA,20190916,27769.59,PEN,2308.61,1,1,268,Serv. Administrativo,045,T71,Comp.RArevalo,0,TA10,Tecnológica de Alimentos,TCNO,,JOGUZMAN,Z045,Plazo 45  días,,,00000,,,,,,0,0,0,0,,,,,,,,,,,,,,,,,,Aprobado por EM,,,,0,2308.61,695.78,T001,,695.78,04,"BD,GN,GA,",NB,20190916,0,20190919,20190923,,20190923,Liberado total Exsa,,T460002355,00070,,,8,,,,,,00000,,,,,,,,000000,,EULEN DEL PERU DE SERVICIOS,POR ENVIAR,T02-Regula,05 - LIBERACIÓN CONCLUIDA,20190927,5,8369.38,8369.38,0
600,5010000008,00020,0000000120,1001072_036,ADMINISTRATIVOS,FACILITY MANAGEMENT,LIMPIEZA DE INSTALACIONES,T02,Compras Delegadas,F,Pedido estándar,20190916,2050403912,EULEN DEL PERU DE SERVICIOS COMPLEMENTARIOS S.A.,TASA CALLAO NORTE,,K,Servicio,Z099,Servicios de limpieza,,Serv. Limpieza y Jardineria Callao CHI,1,UA,20190916,27769.59,PEN,2308.61,1,1,268,Serv. Administrativo,045,T71,Comp.RArevalo,0,TA10,Tecnológica de Alimentos,TCNO,,JOGUZMAN,Z045,Plazo 45  días,,,00000,,,,,,0,0,0,0,,,,,,,,,,,,,,,,,,Aprobado por EM,,,,0,2308.61,695.78,T001,,695.78,04,"BD,GN,GA,",NB,20190916,0,20190919,20190923,,20190923,Liberado total Exsa,,T460002355,00070,,,8,,,,,,00000,,,,,,,,000000,,EULEN DEL PERU DE SERVICIOS,POR ENVIAR,T02-Regula,05 - LIBERACIÓN CONCLUIDA,20190927,5,8369.38,8369.38,0
600,5010000008,00030,0000000010,1001072_036,ADMINISTRATIVOS,FACILITY MANAGEMENT,LIMPIEZA DE INSTALACIONES,T02,Compras Delegadas,F,Pedido estándar,20190916,2050403912,EULEN DEL PERU DE SERVICIOS COMPLEMENTARIOS S.A.,TASA CALLAO NORTE,,K,Servicio,Z099,Servicios de limpieza,,Serv. Limpieza y Jardineria Callao ALMAC,1,UA,20190916,2308.61,PEN,2308.61,1,1,268,Serv. Administrativo,045,T71,Comp.RArevalo,0,TA10,Tecnológica de Alimentos,TCNO,,JOGUZMAN,Z045,Plazo 45  días,,,00000,,,,,,0,0,0,0,,,,,,,,,,,,,,,,,,Aprobado por EM,,,,0,2308.61,695.78,T001,,695.78,04,"BD,GN,GA,",NB,20190916,0,20190919,20190923,,20190923,Liberado total Exsa,,T460002355,00070,,,8,,,,,,00000,,,,,,,,000000,,EULEN DEL PERU DE SERVICIOS,POR ENVIAR,T02-Regula,05 - LIBERACIÓN CONCLUIDA,20190927,1,695.78,695.78,0
600,5010000008,00040,0000000010,1001072_036,ADMINISTRATIVOS,FACILITY MANAGEMENT,LIMPIEZA DE INSTALACIONES,T02,Compras Delegadas,F,Pedido estándar,20190916,2050403912,EULEN DEL PERU DE SERVICIOS COMPLEMENTARIOS S.A.,TASA CALLAO NORTE,,K,Servicio,Z099,Servicios de limpieza,,Serv. Limpieza y Jardineria Callao PESCA,1,UA,20190916,13851.66,PEN,2308.61,1,1,268,Serv. Administrativo,045,T71,Comp.RArevalo,0,TA10,Tecnológica de Alimentos,TCNO,,JOGUZMAN,Z045,Plazo 45  días,,,00000,,,,,,0,0,0,0,,,,,,,,,,,,,,,,,,Aprobado por EM,,,,0,2308.61,695.78,T001,,695.78,04,"BD,GN,GA,",NB,20190916,0,20190919,20190923,,20190923,Liberado total Exsa,,T460002355,00070,,,8,,,,,,00000,,,,,,,,000000,,EULEN DEL PERU DE SERVICIOS,POR ENVIAR,T02-Regula,05 - LIBERACIÓN CONCLUIDA,20190927,2,4174.7,4174.7,0
600,5010000008,00040,0000000020,1001072_036,ADMINISTRATIVOS,FACILITY MANAGEMENT,LIMPIEZA DE INSTALACIONES,T02,Compras Delegadas,F,Pedido estándar,20190916,2050403912,EULEN DEL PERU DE SERVICIOS COMPLEMENTARIOS S.A.,TASA CALLAO NORTE,,K,Servicio,Z099,Servicios de limpieza,,Serv. Limpieza y Jardineria Callao PESCA,1,UA,20190916,13851.66,PEN,2308.61,1,1,268,Serv. Administrativo,045,T71,Comp.RArevalo,0,TA10,Tecnológica de Alimentos,TCNO,,JOGUZMAN,Z045,Plazo 45  días,,,00000,,,,,,0,0,0,0,,,,,,,,,,,,,,,,,,Aprobado por EM,,,,0,2308.61,695.78,T001,,695.78,04,"BD,GN,GA,",NB,20190916,0,20190919,20190923,,20190923,Liberado total Exsa,,T460002355,00070,,,8,,,,,,00000,,,,,,,,000000,,EULEN DEL PERU DE SERVICIOS,POR ENVIAR,T02-Regula,05 - LIBERACIÓN CONCLUIDA,20190927,2,4174.7,4174.7,0
600,5010000008,00040,0000000030,1001072_036,ADMINISTRATIVOS,FACILITY MANAGEMENT,LIMPIEZA DE INSTALACIONES,T02,Compras Delegadas,F,Pedido estándar,20190916,2050403912,EULEN DEL PERU DE SERVICIOS COMPLEMENTARIOS S.A.,TASA CALLAO NORTE,,K,Servicio,Z099,Servicios de limpieza,,Serv. Limpieza y Jardineria Callao PESCA,1,UA,20190916,13851.66,PEN,2308.61,1,1,268,Serv. Administrativo,045,T71,Comp.RArevalo,0,TA10,Tecnológica de Alimentos,TCNO,,JOGUZMAN,Z045,Plazo 45  días,,,00000,,,,,,0,0,0,0,,,,,,,,,,,,,,,,,,Aprobado por EM,,,,0,2308.61,695.78,T001,,695.78,04,"BD,GN,GA,",NB,20190916,0,20190919,20190923,,20190923,Liberado total Exsa,,T460002355,00070,,,8,,,,,,00000,,,,,,,,000000,,EULEN DEL PERU DE SERVICIOS,POR ENVIAR,T02-Regula,05 - LIBERACIÓN CONCLUIDA,20190927,2,4174.7,4174.7,0
600,5010000008,00040,0000000040,1001072_036,ADMINISTRATIVOS,FACILITY MANAGEMENT,LIMPIEZA DE INSTALACIONES,T02,Compras Delegadas,F,Pedido estándar,20190916,2050403912,EULEN DEL PERU DE SERVICIOS COMPLEMENTARIOS S.A.,TASA CALLAO NORTE,,K,Servicio,Z099,Servicios de limpieza,,Serv. Limpieza y Jardineria Callao PESCA,1,UA,20190916,13851.66,PEN,2308.61,1,1,268,Serv. Administrativo,045,T71,Comp.RArevalo,0,TA10,Tecnológica de Alimentos,TCNO,,JOGUZMAN,Z045,Plazo 45  días,,,00000,,,,,,0,0,0,0,,,,,,,,,,,,,,,,,,Aprobado por EM,,,,0,2308.61,695.78,T001,,695.78,04,"BD,GN,GA,",NB,20190916,0,20190919,20190923,,20190923,Liberado total Exsa,,T460002355,00070,,,8,,,,,,00000,,,,,,,,000000,,EULEN DEL PERU DE SERVICIOS,POR ENVIAR,T02-Regula,05 - LIBERACIÓN CONCLUIDA,20190927,2,4174.7,4174.7,0
600,5010000008,00040,0000000050,1001072_036,ADMINISTRATIVOS,FACILITY MANAGEMENT,LIMPIEZA DE INSTALACIONES,T02,Compras Delegadas,F,Pedido estándar,20190916,2050403912,EULEN DEL PERU DE SERVICIOS COMPLEMENTARIOS S.A.,TASA CALLAO NORTE,,K,Servicio,Z099,Servicios de limpieza,,Serv. Limpieza y Jardineria Callao PESCA,1,UA,20190916,13851.66,PEN,2308.61,1,1,268,Serv. Administrativo,045,T71,Comp.RArevalo,0,TA10,Tecnológica de Alimentos,TCNO,,JOGUZMAN,Z045,Plazo 45  días,,,00000,,,,,,0,0,0,0,,,,,,,,,,,,,,,,,,Aprobado por EM,,,,0,2308.61,695.78,T001,,695.78,04,"BD,GN,GA,",NB,20190916,0,20190919,20190923,,20190923,Liberado total Exsa,,T460002355,00070,,,8,,,,,,00000,,,,,,,,000000,,EULEN DEL PERU DE SERVICIOS,POR ENVIAR,T02-Regula,05 - LIBERACIÓN CONCLUIDA,20190927,2,4174.7,4174.7,0
600,5010000008,00040,0000000060,1001072_036,ADMINISTRATIVOS,FACILITY MANAGEMENT,LIMPIEZA DE INSTALACIONES,T02,Compras Delegadas,F,Pedido estándar,20190916,2050403912,EULEN DEL PERU DE SERVICIOS COMPLEMENTARIOS S.A.,TASA CALLAO NORTE,,K,Servicio,Z099,Servicios de limpieza,,Serv. Limpieza y Jardineria Callao PESCA,1,UA,20190916,13851.66,PEN,2308.61,1,1,268,Serv. Administrativo,045,T71,Comp.RArevalo,0,TA10,Tecnológica de Alimentos,TCNO,,JOGUZMAN,Z045,Plazo 45  días,,,00000,,,,,,0,0,0,0,,,,,,,,,,,,,,,,,,Aprobado por EM,,,,0,2308.61,695.78,T001,,695.78,04,"BD,GN,GA,",NB,20190916,0,20190919,20190923,,20190923,Liberado total Exsa,,T460002355,00070,,,8,,,,,,00000,,,,,,,,000000,,EULEN DEL PERU DE SERVICIOS,POR ENVIAR,T02-Regula,05 - LIBERACIÓN CONCLUIDA,20190927,2,4174.7,4174.7,0
600,5010000009,00010,0000000010,000000000001001020,,,,T02,Compras Delegadas,F,Pedido estándar,20190916,2050375811,GAS NATURAL DE LIMA Y CALLAO S.A.,TASA CALLAO NORTE,,K,Servicio,Z412,Suministro de Gas Natural,,CONSUMO GAS NAT AGOST 2019 CN -AFEC. IGV,1,UA,20190916,82057.92,PEN,82057.92,1,1,255,Serv. Suministro Ene,030,T02,Compras Delegadas,24731.14,TA10,Tecnológica de Alimentos,TCNO,,JOGUZMAN,Z030,Plazo 30  días.,,,00000,,,,,,0,0,0,0,,,,,,,,,,,,,,,,,,Aprobado por EM,,,,0,82057.92,24731.14,T001,,24731.14,04,"BD,GN,GA,",NB,20190916,0,20190919,20190923,,20190923,Liberado total Exsa,,,00000,,,8,,,,,,00000,,,,,,,,000000,,CALIDDA RECIBO: 0001-34796317,POR ENVIAR,T02-Regula,05 - LIBERACIÓN CONCLUIDA,20190924,1,24731.14,24731.14,0
600,5010000010,00010,0000000010,000000000001000061,,,,T02,Compras Delegadas,F,Pedido estándar,20190917,2010015235,SERV AGUA POTAB Y ALCANT DE LIMA,TASA CALLAO NORTE,,K,Servicio,Z086,Agua y desagüe,,CONS.AGUA CN /5378488-0 AGOSTO 19,1,UA,20190917,17183.72,PEN,17183.72,1,1,254,Serv. Suministro Agu,007,T02,Compras Delegadas,7437.13,TA10,Tecnológica de Alimentos,TCNO,,JOGUZMAN,Z007,Plazo 7  días,,,00000,,,,,,0,0,0,0,,,,,,,,,,,,,,,,,,Aprobado por EM,,,,0,17183.72,5164.93,T001,,5164.93,03,"BD,GN",NB,20190917,0,20190919,,,20190919,Liberado total Exsa,,,00000,,,8,,,,,,00000,,,,,,,,000000,,CONSUMO DE AGUA AGOSTO,POR ENVIAR,T02-Regula,05 - LIBERACIÓN CONCLUIDA,20190923,3,5164.93,5164.93,0
600,5010000010,00020,0000000010,000000000001000061,,,,T02,Compras Delegadas,F,Pedido estándar,20190917,2010015235,SERV AGUA POTAB Y ALCANT DE LIMA,TASA CALLAO NORTE,,K,Servicio,Z086,Agua y desagüe,,MORA CN /5378488-0 AGOSTO 19,1,UA,20190917,391.35,PEN,391.35,1,1,254,Serv. Suministro Agu,007,T02,Compras Delegadas,0,TA10,Tecnológica de Alimentos,TCNO,,JOGUZMAN,Z007,Plazo 7  días,,,00000,,,,,,0,0,0,0,,,,,,,,,,,,,,,,,,Aprobado por EM,,,,0,391.35,117.63,T001,,117.63,03,"BD,GN",NB,20190917,0,20190919,,,20190919,Liberado total Exsa,,,00000,,,8,,,,,,00000,,,,,,,,000000,,MORA DE AGUA AGOSTO,POR ENVIAR,T02-Regula,05 - LIBERACIÓN CONCLUIDA,20190923,3,117.63,117.63,0
600,5010000010,00030,0000000010,000000000001000061,,,,T02,Compras Delegadas,F,Pedido estándar,20190917,2010015235,SERV AGUA POTAB Y ALCANT DE LIMA,TASA CALLAO NORTE,,K,Servicio,Z086,Agua y desagüe,,RETRIB. ECONOMICA ANA 5378488-0 AGOSTO,1,UA,20190917,119.1,PEN,119.1,1,1,254,Serv. Suministro Agu,007,T02,Compras Delegadas,0,TA10,Tecnológica de Alimentos,TCNO,,JOGUZMAN,Z007,Plazo 7  días,,,00000,,,,,,0,0,0,0,,,,,,,,,,,,,,,,,,Aprobado por EM,,,,0,119.1,35.8,T001,,35.8,03,"BD,GN",NB,20190917,0,20190919,,,20190919,Liberado total Exsa,,,00000,,,8,,,,,,00000,,,,,,,,000000,,RETRIBUCION ECONOMICA ANA 5985.00 M3 X 0.020 DE AG,POR ENVIAR,T02-Regula,05 - LIBERACIÓN CONCLUIDA,20190923,3,35.8,37.98,0