MANDT,ORDTRB,POSIOT,RSNUM,RSPOS,ID_LINEA,REG,CTEC,CTRDE,EMBPE,TIPMA,STSOP,EQMAX,DESCR,SISMAX,DESCRS,ERDAT,AEDAT,MODAT,RSNUM_ANT,RSPOS_ANT,CTRDE_ANT,USER_CONTACT,TEXTO_MAT,AENAM,AEZET,SITEID_MAX,AUFNR,VORNR,AUART
600,640766,640768,0031694305,0001,0000000000000000000,,,TPSU,T413,O1,1,0000000000000000000000000,,0000000000000000014130301,Motor Principal,2024-12-02T00:00:00.000Z,,,0000000000,0000,,HESPINOZA,AIR FILTER 8N-6309,,000000,PESCA,,,
600,640766,640768,0031694305,0002,0000000000000000000,,,TPSU,T413,O1,1,0000000000000000000000000,,0000000000000000014130301,Motor Principal,2024-12-02T00:00:00.000Z,,,0000000000,0000,,HESPINOZA,ELEMENT AS FUEL FILTER 1R-0756,,000000,PESCA,,,
600,642169,642170,0031694238,0001,0000000000000623855,,,TCHI,T427,OP,1,0000000000000000000000000,,0000000000000000000142725,OPERACIONES,2024-12-02T00:00:00.000Z,,,0000000000,0000,,JRUMICHE,ELEM.FILTRO PETR./SEP.AGUA RACOR 2020SM,,000000,PESCA,,,
600,642169,642170,0031694238,0002,0000000000000623857,,,TCHI,T427,OP,1,0000000000000000000000000,,0000000000000000000142725,OPERACIONES,2024-12-02T00:00:00.000Z,,,0000000000,0000,,JRUMICHE,"CINTA PETROWRAPE 2""",,000000,PESCA,,,
600,642169,642170,0031694238,0003,0000000000000623859,,,TCHI,T427,OP,1,0000000000000000000000000,,0000000000000000000142725,OPERACIONES,2024-12-02T00:00:00.000Z,,,0000000000,0000,,JRUMICHE,"MANOMETRO 0-60PSI Ø4"" NPT C/I.1/4""",,000000,PESCA,,,
600,642169,642170,0031694238,0004,0000000000000623861,,,TCHI,T427,OP,1,0000000000000000000000000,,0000000000000000000142725,OPERACIONES,2024-12-02T00:00:00.000Z,,,0000000000,0000,,JRUMICHE,"MANOMETRO 0-160PSI Ø 4"" NPT C/I.1/4""",,000000,PESCA,,,
600,642169,642170,0031694238,0005,0000000000000623863,,,TCHI,T427,OP,1,0000000000000000000000000,,0000000000000000000142725,OPERACIONES,2024-12-02T00:00:00.000Z,,,0000000000,0000,,JRUMICHE,"HOJA SIERRA 12""X1/2""X18 DIENTES",,000000,PESCA,,,
600,642171,642172,0031694239,0001,0000000000000623869,,,TCHI,T427,OP,1,0000000000000000000000000,,0000000000000000000142725,OPERACIONES,2024-12-02T00:00:00.000Z,,,0000000000,0000,,JRUMICHE,"ADAPT.HID.REC.M.NPT 1/2""-H.NP 1/2"" A:",,000000,PESCA,,,
600,642171,642172,0031694239,0002,0000000000000623865,,,TCHI,T427,OP,1,0000000000000000000000000,,0000000000000000000142725,OPERACIONES,2024-12-02T00:00:00.000Z,,,0000000000,0000,,JRUMICHE,"FITTING TI/ANCHOR M.NPT 1 1/2"" A:",,000000,PESCA,,,
600,642171,642172,0031694239,0003,0000000000000623867,,,TCHI,T427,OP,1,0000000000000000000000000,,0000000000000000000142725,OPERACIONES,2024-12-02T00:00:00.000Z,,,0000000000,0000,,JRUMICHE,FOCO LED LUZ FRIA 10.5W 220V,,000000,PESCA,,,
600,631520,631521,0031694183,0001,0000000000000000000,,,TCNO,T035,O2,1,0000000000000000400000050,MOTOR DIESEL 97 HP 1800 RPM,0000000000000000010351001,Motor Auxiliar 1,2024-12-01T00:00:00.000Z,,,0000000000,0000,,HESPINOZA,FILTER ELEMENT RE521248,,000000,PESCA,,,
600,626479,626480,0031693796,0001,0000000000000000000,,,TCHI,TCHI,MP,1,0000000000000000000000000,,0000000000000000000000202,Planta de Fuerza,2024-12-01T00:00:00.000Z,,,0000000000,0000,,LUSANCHEZ,ELEM.FILTRO PETR./SEP.AGUA RACOR 2020SM,,000000,PLANTA,,,
600,638951,638952,0031693859,0001,0000000000000000000,,,TCNO,T051,MCP,1,0000000000000000000000000,,0000000000000000001510301,Motor Principal,2024-12-01T00:00:00.000Z,,,0000000000,0000,,YIZAGUIRRE,ACEITE M-MOBILGARD 412 MOBIL 55GL,,000000,PESCA,,,
600,641218,641225,0031693845,0001,0000000000000000000,,,TCHI,T061,OP,1,0000000000000000000000000,,0000000000000000000016125,OPERACIONES,2024-12-01T00:00:00.000Z,,,0000000000,0000,,HCASABONA,LIJA MADERA Nº 160,,000000,PESCA,,,
600,641360,641361,0031693851,0001,0000000000000623506,,,TCHI,RMH1,EM,1,0000000000000000000000000,,0000000000000000401100509,Piloto Automático,2024-12-01T00:00:00.000Z,,,0000000000,0000,,DMORALES,ELECTROVALV.HID.DG4S4-018C-UH60,,000000,PESCA,,,
600,641760,641761,0031693844,0003,0000000000000000000,,,TPSU,TPSU,MCP,1,0000000000000000400027822,MOTOR ELECTRICO 37KW 3500RPM,0000000000000000002050105,Bomba de Tanque de Agua de Limpieza,2024-12-01T00:00:00.000Z,,,0000000000,0000,,JGUERRERO,ACEROS/METALES,,000000,PLANTA,,,
600,641760,641761,0031693844,0004,0000000000000000000,,,TPSU,TPSU,MCP,1,0000000000000000400027822,MOTOR ELECTRICO 37KW 3500RPM,0000000000000000002050105,Bomba de Tanque de Agua de Limpieza,2024-12-01T00:00:00.000Z,,,0000000000,0000,,JGUERRERO,ACEROS/METALES,,000000,PLANTA,,,
600,641760,641761,0031693844,0005,0000000000000000000,,,TPSU,TPSU,MCP,1,0000000000000000400027822,MOTOR ELECTRICO 37KW 3500RPM,0000000000000000002050105,Bomba de Tanque de Agua de Limpieza,2024-12-01T00:00:00.000Z,,,0000000000,0000,,JGUERRERO,ACEROS/METALES,,000000,PLANTA,,,
600,641760,641761,0031693844,0006,0000000000000000000,,,TPSU,TPSU,MCP,1,0000000000000000400027822,MOTOR ELECTRICO 37KW 3500RPM,0000000000000000002050105,Bomba de Tanque de Agua de Limpieza,2024-12-01T00:00:00.000Z,,,0000000000,0000,,JGUERRERO,ACEROS/METALES,,000000,PLANTA,,,
600,641760,641761,0031693844,0007,0000000000000000000,,,TPSU,TPSU,MCP,1,0000000000000000400027822,MOTOR ELECTRICO 37KW 3500RPM,0000000000000000002050105,Bomba de Tanque de Agua de Limpieza,2024-12-01T00:00:00.000Z,,,0000000000,0000,,JGUERRERO,ACEROS/METALES,,000000,PLANTA,,,
600,641760,641761,0031693844,0008,0000000000000000000,,,TPSU,TPSU,MCP,1,0000000000000000400027822,MOTOR ELECTRICO 37KW 3500RPM,0000000000000000002050105,Bomba de Tanque de Agua de Limpieza,2024-12-01T00:00:00.000Z,,,0000000000,0000,,JGUERRERO,ACEROS/METALES,,000000,PLANTA,,,
600,641760,641761,0031693844,0009,0000000000000000000,,,TPSU,TPSU,MCP,1,0000000000000000400027822,MOTOR ELECTRICO 37KW 3500RPM,0000000000000000002050105,Bomba de Tanque de Agua de Limpieza,2024-12-01T00:00:00.000Z,,,0000000000,0000,,JGUERRERO,MATERIALES ELECTRICOS,,000000,PLANTA,,,
600,641760,641761,0031693844,0010,0000000000000000000,,,TPSU,TPSU,MCP,1,0000000000000000400027822,MOTOR ELECTRICO 37KW 3500RPM,0000000000000000002050105,Bomba de Tanque de Agua de Limpieza,2024-12-01T00:00:00.000Z,,,0000000000,0000,,JGUERRERO,MATERIALES ELECTRICOS,,000000,PLANTA,,,
600,641760,641761,0031693844,0011,0000000000000000000,,,TPSU,TPSU,MCP,1,0000000000000000400027822,MOTOR ELECTRICO 37KW 3500RPM,0000000000000000002050105,Bomba de Tanque de Agua de Limpieza,2024-12-01T00:00:00.000Z,,,0000000000,0000,,JGUERRERO,MATERIALES ELECTRICOS,,000000,PLANTA,,,
600,641760,641761,0031693844,0012,0000000000000000000,,,TPSU,TPSU,MCP,1,0000000000000000400027822,MOTOR ELECTRICO 37KW 3500RPM,0000000000000000002050105,Bomba de Tanque de Agua de Limpieza,2024-12-01T00:00:00.000Z,,,0000000000,0000,,JGUERRERO,ACEROS/METALES,,000000,PLANTA,,,
600,641760,641761,0031693844,0013,0000000000000000000,,,TPSU,TPSU,MCP,1,0000000000000000400027822,MOTOR ELECTRICO 37KW 3500RPM,0000000000000000002050105,Bomba de Tanque de Agua de Limpieza,2024-12-01T00:00:00.000Z,,,0000000000,0000,,JGUERRERO,ACEROS/METALES,,000000,PLANTA,,,
600,641760,641761,0031693844,0014,0000000000000000000,,,TPSU,TPSU,MCP,1,0000000000000000400027822,MOTOR ELECTRICO 37KW 3500RPM,0000000000000000002050105,Bomba de Tanque de Agua de Limpieza,2024-12-01T00:00:00.000Z,,,0000000000,0000,,JGUERRERO,ACEROS/METALES,,000000,PLANTA,,,
600,641760,641761,0031693844,0015,0000000000000000000,,,TPSU,TPSU,MCP,1,0000000000000000400027822,MOTOR ELECTRICO 37KW 3500RPM,0000000000000000002050105,Bomba de Tanque de Agua de Limpieza,2024-12-01T00:00:00.000Z,,,0000000000,0000,,JGUERRERO,ACEROS/METALES,,000000,PLANTA,,,
600,641760,641761,0031693844,0016,0000000000000000000,,,TPSU,TPSU,MCP,1,0000000000000000400027822,MOTOR ELECTRICO 37KW 3500RPM,0000000000000000002050105,Bomba de Tanque de Agua de Limpieza,2024-12-01T00:00:00.000Z,,,0000000000,0000,,JGUERRERO,ACEROS/METALES,,000000,PLANTA,,,
600,641760,641761,0031693844,0017,0000000000000000000,,,TPSU,TPSU,MCP,1,0000000000000000400027822,MOTOR ELECTRICO 37KW 3500RPM,0000000000000000002050105,Bomba de Tanque de Agua de Limpieza,2024-12-01T00:00:00.000Z,,,0000000000,0000,,JGUERRERO,ACEROS/METALES,,000000,PLANTA,,,
600,641760,641761,0031693844,0018,0000000000000000000,,,TPSU,TPSU,MCP,1,0000000000000000400027822,MOTOR ELECTRICO 37KW 3500RPM,0000000000000000002050105,Bomba de Tanque de Agua de Limpieza,2024-12-01T00:00:00.000Z,,,0000000000,0000,,JGUERRERO,ACEROS/METALES,,000000,PLANTA,,,
600,641760,641761,0031693844,0019,0000000000000000000,,,TPSU,TPSU,MCP,1,0000000000000000400027822,MOTOR ELECTRICO 37KW 3500RPM,0000000000000000002050105,Bomba de Tanque de Agua de Limpieza,2024-12-01T00:00:00.000Z,,,0000000000,0000,,JGUERRERO,ACEROS/METALES,,000000,PLANTA,,,
600,641760,641761,0031693844,0020,0000000000000000000,,,TPSU,TPSU,MCP,1,0000000000000000400027822,MOTOR ELECTRICO 37KW 3500RPM,0000000000000000002050105,Bomba de Tanque de Agua de Limpieza,2024-12-01T00:00:00.000Z,,,0000000000,0000,,JGUERRERO,ACEROS/METALES,,000000,PLANTA,,,
600,641760,641761,0031693844,0021,0000000000000000000,,,TPSU,TPSU,MCP,1,0000000000000000400027822,MOTOR ELECTRICO 37KW 3500RPM,0000000000000000002050105,Bomba de Tanque de Agua de Limpieza,2024-12-01T00:00:00.000Z,,,0000000000,0000,,JGUERRERO,ACEROS/METALES,,000000,PLANTA,,,
600,641760,641761,0031693844,0022,0000000000000000000,,,TPSU,TPSU,MCP,1,0000000000000000400027822,MOTOR ELECTRICO 37KW 3500RPM,0000000000000000002050105,Bomba de Tanque de Agua de Limpieza,2024-12-01T00:00:00.000Z,,,0000000000,0000,,JGUERRERO,ACEROS/METALES,,000000,PLANTA,,,
600,641760,641761,0031693844,0023,0000000000000000000,,,TPSU,TPSU,MCP,1,0000000000000000400027822,MOTOR ELECTRICO 37KW 3500RPM,0000000000000000002050105,Bomba de Tanque de Agua de Limpieza,2024-12-01T00:00:00.000Z,,,0000000000,0000,,JGUERRERO,ACEROS/METALES,,000000,PLANTA,,,
600,641760,641761,0031693844,0024,0000000000000000000,,,TPSU,TPSU,MCP,1,0000000000000000400027822,MOTOR ELECTRICO 37KW 3500RPM,0000000000000000002050105,Bomba de Tanque de Agua de Limpieza,2024-12-01T00:00:00.000Z,,,0000000000,0000,,JGUERRERO,ACEROS/METALES,,000000,PLANTA,,,
600,641760,641761,0031693844,0025,0000000000000000000,,,TPSU,TPSU,MCP,1,0000000000000000400027822,MOTOR ELECTRICO 37KW 3500RPM,0000000000000000002050105,Bomba de Tanque de Agua de Limpieza,2024-12-01T00:00:00.000Z,,,0000000000,0000,,JGUERRERO,ACEROS/METALES,,000000,PLANTA,,,
600,641760,641761,0031693844,0026,0000000000000000000,,,TPSU,TPSU,MCP,1,0000000000000000400027822,MOTOR ELECTRICO 37KW 3500RPM,0000000000000000002050105,Bomba de Tanque de Agua de Limpieza,2024-12-01T00:00:00.000Z,,,0000000000,0000,,JGUERRERO,ACEROS/METALES,,000000,PLANTA,,,
600,641760,641761,0031693844,0027,0000000000000000000,,,TPSU,TPSU,MCP,1,0000000000000000400027822,MOTOR ELECTRICO 37KW 3500RPM,0000000000000000002050105,Bomba de Tanque de Agua de Limpieza,2024-12-01T00:00:00.000Z,,,0000000000,0000,,JGUERRERO,ACEROS/METALES,,000000,PLANTA,,,
600,641760,641761,0031693844,0028,0000000000000000000,,,TPSU,TPSU,MCP,1,0000000000000000400027822,MOTOR ELECTRICO 37KW 3500RPM,0000000000000000002050105,Bomba de Tanque de Agua de Limpieza,2024-12-01T00:00:00.000Z,,,0000000000,0000,,JGUERRERO,ACEROS/METALES,,000000,PLANTA,,,
600,641766,641767,0031693846,0001,0000000000000623490,,,TPSU,TPSU,MCP,1,0000000000000000300017984,"BOMBA CENTRIFUGA 8""X6"" FE FDO",0000000000000000001030406,Bombeo #2 a Tk Ecualizador,2024-12-01T00:00:00.000Z,,,0000000000,0000,,JGUERRERO,ELEM.FLEX.P/ACOPLE OMEGA E10,,000000,PLANTA,,,
600,641768,641769,0031693850,0001,0000000000000623496,,,TCNO,T051,OP,1,0000000000000000000000000,,0000000000000000000015125,OPERACIONES,2024-12-01T00:00:00.000Z,,,0000000000,0000,,DMORALES,"MANOMETRO 0-3000PSI Ø2 1/2"" C/I.1/4""",,000000,PESCA,,,
600,641768,641769,0031693850,0002,0000000000000623498,,,TCNO,T051,OP,1,0000000000000000000000000,,0000000000000000000015125,OPERACIONES,2024-12-01T00:00:00.000Z,,,0000000000,0000,,DMORALES,"MANOMETRO CG 0-5000PSI Ø2 1/2"" C/I.1/4""",,000000,PESCA,,,
600,641768,641769,0031693850,0003,0000000000000623500,,,TCNO,T051,OP,1,0000000000000000000000000,,0000000000000000000015125,OPERACIONES,2024-12-01T00:00:00.000Z,,,0000000000,0000,,DMORALES,ABRAZADERA REGULABLE INOX.1 1/4'',,000000,PESCA,,,
600,641768,641769,0031693850,0004,0000000000000623502,,,TCNO,T051,OP,1,0000000000000000000000000,,0000000000000000000015125,OPERACIONES,2024-12-01T00:00:00.000Z,,,0000000000,0000,,DMORALES,"ADAPT.HID.REC.M.NPT 3/8""-H.NP 1/2"" A:",,000000,PESCA,,,
600,641768,641769,0031693850,0005,0000000000000623504,,,TCNO,T051,OP,1,0000000000000000000000000,,0000000000000000000015125,OPERACIONES,2024-12-01T00:00:00.000Z,,,0000000000,0000,,DMORALES,"MANG.JEBE Y LONA 150PSI 1 1/4""",,000000,PESCA,,,
600,641771,641772,0031693860,0001,0000000000000623508,,,TPSU,TPSU,MCP,1,0000000000000000000000000,,0000000000000000001030507,Bomba de Alimentación a Intercambiador d,2024-12-01T00:00:00.000Z,,,0000000000,0000,,JGUERRERO,"PERNO HEX.G5 5/8""X3""",,000000,PLANTA,,,
600,641771,641772,0031693860,0002,0000000000000623510,,,TPSU,TPSU,MCP,1,0000000000000000000000000,,0000000000000000001030507,Bomba de Alimentación a Intercambiador d,2024-12-01T00:00:00.000Z,,,0000000000,0000,,JGUERRERO,"PERNO HEX.G5 5/8""X2 1/2""",,000000,PLANTA,,,
600,641771,641772,0031693860,0003,0000000000000623513,,,TPSU,TPSU,MCP,1,0000000000000000000000000,,0000000000000000001030507,Bomba de Alimentación a Intercambiador d,2024-12-01T00:00:00.000Z,,,0000000000,0000,,JGUERRERO,"PERNO HEX.INOX.1/2""X1 1/2""",,000000,PLANTA,,,