atc_codigo,atc_numero,atc_Aprobado,atc_Cancelado,atc_Pend_1ra_aprob,atc_Pend_2da_aprob,atc_Pend_aprob,atc_Rech_1ra_aprob,atc_Rech_2da_aprob,atc_Rech_aprob,atc_Pend_lib_logist,atc_Aprob_cotiz,atc_Rech_cotiz,atc_Rech_logistica,fecha_proceso,s_user,s_fecha
282877,1046555,2025-12-30T20:55:47.000Z,1900-01-01T00:00:00.000Z,2024-12-26T16:50:05.000Z,2024-12-30T20:55:32.000Z,1900-01-01T00:00:00.000Z,1900-01-01T00:00:00.000Z,1900-01-01T00:00:00.000Z,1900-01-01T00:00:00.000Z,1900-01-01T00:00:00.000Z,1900-01-01T00:00:00.000Z,1900-01-01T00:00:00.000Z,1900-01-01T00:00:00.000Z,2024-12-30,userrpa,2024-12-31T03:56:44.676Z
283517,1053201,2025-12-30T17:29:20.000Z,1900-01-01T00:00:00.000Z,2024-11-26T19:54:28.000Z,2024-12-06T18:32:03.000Z,1900-01-01T00:00:00.000Z,1900-01-01T00:00:00.000Z,1900-01-01T00:00:00.000Z,1900-01-01T00:00:00.000Z,1900-01-01T00:00:00.000Z,2025-01-02T14:31:35.000Z,1900-01-01T00:00:00.000Z,2024-12-26T09:58:27.000Z,2025-01-02,userrpa,2025-01-03T03:58:13.580Z
284941,1057734,2025-12-30T08:35:42.000Z,1900-01-01T00:00:00.000Z,2025-12-29T11:10:24.000Z,2025-12-30T07:27:08.000Z,1900-01-01T00:00:00.000Z,1900-01-01T00:00:00.000Z,1900-01-01T00:00:00.000Z,1900-01-01T00:00:00.000Z,1900-01-01T00:00:00.000Z,2025-12-30T08:35:17.000Z,1900-01-01T00:00:00.000Z,1900-01-01T00:00:00.000Z,2025-01-08,userrpa,2025-01-09T03:56:58.973Z
285241,1057697,2025-12-29T09:09:53.000Z,1900-01-01T00:00:00.000Z,2024-12-28T02:12:18.000Z,2024-12-28T07:09:40.000Z,1900-01-01T00:00:00.000Z,1900-01-01T00:00:00.000Z,1900-01-01T00:00:00.000Z,1900-01-01T00:00:00.000Z,1900-01-01T00:00:00.000Z,2025-01-09T14:57:46.000Z,1900-01-01T00:00:00.000Z,1900-01-01T00:00:00.000Z,2025-01-09,userrpa,2025-01-10T03:57:31.153Z
285240,1057698,2025-12-29T09:09:39.000Z,1900-01-01T00:00:00.000Z,2024-12-28T02:07:52.000Z,2024-12-28T07:09:08.000Z,1900-01-01T00:00:00.000Z,1900-01-01T00:00:00.000Z,1900-01-01T00:00:00.000Z,1900-01-01T00:00:00.000Z,1900-01-01T00:00:00.000Z,2025-01-09T14:56:11.000Z,1900-01-01T00:00:00.000Z,1900-01-01T00:00:00.000Z,2025-01-09,userrpa,2025-01-10T03:57:30.876Z
408106,1082584,2025-12-20T11:28:21.000Z,1900-01-01T00:00:00.000Z,2025-12-17T16:45:34.000Z,2025-12-18T13:25:27.000Z,1900-01-01T00:00:00.000Z,1900-01-01T00:00:00.000Z,1900-01-01T00:00:00.000Z,1900-01-01T00:00:00.000Z,1900-01-01T00:00:00.000Z,2025-12-18T10:13:24.000Z,1900-01-01T00:00:00.000Z,1900-01-01T00:00:00.000Z,2025-12-20,userrpa,2025-12-20T16:56:50.336Z
408124,1084099,2025-12-20T11:28:00.000Z,1900-01-01T00:00:00.000Z,2025-12-19T12:19:12.000Z,2025-12-19T12:47:38.000Z,1900-01-01T00:00:00.000Z,1900-01-01T00:00:00.000Z,1900-01-01T00:00:00.000Z,1900-01-01T00:00:00.000Z,1900-01-01T00:00:00.000Z,1900-01-01T00:00:00.000Z,1900-01-01T00:00:00.000Z,1900-01-01T00:00:00.000Z,2025-12-20,userrpa,2025-12-20T16:56:55.980Z
408114,1084748,2025-12-20T11:26:07.000Z,1900-01-01T00:00:00.000Z,2025-12-19T10:49:04.000Z,2025-12-20T11:25:48.000Z,1900-01-01T00:00:00.000Z,1900-01-01T00:00:00.000Z,1900-01-01T00:00:00.000Z,1900-01-01T00:00:00.000Z,1900-01-01T00:00:00.000Z,2025-12-20T11:24:13.000Z,1900-01-01T00:00:00.000Z,1900-01-01T00:00:00.000Z,2025-12-20,userrpa,2025-12-20T16:56:52.853Z
408130,1084795,2025-12-20T10:48:47.000Z,1900-01-01T00:00:00.000Z,2025-12-19T09:26:14.000Z,2025-12-20T07:32:23.000Z,1900-01-01T00:00:00.000Z,1900-01-01T00:00:00.000Z,1900-01-01T00:00:00.000Z,1900-01-01T00:00:00.000Z,1900-01-01T00:00:00.000Z,2025-12-19T10:47:02.000Z,1900-01-01T00:00:00.000Z,1900-01-01T00:00:00.000Z,2025-12-20,userrpa,2025-12-20T16:56:57.843Z
408112,1084797,2025-12-20T10:48:22.000Z,1900-01-01T00:00:00.000Z,2025-12-19T09:38:33.000Z,2025-12-20T07:33:54.000Z,1900-01-01T00:00:00.000Z,1900-01-01T00:00:00.000Z,1900-01-01T00:00:00.000Z,1900-01-01T00:00:00.000Z,1900-01-01T00:00:00.000Z,2025-12-19T10:46:07.000Z,1900-01-01T00:00:00.000Z,1900-01-01T00:00:00.000Z,2025-12-20,userrpa,2025-12-20T16:56:52.213Z
408119,1084874,2025-12-20T08:37:39.000Z,1900-01-01T00:00:00.000Z,2025-12-18T15:39:48.000Z,2025-12-20T08:36:54.000Z,1900-01-01T00:00:00.000Z,1900-01-01T00:00:00.000Z,1900-01-01T00:00:00.000Z,1900-01-01T00:00:00.000Z,1900-01-01T00:00:00.000Z,2025-12-20T08:36:00.000Z,1900-01-01T00:00:00.000Z,1900-01-01T00:00:00.000Z,2025-12-20,userrpa,2025-12-20T16:56:54.403Z
408116,1084879,2025-12-20T08:35:28.000Z,1900-01-01T00:00:00.000Z,2025-12-18T08:58:02.000Z,2025-12-19T13:30:56.000Z,1900-01-01T00:00:00.000Z,1900-01-01T00:00:00.000Z,1900-01-01T00:00:00.000Z,1900-01-01T00:00:00.000Z,1900-01-01T00:00:00.000Z,2025-12-20T08:35:07.000Z,1900-01-01T00:00:00.000Z,1900-01-01T00:00:00.000Z,2025-12-20,userrpa,2025-12-20T16:56:53.476Z
408121,1084904,2025-12-20T08:34:09.000Z,1900-01-01T00:00:00.000Z,2025-12-18T10:40:08.000Z,2025-12-19T13:33:40.000Z,1900-01-01T00:00:00.000Z,1900-01-01T00:00:00.000Z,1900-01-01T00:00:00.000Z,1900-01-01T00:00:00.000Z,1900-01-01T00:00:00.000Z,2025-12-20T08:33:47.000Z,1900-01-01T00:00:00.000Z,1900-01-01T00:00:00.000Z,2025-12-20,userrpa,2025-12-20T16:56:55.036Z
408113,1084907,2025-12-20T08:32:20.000Z,1900-01-01T00:00:00.000Z,2025-12-18T16:52:39.000Z,2025-12-19T13:28:41.000Z,1900-01-01T00:00:00.000Z,1900-01-01T00:00:00.000Z,1900-01-01T00:00:00.000Z,1900-01-01T00:00:00.000Z,1900-01-01T00:00:00.000Z,2025-12-20T08:31:58.000Z,1900-01-01T00:00:00.000Z,1900-01-01T00:00:00.000Z,2025-12-20,userrpa,2025-12-20T16:56:52.540Z
408129,1085180,2025-12-20T08:31:26.000Z,1900-01-01T00:00:00.000Z,2025-12-18T17:07:35.000Z,2025-12-19T13:27:31.000Z,1900-01-01T00:00:00.000Z,1900-01-01T00:00:00.000Z,1900-01-01T00:00:00.000Z,1900-01-01T00:00:00.000Z,1900-01-01T00:00:00.000Z,2025-12-20T08:31:06.000Z,1900-01-01T00:00:00.000Z,1900-01-01T00:00:00.000Z,2025-12-20,userrpa,2025-12-20T16:56:57.533Z
408143,1084159,2025-12-20T07:35:37.000Z,1900-01-01T00:00:00.000Z,2025-12-16T20:18:13.000Z,2025-12-19T22:23:28.000Z,1900-01-01T00:00:00.000Z,1900-01-01T00:00:00.000Z,1900-01-01T00:00:00.000Z,1900-01-01T00:00:00.000Z,1900-01-01T00:00:00.000Z,1900-01-01T00:00:00.000Z,1900-01-01T00:00:00.000Z,1900-01-01T00:00:00.000Z,2025-12-20,userrpa,2025-12-20T16:57:01.923Z
408141,1085003,2025-12-20T07:32:26.000Z,1900-01-01T00:00:00.000Z,2025-12-19T11:41:16.000Z,2025-12-19T20:05:34.000Z,1900-01-01T00:00:00.000Z,1900-01-01T00:00:00.000Z,1900-01-01T00:00:00.000Z,1900-01-01T00:00:00.000Z,1900-01-01T00:00:00.000Z,2025-12-20T07:32:00.000Z,1900-01-01T00:00:00.000Z,1900-01-01T00:00:00.000Z,2025-12-20,userrpa,2025-12-20T16:57:01.306Z
408139,1085060,2025-12-20T07:30:49.000Z,1900-01-01T00:00:00.000Z,2025-12-18T12:35:51.000Z,2025-12-19T17:52:03.000Z,1900-01-01T00:00:00.000Z,1900-01-01T00:00:00.000Z,1900-01-01T00:00:00.000Z,1900-01-01T00:00:00.000Z,1900-01-01T00:00:00.000Z,2025-12-20T07:30:21.000Z,1900-01-01T00:00:00.000Z,1900-01-01T00:00:00.000Z,2025-12-20,userrpa,2025-12-20T16:57:00.680Z
408138,1084137,2025-12-20T07:28:53.000Z,1900-01-01T00:00:00.000Z,2025-12-18T09:24:12.000Z,2025-12-19T17:34:48.000Z,1900-01-01T00:00:00.000Z,1900-01-01T00:00:00.000Z,1900-01-01T00:00:00.000Z,1900-01-01T00:00:00.000Z,1900-01-01T00:00:00.000Z,2025-12-18T09:25:26.000Z,1900-01-01T00:00:00.000Z,1900-01-01T00:00:00.000Z,2025-12-20,userrpa,2025-12-20T16:57:00.370Z
408132,1084093,2025-12-20T00:55:04.000Z,1900-01-01T00:00:00.000Z,2025-12-19T09:07:10.000Z,2025-12-19T19:01:56.000Z,1900-01-01T00:00:00.000Z,1900-01-01T00:00:00.000Z,1900-01-01T00:00:00.000Z,1900-01-01T00:00:00.000Z,1900-01-01T00:00:00.000Z,2025-12-19T11:00:55.000Z,1900-01-01T00:00:00.000Z,1900-01-01T00:00:00.000Z,2025-12-20,userrpa,2025-12-20T16:56:58.463Z
408067,1072361,2025-12-19T15:09:17.000Z,1900-01-01T00:00:00.000Z,2025-10-03T17:18:19.000Z,2025-12-18T11:22:34.000Z,1900-01-01T00:00:00.000Z,1900-01-01T00:00:00.000Z,1900-01-01T00:00:00.000Z,1900-01-01T00:00:00.000Z,1900-01-01T00:00:00.000Z,1900-01-01T00:00:00.000Z,1900-01-01T00:00:00.000Z,1900-01-01T00:00:00.000Z,2025-12-19,userrpa,2025-12-20T03:56:52.223Z
407950,1084252,2025-12-19T14:56:57.000Z,1900-01-01T00:00:00.000Z,2025-12-18T18:08:31.000Z,2025-12-19T13:05:36.000Z,1900-01-01T00:00:00.000Z,2025-12-16T21:22:19.000Z,1900-01-01T00:00:00.000Z,1900-01-01T00:00:00.000Z,1900-01-01T00:00:00.000Z,2025-12-19T02:30:44.000Z,1900-01-01T00:00:00.000Z,1900-01-01T00:00:00.000Z,2025-12-19,userrpa,2025-12-20T03:56:15.920Z
408051,1084791,2025-12-19T14:27:53.000Z,1900-01-01T00:00:00.000Z,2025-12-17T20:19:46.000Z,2025-12-19T14:26:19.000Z,1900-01-01T00:00:00.000Z,1900-01-01T00:00:00.000Z,1900-01-01T00:00:00.000Z,1900-01-01T00:00:00.000Z,1900-01-01T00:00:00.000Z,2025-12-18T13:50:12.000Z,1900-01-01T00:00:00.000Z,1900-01-01T00:00:00.000Z,2025-12-19,userrpa,2025-12-20T03:56:47.233Z
408050,1084790,2025-12-19T14:23:53.000Z,1900-01-01T00:00:00.000Z,2025-12-17T20:23:10.000Z,2025-12-19T14:23:14.000Z,1900-01-01T00:00:00.000Z,1900-01-01T00:00:00.000Z,1900-01-01T00:00:00.000Z,1900-01-01T00:00:00.000Z,1900-01-01T00:00:00.000Z,2025-12-18T13:50:59.000Z,1900-01-01T00:00:00.000Z,1900-01-01T00:00:00.000Z,2025-12-19,userrpa,2025-12-20T03:56:46.916Z
407965,1084876,2025-12-19T14:21:44.000Z,1900-01-01T00:00:00.000Z,2025-12-18T15:45:02.000Z,2025-12-19T14:21:11.000Z,1900-01-01T00:00:00.000Z,1900-01-01T00:00:00.000Z,1900-01-01T00:00:00.000Z,1900-01-01T00:00:00.000Z,1900-01-01T00:00:00.000Z,2025-12-19T10:44:06.000Z,1900-01-01T00:00:00.000Z,1900-01-01T00:00:00.000Z,2025-12-19,userrpa,2025-12-20T03:56:20.593Z
407935,1058661,2025-12-19T13:36:39.000Z,1900-01-01T00:00:00.000Z,2025-12-18T09:37:52.000Z,2025-12-19T11:59:09.000Z,1900-01-01T00:00:00.000Z,1900-01-01T00:00:00.000Z,2025-07-18T15:51:20.000Z,1900-01-01T00:00:00.000Z,1900-01-01T00:00:00.000Z,1900-01-01T00:00:00.000Z,1900-01-01T00:00:00.000Z,1900-01-01T00:00:00.000Z,2025-12-19,userrpa,2025-12-20T03:56:11.313Z
407888,1076885,2025-12-19T13:02:44.000Z,1900-01-01T00:00:00.000Z,2025-12-18T09:53:52.000Z,2025-12-18T15:41:17.000Z,1900-01-01T00:00:00.000Z,1900-01-01T00:00:00.000Z,1900-01-01T00:00:00.000Z,1900-01-01T00:00:00.000Z,1900-01-01T00:00:00.000Z,1900-01-01T00:00:00.000Z,1900-01-01T00:00:00.000Z,1900-01-01T00:00:00.000Z,2025-12-19,userrpa,2025-12-20T03:55:56.506Z
408065,1082299,2025-12-19T12:59:55.000Z,1900-01-01T00:00:00.000Z,2025-12-18T11:12:42.000Z,2025-12-18T15:40:30.000Z,1900-01-01T00:00:00.000Z,2025-12-17T17:11:27.000Z,1900-01-01T00:00:00.000Z,1900-01-01T00:00:00.000Z,1900-01-01T00:00:00.000Z,1900-01-01T00:00:00.000Z,1900-01-01T00:00:00.000Z,1900-01-01T00:00:00.000Z,2025-12-19,userrpa,2025-12-20T03:56:51.596Z
408036,1067676,2025-12-19T12:53:58.000Z,1900-01-01T00:00:00.000Z,2025-12-18T09:41:02.000Z,2025-12-18T15:41:50.000Z,1900-01-01T00:00:00.000Z,1900-01-01T00:00:00.000Z,1900-01-01T00:00:00.000Z,1900-01-01T00:00:00.000Z,1900-01-01T00:00:00.000Z,1900-01-01T00:00:00.000Z,1900-01-01T00:00:00.000Z,1900-01-01T00:00:00.000Z,2025-12-19,userrpa,2025-12-20T03:56:42.563Z
407985,1069456,2025-12-19T12:08:19.000Z,1900-01-01T00:00:00.000Z,2025-12-18T11:14:59.000Z,2025-12-19T11:26:24.000Z,1900-01-01T00:00:00.000Z,2025-12-01T11:27:19.000Z,1900-01-01T00:00:00.000Z,1900-01-01T00:00:00.000Z,1900-01-01T00:00:00.000Z,1900-01-01T00:00:00.000Z,1900-01-01T00:00:00.000Z,1900-01-01T00:00:00.000Z,2025-12-19,userrpa,2025-12-20T03:56:26.830Z
408039,1084765,2025-12-19T12:08:15.000Z,1900-01-01T00:00:00.000Z,2025-12-19T12:01:12.000Z,2025-12-19T12:07:16.000Z,1900-01-01T00:00:00.000Z,1900-01-01T00:00:00.000Z,1900-01-01T00:00:00.000Z,1900-01-01T00:00:00.000Z,1900-01-01T00:00:00.000Z,2025-12-19T12:08:03.000Z,1900-01-01T00:00:00.000Z,1900-01-01T00:00:00.000Z,2025-12-19,userrpa,2025-12-20T03:56:43.500Z
407966,1084766,2025-12-19T12:07:50.000Z,1900-01-01T00:00:00.000Z,2025-12-19T10:43:39.000Z,2025-12-19T12:06:30.000Z,1900-01-01T00:00:00.000Z,1900-01-01T00:00:00.000Z,1900-01-01T00:00:00.000Z,1900-01-01T00:00:00.000Z,1900-01-01T00:00:00.000Z,2025-12-19T12:07:37.000Z,1900-01-01T00:00:00.000Z,1900-01-01T00:00:00.000Z,2025-12-19,userrpa,2025-12-20T03:56:20.900Z
407902,1085145,2025-12-19T12:06:31.000Z,1900-01-01T00:00:00.000Z,2025-12-19T11:42:25.000Z,2025-12-19T12:08:08.000Z,1900-01-01T00:00:00.000Z,1900-01-01T00:00:00.000Z,1900-01-01T00:00:00.000Z,1900-01-01T00:00:00.000Z,1900-01-01T00:00:00.000Z,2025-12-19T12:05:27.000Z,1900-01-01T00:00:00.000Z,1900-01-01T00:00:00.000Z,2025-12-19,userrpa,2025-12-20T03:56:00.980Z
407940,1069460,2025-12-19T12:06:30.000Z,1900-01-01T00:00:00.000Z,2025-12-18T11:05:20.000Z,2025-12-19T11:24:45.000Z,1900-01-01T00:00:00.000Z,2025-12-01T11:25:43.000Z,1900-01-01T00:00:00.000Z,1900-01-01T00:00:00.000Z,1900-01-01T00:00:00.000Z,1900-01-01T00:00:00.000Z,1900-01-01T00:00:00.000Z,1900-01-01T00:00:00.000Z,2025-12-19,userrpa,2025-12-20T03:56:12.853Z
407928,1069465,2025-12-19T12:04:21.000Z,1900-01-01T00:00:00.000Z,2025-12-18T11:51:30.000Z,2025-12-19T11:20:27.000Z,1900-01-01T00:00:00.000Z,2025-11-14T12:24:37.000Z,1900-01-01T00:00:00.000Z,1900-01-01T00:00:00.000Z,1900-01-01T00:00:00.000Z,1900-01-01T00:00:00.000Z,1900-01-01T00:00:00.000Z,1900-01-01T00:00:00.000Z,2025-12-19,userrpa,2025-12-20T03:56:09.110Z
407979,1082659,2025-12-19T11:27:50.000Z,1900-01-01T00:00:00.000Z,2025-12-17T18:34:21.000Z,2025-12-18T17:33:30.000Z,1900-01-01T00:00:00.000Z,2025-12-02T16:55:46.000Z,1900-01-01T00:00:00.000Z,1900-01-01T00:00:00.000Z,1900-01-01T00:00:00.000Z,1900-01-01T00:00:00.000Z,1900-01-01T00:00:00.000Z,1900-01-01T00:00:00.000Z,2025-12-19,userrpa,2025-12-20T03:56:25.000Z
407986,1082793,2025-12-19T11:27:38.000Z,1900-01-01T00:00:00.000Z,2025-12-17T13:38:43.000Z,2025-12-18T03:12:31.000Z,1900-01-01T00:00:00.000Z,2025-12-15T05:09:51.000Z,1900-01-01T00:00:00.000Z,1900-01-01T00:00:00.000Z,1900-01-01T00:00:00.000Z,2025-12-17T22:21:54.000Z,1900-01-01T00:00:00.000Z,1900-01-01T00:00:00.000Z,2025-12-19,userrpa,2025-12-20T03:56:27.140Z
407878,1084300,2025-12-19T11:09:23.000Z,1900-01-01T00:00:00.000Z,2025-12-18T16:04:23.000Z,2025-12-19T10:01:59.000Z,1900-01-01T00:00:00.000Z,1900-01-01T00:00:00.000Z,1900-01-01T00:00:00.000Z,1900-01-01T00:00:00.000Z,1900-01-01T00:00:00.000Z,1900-01-01T00:00:00.000Z,1900-01-01T00:00:00.000Z,1900-01-01T00:00:00.000Z,2025-12-19,userrpa,2025-12-20T03:55:53.313Z
407877,1084305,2025-12-19T11:08:54.000Z,1900-01-01T00:00:00.000Z,2025-12-18T16:00:58.000Z,2025-12-19T10:01:32.000Z,1900-01-01T00:00:00.000Z,1900-01-01T00:00:00.000Z,1900-01-01T00:00:00.000Z,1900-01-01T00:00:00.000Z,1900-01-01T00:00:00.000Z,1900-01-01T00:00:00.000Z,1900-01-01T00:00:00.000Z,1900-01-01T00:00:00.000Z,2025-12-19,userrpa,2025-12-20T03:55:53.000Z
407993,1082393,2025-12-19T11:07:27.000Z,1900-01-01T00:00:00.000Z,2025-12-17T11:21:31.000Z,2025-12-18T09:27:25.000Z,1900-01-01T00:00:00.000Z,1900-01-01T00:00:00.000Z,1900-01-01T00:00:00.000Z,1900-01-01T00:00:00.000Z,1900-01-01T00:00:00.000Z,1900-01-01T00:00:00.000Z,1900-01-01T00:00:00.000Z,1900-01-01T00:00:00.000Z,2025-12-19,userrpa,2025-12-20T03:56:29.303Z
408060,1082440,2025-12-19T11:06:55.000Z,1900-01-01T00:00:00.000Z,2025-12-17T11:20:45.000Z,2025-12-18T09:26:08.000Z,1900-01-01T00:00:00.000Z,1900-01-01T00:00:00.000Z,1900-01-01T00:00:00.000Z,1900-01-01T00:00:00.000Z,1900-01-01T00:00:00.000Z,1900-01-01T00:00:00.000Z,1900-01-01T00:00:00.000Z,1900-01-01T00:00:00.000Z,2025-12-19,userrpa,2025-12-20T03:56:50.023Z
407991,1084921,2025-12-19T10:53:23.000Z,1900-01-01T00:00:00.000Z,2025-12-18T09:51:36.000Z,2025-12-19T10:53:10.000Z,1900-01-01T00:00:00.000Z,1900-01-01T00:00:00.000Z,1900-01-01T00:00:00.000Z,1900-01-01T00:00:00.000Z,1900-01-01T00:00:00.000Z,2025-12-18T15:01:36.000Z,1900-01-01T00:00:00.000Z,1900-01-01T00:00:00.000Z,2025-12-19,userrpa,2025-12-20T03:56:28.680Z
407990,1081565,2025-12-19T10:52:06.000Z,1900-01-01T00:00:00.000Z,2025-12-17T11:33:52.000Z,2025-12-18T19:08:29.000Z,1900-01-01T00:00:00.000Z,1900-01-01T00:00:00.000Z,1900-01-01T00:00:00.000Z,1900-01-01T00:00:00.000Z,1900-01-01T00:00:00.000Z,2025-12-17T12:05:07.000Z,1900-01-01T00:00:00.000Z,1900-01-01T00:00:00.000Z,2025-12-19,userrpa,2025-12-20T03:56:28.383Z
407989,1081232,2025-12-19T10:51:46.000Z,1900-01-01T00:00:00.000Z,2025-12-17T10:07:38.000Z,2025-12-18T15:35:11.000Z,1900-01-01T00:00:00.000Z,1900-01-01T00:00:00.000Z,1900-01-01T00:00:00.000Z,1900-01-01T00:00:00.000Z,1900-01-01T00:00:00.000Z,2025-12-17T12:04:43.000Z,2025-12-13T08:24:48.000Z,1900-01-01T00:00:00.000Z,2025-12-19,userrpa,2025-12-20T03:56:28.073Z
407968,1084044,2025-12-19T10:50:40.000Z,1900-01-01T00:00:00.000Z,2025-12-17T12:56:07.000Z,2025-12-19T10:48:57.000Z,1900-01-01T00:00:00.000Z,1900-01-01T00:00:00.000Z,1900-01-01T00:00:00.000Z,1900-01-01T00:00:00.000Z,1900-01-01T00:00:00.000Z,2025-12-17T18:22:35.000Z,1900-01-01T00:00:00.000Z,1900-01-01T00:00:00.000Z,2025-12-19,userrpa,2025-12-20T03:56:21.530Z
407923,1084150,2025-12-19T10:50:20.000Z,1900-01-01T00:00:00.000Z,2025-12-16T16:35:08.000Z,2025-12-19T10:47:53.000Z,1900-01-01T00:00:00.000Z,1900-01-01T00:00:00.000Z,1900-01-01T00:00:00.000Z,1900-01-01T00:00:00.000Z,1900-01-01T00:00:00.000Z,2025-12-19T10:50:10.000Z,1900-01-01T00:00:00.000Z,1900-01-01T00:00:00.000Z,2025-12-19,userrpa,2025-12-20T03:56:07.510Z
407880,1084844,2025-12-19T10:46:31.000Z,1900-01-01T00:00:00.000Z,2025-12-18T14:58:23.000Z,2025-12-19T10:46:11.000Z,1900-01-01T00:00:00.000Z,1900-01-01T00:00:00.000Z,1900-01-01T00:00:00.000Z,1900-01-01T00:00:00.000Z,1900-01-01T00:00:00.000Z,2025-12-19T10:37:22.000Z,1900-01-01T00:00:00.000Z,1900-01-01T00:00:00.000Z,2025-12-19,userrpa,2025-12-20T03:55:53.950Z
407967,1084433,2025-12-19T10:45:18.000Z,1900-01-01T00:00:00.000Z,2025-12-18T11:35:09.000Z,2025-12-18T15:36:33.000Z,1900-01-01T00:00:00.000Z,1900-01-01T00:00:00.000Z,1900-01-01T00:00:00.000Z,1900-01-01T00:00:00.000Z,1900-01-01T00:00:00.000Z,1900-01-01T00:00:00.000Z,1900-01-01T00:00:00.000Z,1900-01-01T00:00:00.000Z,2025-12-19,userrpa,2025-12-20T03:56:21.220Z
407964,1084851,2025-12-19T10:43:21.000Z,1900-01-01T00:00:00.000Z,2025-12-18T10:00:25.000Z,2025-12-18T15:35:44.000Z,1900-01-01T00:00:00.000Z,1900-01-01T00:00:00.000Z,1900-01-01T00:00:00.000Z,1900-01-01T00:00:00.000Z,1900-01-01T00:00:00.000Z,1900-01-01T00:00:00.000Z,1900-01-01T00:00:00.000Z,1900-01-01T00:00:00.000Z,2025-12-19,userrpa,2025-12-20T03:56:20.280Z
407875,1085091,2025-12-19T10:02:37.000Z,1900-01-01T00:00:00.000Z,2025-12-18T13:09:50.000Z,2025-12-19T10:01:04.000Z,1900-01-01T00:00:00.000Z,1900-01-01T00:00:00.000Z,1900-01-01T00:00:00.000Z,1900-01-01T00:00:00.000Z,1900-01-01T00:00:00.000Z,2025-12-19T10:02:22.000Z,1900-01-01T00:00:00.000Z,1900-01-01T00:00:00.000Z,2025-12-19,userrpa,2025-12-20T03:55:52.330Z